[     662ms] [ERROR] Failed to load resource: the server responded with a status of 404 (Not Found) @ http://localhost:3002/:0
[     835ms] [INFO] %cDownload the React DevTools for a better development experience: https://react.dev/link/react-devtools font-weight:bold @ webpack-internal:///(app-pages-browser)/./node_modules/next/dist/compiled/react-dom/cjs/react-dom-client.development.js:24650
[     993ms] [ERROR] Failed to load resource: the server responded with a status of 404 (Not Found) @ http://localhost:3002/?_rsc=m9i8f:0
[    1004ms] [LOG] [Fast Refresh] rebuilding @ webpack-internal:///(app-pages-browser)/./node_modules/next/dist/client/components/react-dev-overlay/app/hot-reloader-client.js:240
[    1025ms] [LOG] [Fast Refresh] done in 21ms @ webpack-internal:///(app-pages-browser)/./node_modules/next/dist/client/components/react-dev-overlay/app/hot-reloader-client.js:67
[    1331ms] [LOG] [Fast Refresh] rebuilding @ webpack-internal:///(app-pages-browser)/./node_modules/next/dist/client/components/react-dev-overlay/app/hot-reloader-client.js:240
[    1338ms] [LOG] [Fast Refresh] done in 7ms @ webpack-internal:///(app-pages-browser)/./node_modules/next/dist/client/components/react-dev-overlay/app/hot-reloader-client.js:67
[    1346ms] [LOG] [Fast Refresh] done in 14ms @ webpack-internal:///(app-pages-browser)/./node_modules/next/dist/client/components/react-dev-overlay/app/hot-reloader-client.js:67
[    1348ms] [LOG] [Fast Refresh] rebuilding @ webpack-internal:///(app-pages-browser)/./node_modules/next/dist/client/components/react-dev-overlay/app/hot-reloader-client.js:240
[    1434ms] [LOG] [Fast Refresh] rebuilding @ webpack-internal:///(app-pages-browser)/./node_modules/next/dist/client/components/react-dev-overlay/app/hot-reloader-client.js:240
[    1436ms] [LOG] [Fast Refresh] done in 2ms @ webpack-internal:///(app-pages-browser)/./node_modules/next/dist/client/components/react-dev-overlay/app/hot-reloader-client.js:67
[    1438ms] [ERROR] Failed to load resource: the server responded with a status of 404 (Not Found) @ http://localhost:3002/?_rsc=m9i8f:0
[    1453ms] [ERROR] Failed to load resource: the server responded with a status of 404 (Not Found) @ http://localhost:3002/:0
[    1671ms] [INFO] %cDownload the React DevTools for a better development experience: https://react.dev/link/react-devtools font-weight:bold @ webpack-internal:///(app-pages-browser)/./node_modules/next/dist/compiled/react-dom/cjs/react-dom-client.development.js:24650
[    1735ms] [ERROR] Failed to load resource: the server responded with a status of 404 (Not Found) @ http://localhost:3002/?_rsc=m9i8f:0
[    1752ms] [LOG] [Fast Refresh] rebuilding @ webpack-internal:///(app-pages-browser)/./node_modules/next/dist/client/components/react-dev-overlay/app/hot-reloader-client.js:240
[    1752ms] [WARNING] [Fast Refresh] performing full reload

Fast Refresh will perform a full reload when you edit a file that's imported by modules outside of the React rendering tree.
You might have a file which exports a React component but also exports a value that is imported by a non-React component file.
Consider migrating the non-React component export to a separate file and importing it into both files.

It is also possible the parent component of the component you edited is a class component, which disables Fast Refresh.
Fast Refresh requires at least one parent function component in your React tree. @ webpack-internal:///(app-pages-browser)/./node_modules/next/dist/client/components/react-dev-overlay/app/hot-reloader-client.js:138
[    1753ms] [ERROR] Failed to load resource: the server responded with a status of 404 (Not Found) @ http://localhost:3002/:0
[    1946ms] [INFO] %cDownload the React DevTools for a better development experience: https://react.dev/link/react-devtools font-weight:bold @ webpack-internal:///(app-pages-browser)/./node_modules/next/dist/compiled/react-dom/cjs/react-dom-client.development.js:24650
[    2000ms] [ERROR] Failed to load resource: the server responded with a status of 404 (Not Found) @ http://localhost:3002/favicon.ico:0
[    2005ms] [ERROR] Failed to load resource: the server responded with a status of 404 (Not Found) @ http://localhost:3002/?_rsc=m9i8f:0
[    2009ms] [LOG] [Fast Refresh] rebuilding @ webpack-internal:///(app-pages-browser)/./node_modules/next/dist/client/components/react-dev-overlay/app/hot-reloader-client.js:240
[    2010ms] [LOG] [Fast Refresh] done in 1ms @ webpack-internal:///(app-pages-browser)/./node_modules/next/dist/client/components/react-dev-overlay/app/hot-reloader-client.js:67
[    2015ms] [LOG] [Fast Refresh] done in 7ms @ webpack-internal:///(app-pages-browser)/./node_modules/next/dist/client/components/react-dev-overlay/app/hot-reloader-client.js:67
[    2021ms] [LOG] [Fast Refresh] done in 12ms @ webpack-internal:///(app-pages-browser)/./node_modules/next/dist/client/components/react-dev-overlay/app/hot-reloader-client.js:67
[    2037ms] [LOG] [Fast Refresh] rebuilding @ webpack-internal:///(app-pages-browser)/./node_modules/next/dist/client/components/react-dev-overlay/app/hot-reloader-client.js:240
[    2041ms] [LOG] [Fast Refresh] done in 4ms @ webpack-internal:///(app-pages-browser)/./node_modules/next/dist/client/components/react-dev-overlay/app/hot-reloader-client.js:67
[    2071ms] [LOG] [Fast Refresh] done in 35ms @ webpack-internal:///(app-pages-browser)/./node_modules/next/dist/client/components/react-dev-overlay/app/hot-reloader-client.js:67
[    2072ms] [LOG] [Fast Refresh] rebuilding @ webpack-internal:///(app-pages-browser)/./node_modules/next/dist/client/components/react-dev-overlay/app/hot-reloader-client.js:240
[    2111ms] [LOG] [Fast Refresh] rebuilding @ webpack-internal:///(app-pages-browser)/./node_modules/next/dist/client/components/react-dev-overlay/app/hot-reloader-client.js:240
[    2115ms] [LOG] [Fast Refresh] done in 3ms @ webpack-internal:///(app-pages-browser)/./node_modules/next/dist/client/components/react-dev-overlay/app/hot-reloader-client.js:67
[    2167ms] [ERROR] Failed to load resource: the server responded with a status of 404 (Not Found) @ http://localhost:3002/?_rsc=m9i8f:0
[    2172ms] [LOG] [Fast Refresh] rebuilding @ webpack-internal:///(app-pages-browser)/./node_modules/next/dist/client/components/react-dev-overlay/app/hot-reloader-client.js:240
[    2174ms] [LOG] [Fast Refresh] done in 3ms @ webpack-internal:///(app-pages-browser)/./node_modules/next/dist/client/components/react-dev-overlay/app/hot-reloader-client.js:67
[    2177ms] [ERROR] Failed to load resource: the server responded with a status of 404 (Not Found) @ http://localhost:3002/?_rsc=m9i8f:0
[    2182ms] [ERROR] Failed to load resource: the server responded with a status of 404 (Not Found) @ http://localhost:3002/:0
[    2362ms] [INFO] %cDownload the React DevTools for a better development experience: https://react.dev/link/react-devtools font-weight:bold @ webpack-internal:///(app-pages-browser)/./node_modules/next/dist/compiled/react-dom/cjs/react-dom-client.development.js:24650
[    2427ms] [ERROR] Failed to load resource: the server responded with a status of 404 (Not Found) @ http://localhost:3002/?_rsc=m9i8f:0
[    2441ms] [ERROR] Failed to load resource: the server responded with a status of 404 (Not Found) @ http://localhost:3002/:0
[    2600ms] [INFO] %cDownload the React DevTools for a better development experience: https://react.dev/link/react-devtools font-weight:bold @ webpack-internal:///(app-pages-browser)/./node_modules/next/dist/compiled/react-dom/cjs/react-dom-client.development.js:24650
[    2648ms] [ERROR] Failed to load resource: the server responded with a status of 404 (Not Found) @ http://localhost:3002/?_rsc=m9i8f:0
[    2660ms] [ERROR] Failed to load resource: the server responded with a status of 404 (Not Found) @ http://localhost:3002/:0
[    2817ms] [INFO] %cDownload the React DevTools for a better development experience: https://react.dev/link/react-devtools font-weight:bold @ webpack-internal:///(app-pages-browser)/./node_modules/next/dist/compiled/react-dom/cjs/react-dom-client.development.js:24650
[    2864ms] [ERROR] Failed to load resource: the server responded with a status of 404 (Not Found) @ http://localhost:3002/?_rsc=m9i8f:0
[    2880ms] [LOG] [Fast Refresh] rebuilding @ webpack-internal:///(app-pages-browser)/./node_modules/next/dist/client/components/react-dev-overlay/app/hot-reloader-client.js:240
[    2881ms] [ERROR] Failed to load resource: the server responded with a status of 404 (Not Found) @ http://localhost:3002/:0
[    3051ms] [INFO] %cDownload the React DevTools for a better development experience: https://react.dev/link/react-devtools font-weight:bold @ webpack-internal:///(app-pages-browser)/./node_modules/next/dist/compiled/react-dom/cjs/react-dom-client.development.js:24650
[    3099ms] [ERROR] Failed to load resource: the server responded with a status of 404 (Not Found) @ http://localhost:3002/?_rsc=m9i8f:0
[    3112ms] [WARNING] [Fast Refresh] performing full reload

Fast Refresh will perform a full reload when you edit a file that's imported by modules outside of the React rendering tree.
You might have a file which exports a React component but also exports a value that is imported by a non-React component file.
Consider migrating the non-React component export to a separate file and importing it into both files.

It is also possible the parent component of the component you edited is a class component, which disables Fast Refresh.
Fast Refresh requires at least one parent function component in your React tree. @ webpack-internal:///(app-pages-browser)/./node_modules/next/dist/client/components/react-dev-overlay/app/hot-reloader-client.js:138
[    3113ms] [ERROR] Failed to load resource: the server responded with a status of 404 (Not Found) @ http://localhost:3002/:0
[    3375ms] [INFO] %cDownload the React DevTools for a better development experience: https://react.dev/link/react-devtools font-weight:bold @ webpack-internal:///(app-pages-browser)/./node_modules/next/dist/compiled/react-dom/cjs/react-dom-client.development.js:24650
[    3413ms] [ERROR] Failed to load resource: the server responded with a status of 404 (Not Found) @ http://localhost:3002/?_rsc=m9i8f:0
[    3426ms] [WARNING] [Fast Refresh] performing full reload

Fast Refresh will perform a full reload when you edit a file that's imported by modules outside of the React rendering tree.
You might have a file which exports a React component but also exports a value that is imported by a non-React component file.
Consider migrating the non-React component export to a separate file and importing it into both files.

It is also possible the parent component of the component you edited is a class component, which disables Fast Refresh.
Fast Refresh requires at least one parent function component in your React tree. @ webpack-internal:///(app-pages-browser)/./node_modules/next/dist/client/components/react-dev-overlay/app/hot-reloader-client.js:138
[    3426ms] [ERROR] Failed to load resource: the server responded with a status of 404 (Not Found) @ http://localhost:3002/:0
[    3590ms] [INFO] %cDownload the React DevTools for a better development experience: https://react.dev/link/react-devtools font-weight:bold @ webpack-internal:///(app-pages-browser)/./node_modules/next/dist/compiled/react-dom/cjs/react-dom-client.development.js:24650
[    3622ms] [LOG] [Fast Refresh] rebuilding @ webpack-internal:///(app-pages-browser)/./node_modules/next/dist/client/components/react-dev-overlay/app/hot-reloader-client.js:240
[    3658ms] [ERROR] Failed to load resource: the server responded with a status of 404 (Not Found) @ http://localhost:3002/?_rsc=m9i8f:0
[    3660ms] [LOG] [Fast Refresh] done in 38ms @ webpack-internal:///(app-pages-browser)/./node_modules/next/dist/client/components/react-dev-overlay/app/hot-reloader-client.js:67
[    3667ms] [LOG] [Fast Refresh] done in 45ms @ webpack-internal:///(app-pages-browser)/./node_modules/next/dist/client/components/react-dev-overlay/app/hot-reloader-client.js:67
[    3674ms] [ERROR] Failed to load resource: the server responded with a status of 404 (Not Found) @ http://localhost:3002/:0
[    3874ms] [INFO] %cDownload the React DevTools for a better development experience: https://react.dev/link/react-devtools font-weight:bold @ webpack-internal:///(app-pages-browser)/./node_modules/next/dist/compiled/react-dom/cjs/react-dom-client.development.js:24650
[    3921ms] [ERROR] Failed to load resource: the server responded with a status of 404 (Not Found) @ http://localhost:3002/?_rsc=m9i8f:0
[    3937ms] [LOG] [Fast Refresh] rebuilding @ webpack-internal:///(app-pages-browser)/./node_modules/next/dist/client/components/react-dev-overlay/app/hot-reloader-client.js:240
[    3937ms] [WARNING] [Fast Refresh] performing full reload

Fast Refresh will perform a full reload when you edit a file that's imported by modules outside of the React rendering tree.
You might have a file which exports a React component but also exports a value that is imported by a non-React component file.
Consider migrating the non-React component export to a separate file and importing it into both files.

It is also possible the parent component of the component you edited is a class component, which disables Fast Refresh.
Fast Refresh requires at least one parent function component in your React tree. @ webpack-internal:///(app-pages-browser)/./node_modules/next/dist/client/components/react-dev-overlay/app/hot-reloader-client.js:138
[    3938ms] [ERROR] Failed to load resource: the server responded with a status of 404 (Not Found) @ http://localhost:3002/:0
[    4107ms] [INFO] %cDownload the React DevTools for a better development experience: https://react.dev/link/react-devtools font-weight:bold @ webpack-internal:///(app-pages-browser)/./node_modules/next/dist/compiled/react-dom/cjs/react-dom-client.development.js:24650
[    4155ms] [ERROR] Failed to load resource: the server responded with a status of 404 (Not Found) @ http://localhost:3002/?_rsc=m9i8f:0
[    4168ms] [WARNING] [Fast Refresh] performing full reload

Fast Refresh will perform a full reload when you edit a file that's imported by modules outside of the React rendering tree.
You might have a file which exports a React component but also exports a value that is imported by a non-React component file.
Consider migrating the non-React component export to a separate file and importing it into both files.

It is also possible the parent component of the component you edited is a class component, which disables Fast Refresh.
Fast Refresh requires at least one parent function component in your React tree. @ webpack-internal:///(app-pages-browser)/./node_modules/next/dist/client/components/react-dev-overlay/app/hot-reloader-client.js:138
[    4168ms] [ERROR] Failed to load resource: the server responded with a status of 404 (Not Found) @ http://localhost:3002/:0
[    4321ms] [INFO] %cDownload the React DevTools for a better development experience: https://react.dev/link/react-devtools font-weight:bold @ webpack-internal:///(app-pages-browser)/./node_modules/next/dist/compiled/react-dom/cjs/react-dom-client.development.js:24650
[    4362ms] [ERROR] Failed to load resource: the server responded with a status of 404 (Not Found) @ http://localhost:3002/?_rsc=m9i8f:0
[    4375ms] [ERROR] Failed to load resource: the server responded with a status of 404 (Not Found) @ http://localhost:3002/:0
[    4548ms] [INFO] %cDownload the React DevTools for a better development experience: https://react.dev/link/react-devtools font-weight:bold @ webpack-internal:///(app-pages-browser)/./node_modules/next/dist/compiled/react-dom/cjs/react-dom-client.development.js:24650
[    4597ms] [ERROR] Failed to load resource: the server responded with a status of 404 (Not Found) @ http://localhost:3002/?_rsc=m9i8f:0
[    4610ms] [ERROR] Failed to load resource: the server responded with a status of 404 (Not Found) @ http://localhost:3002/:0
[    4768ms] [INFO] %cDownload the React DevTools for a better development experience: https://react.dev/link/react-devtools font-weight:bold @ webpack-internal:///(app-pages-browser)/./node_modules/next/dist/compiled/react-dom/cjs/react-dom-client.development.js:24650
[    4814ms] [ERROR] Failed to load resource: the server responded with a status of 404 (Not Found) @ http://localhost:3002/?_rsc=m9i8f:0
[    4826ms] [ERROR] Failed to load resource: the server responded with a status of 404 (Not Found) @ http://localhost:3002/:0
[    4987ms] [INFO] %cDownload the React DevTools for a better development experience: https://react.dev/link/react-devtools font-weight:bold @ webpack-internal:///(app-pages-browser)/./node_modules/next/dist/compiled/react-dom/cjs/react-dom-client.development.js:24650
[    5033ms] [ERROR] Failed to load resource: the server responded with a status of 404 (Not Found) @ http://localhost:3002/?_rsc=m9i8f:0
[    5047ms] [ERROR] Failed to load resource: the server responded with a status of 404 (Not Found) @ http://localhost:3002/:0
[    5206ms] [INFO] %cDownload the React DevTools for a better development experience: https://react.dev/link/react-devtools font-weight:bold @ webpack-internal:///(app-pages-browser)/./node_modules/next/dist/compiled/react-dom/cjs/react-dom-client.development.js:24650
[    5251ms] [ERROR] Failed to load resource: the server responded with a status of 404 (Not Found) @ http://localhost:3002/?_rsc=m9i8f:0
[    5264ms] [ERROR] Failed to load resource: the server responded with a status of 404 (Not Found) @ http://localhost:3002/:0
[    5424ms] [INFO] %cDownload the React DevTools for a better development experience: https://react.dev/link/react-devtools font-weight:bold @ webpack-internal:///(app-pages-browser)/./node_modules/next/dist/compiled/react-dom/cjs/react-dom-client.development.js:24650
[    5470ms] [ERROR] Failed to load resource: the server responded with a status of 404 (Not Found) @ http://localhost:3002/?_rsc=m9i8f:0
[    5483ms] [ERROR] Failed to load resource: the server responded with a status of 404 (Not Found) @ http://localhost:3002/:0
[    5644ms] [INFO] %cDownload the React DevTools for a better development experience: https://react.dev/link/react-devtools font-weight:bold @ webpack-internal:///(app-pages-browser)/./node_modules/next/dist/compiled/react-dom/cjs/react-dom-client.development.js:24650
[    5689ms] [ERROR] Failed to load resource: the server responded with a status of 404 (Not Found) @ http://localhost:3002/?_rsc=m9i8f:0
[    5701ms] [ERROR] Failed to load resource: the server responded with a status of 404 (Not Found) @ http://localhost:3002/:0
[    5859ms] [INFO] %cDownload the React DevTools for a better development experience: https://react.dev/link/react-devtools font-weight:bold @ webpack-internal:///(app-pages-browser)/./node_modules/next/dist/compiled/react-dom/cjs/react-dom-client.development.js:24650
[    5905ms] [ERROR] Failed to load resource: the server responded with a status of 404 (Not Found) @ http://localhost:3002/?_rsc=m9i8f:0
[    5917ms] [ERROR] Failed to load resource: the server responded with a status of 404 (Not Found) @ http://localhost:3002/:0
[    6075ms] [INFO] %cDownload the React DevTools for a better development experience: https://react.dev/link/react-devtools font-weight:bold @ webpack-internal:///(app-pages-browser)/./node_modules/next/dist/compiled/react-dom/cjs/react-dom-client.development.js:24650
[    6126ms] [ERROR] Failed to load resource: the server responded with a status of 404 (Not Found) @ http://localhost:3002/?_rsc=m9i8f:0
[    6138ms] [LOG] [Fast Refresh] rebuilding @ webpack-internal:///(app-pages-browser)/./node_modules/next/dist/client/components/react-dev-overlay/app/hot-reloader-client.js:240
[    6140ms] [ERROR] Failed to load resource: the server responded with a status of 404 (Not Found) @ http://localhost:3002/:0
[    6334ms] [INFO] %cDownload the React DevTools for a better development experience: https://react.dev/link/react-devtools font-weight:bold @ webpack-internal:///(app-pages-browser)/./node_modules/next/dist/compiled/react-dom/cjs/react-dom-client.development.js:24650
[    6394ms] [ERROR] Failed to load resource: the server responded with a status of 404 (Not Found) @ http://localhost:3002/?_rsc=m9i8f:0
[    6412ms] [WARNING] [Fast Refresh] performing full reload

Fast Refresh will perform a full reload when you edit a file that's imported by modules outside of the React rendering tree.
You might have a file which exports a React component but also exports a value that is imported by a non-React component file.
Consider migrating the non-React component export to a separate file and importing it into both files.

It is also possible the parent component of the component you edited is a class component, which disables Fast Refresh.
Fast Refresh requires at least one parent function component in your React tree. @ webpack-internal:///(app-pages-browser)/./node_modules/next/dist/client/components/react-dev-overlay/app/hot-reloader-client.js:138
[    6413ms] [ERROR] Failed to load resource: the server responded with a status of 404 (Not Found) @ http://localhost:3002/:0
[    6569ms] [INFO] %cDownload the React DevTools for a better development experience: https://react.dev/link/react-devtools font-weight:bold @ webpack-internal:///(app-pages-browser)/./node_modules/next/dist/compiled/react-dom/cjs/react-dom-client.development.js:24650
[    6600ms] [LOG] [Fast Refresh] rebuilding @ webpack-internal:///(app-pages-browser)/./node_modules/next/dist/client/components/react-dev-overlay/app/hot-reloader-client.js:240
[    6633ms] [ERROR] Failed to load resource: the server responded with a status of 404 (Not Found) @ http://localhost:3002/?_rsc=m9i8f:0
[    6635ms] [LOG] [Fast Refresh] done in 34ms @ webpack-internal:///(app-pages-browser)/./node_modules/next/dist/client/components/react-dev-overlay/app/hot-reloader-client.js:67
[    6641ms] [LOG] [Fast Refresh] done in 41ms @ webpack-internal:///(app-pages-browser)/./node_modules/next/dist/client/components/react-dev-overlay/app/hot-reloader-client.js:67
[    6646ms] [ERROR] Failed to load resource: the server responded with a status of 404 (Not Found) @ http://localhost:3002/:0
[    6799ms] [INFO] %cDownload the React DevTools for a better development experience: https://react.dev/link/react-devtools font-weight:bold @ webpack-internal:///(app-pages-browser)/./node_modules/next/dist/compiled/react-dom/cjs/react-dom-client.development.js:24650
[    6848ms] [ERROR] Failed to load resource: the server responded with a status of 404 (Not Found) @ http://localhost:3002/?_rsc=m9i8f:0
[    6860ms] [ERROR] Failed to load resource: the server responded with a status of 404 (Not Found) @ http://localhost:3002/:0
[    7016ms] [INFO] %cDownload the React DevTools for a better development experience: https://react.dev/link/react-devtools font-weight:bold @ webpack-internal:///(app-pages-browser)/./node_modules/next/dist/compiled/react-dom/cjs/react-dom-client.development.js:24650
[    7066ms] [ERROR] Failed to load resource: the server responded with a status of 404 (Not Found) @ http://localhost:3002/?_rsc=m9i8f:0
[    7079ms] [ERROR] Failed to load resource: the server responded with a status of 404 (Not Found) @ http://localhost:3002/:0
[    7248ms] [INFO] %cDownload the React DevTools for a better development experience: https://react.dev/link/react-devtools font-weight:bold @ webpack-internal:///(app-pages-browser)/./node_modules/next/dist/compiled/react-dom/cjs/react-dom-client.development.js:24650
[    7301ms] [ERROR] Failed to load resource: the server responded with a status of 404 (Not Found) @ http://localhost:3002/?_rsc=m9i8f:0
[    7312ms] [LOG] [Fast Refresh] rebuilding @ webpack-internal:///(app-pages-browser)/./node_modules/next/dist/client/components/react-dev-overlay/app/hot-reloader-client.js:240
[    7313ms] [LOG] [Fast Refresh] done in 1ms @ webpack-internal:///(app-pages-browser)/./node_modules/next/dist/client/components/react-dev-overlay/app/hot-reloader-client.js:67
[    7314ms] [ERROR] Failed to load resource: the server responded with a status of 404 (Not Found) @ http://localhost:3002/:0
[    7491ms] [INFO] %cDownload the React DevTools for a better development experience: https://react.dev/link/react-devtools font-weight:bold @ webpack-internal:///(app-pages-browser)/./node_modules/next/dist/compiled/react-dom/cjs/react-dom-client.development.js:24650
[    7536ms] [ERROR] Failed to load resource: the server responded with a status of 404 (Not Found) @ http://localhost:3002/?_rsc=m9i8f:0
[    7551ms] [ERROR] Failed to load resource: the server responded with a status of 404 (Not Found) @ http://localhost:3002/:0
[    7711ms] [INFO] %cDownload the React DevTools for a better development experience: https://react.dev/link/react-devtools font-weight:bold @ webpack-internal:///(app-pages-browser)/./node_modules/next/dist/compiled/react-dom/cjs/react-dom-client.development.js:24650
[    7760ms] [ERROR] Failed to load resource: the server responded with a status of 404 (Not Found) @ http://localhost:3002/?_rsc=m9i8f:0
[    7773ms] [ERROR] Failed to load resource: the server responded with a status of 404 (Not Found) @ http://localhost:3002/:0
[    7933ms] [INFO] %cDownload the React DevTools for a better development experience: https://react.dev/link/react-devtools font-weight:bold @ webpack-internal:///(app-pages-browser)/./node_modules/next/dist/compiled/react-dom/cjs/react-dom-client.development.js:24650
[    7979ms] [ERROR] Failed to load resource: the server responded with a status of 404 (Not Found) @ http://localhost:3002/?_rsc=m9i8f:0
[    7991ms] [ERROR] Failed to load resource: the server responded with a status of 404 (Not Found) @ http://localhost:3002/:0
[    8151ms] [INFO] %cDownload the React DevTools for a better development experience: https://react.dev/link/react-devtools font-weight:bold @ webpack-internal:///(app-pages-browser)/./node_modules/next/dist/compiled/react-dom/cjs/react-dom-client.development.js:24650
[    8198ms] [ERROR] Failed to load resource: the server responded with a status of 404 (Not Found) @ http://localhost:3002/?_rsc=m9i8f:0
[    8210ms] [ERROR] Failed to load resource: the server responded with a status of 404 (Not Found) @ http://localhost:3002/:0
[    8369ms] [INFO] %cDownload the React DevTools for a better development experience: https://react.dev/link/react-devtools font-weight:bold @ webpack-internal:///(app-pages-browser)/./node_modules/next/dist/compiled/react-dom/cjs/react-dom-client.development.js:24650
[    8415ms] [ERROR] Failed to load resource: the server responded with a status of 404 (Not Found) @ http://localhost:3002/?_rsc=m9i8f:0
[    8428ms] [ERROR] Failed to load resource: the server responded with a status of 404 (Not Found) @ http://localhost:3002/:0
[    8588ms] [INFO] %cDownload the React DevTools for a better development experience: https://react.dev/link/react-devtools font-weight:bold @ webpack-internal:///(app-pages-browser)/./node_modules/next/dist/compiled/react-dom/cjs/react-dom-client.development.js:24650
[    8639ms] [ERROR] Failed to load resource: the server responded with a status of 404 (Not Found) @ http://localhost:3002/?_rsc=m9i8f:0
[    8651ms] [LOG] [Fast Refresh] rebuilding @ webpack-internal:///(app-pages-browser)/./node_modules/next/dist/client/components/react-dev-overlay/app/hot-reloader-client.js:240
[    8653ms] [ERROR] Failed to load resource: the server responded with a status of 404 (Not Found) @ http://localhost:3002/:0
[    8829ms] [INFO] %cDownload the React DevTools for a better development experience: https://react.dev/link/react-devtools font-weight:bold @ webpack-internal:///(app-pages-browser)/./node_modules/next/dist/compiled/react-dom/cjs/react-dom-client.development.js:24650
[    8883ms] [ERROR] Failed to load resource: the server responded with a status of 404 (Not Found) @ http://localhost:3002/?_rsc=m9i8f:0
[    8893ms] [LOG] [Fast Refresh] rebuilding @ webpack-internal:///(app-pages-browser)/./node_modules/next/dist/client/components/react-dev-overlay/app/hot-reloader-client.js:240
[    8897ms] [ERROR] Failed to load resource: the server responded with a status of 404 (Not Found) @ http://localhost:3002/:0
[    9076ms] [INFO] %cDownload the React DevTools for a better development experience: https://react.dev/link/react-devtools font-weight:bold @ webpack-internal:///(app-pages-browser)/./node_modules/next/dist/compiled/react-dom/cjs/react-dom-client.development.js:24650
[    9107ms] [LOG] [Fast Refresh] rebuilding @ webpack-internal:///(app-pages-browser)/./node_modules/next/dist/client/components/react-dev-overlay/app/hot-reloader-client.js:240
[    9137ms] [ERROR] Failed to load resource: the server responded with a status of 404 (Not Found) @ http://localhost:3002/?_rsc=m9i8f:0
[    9139ms] [LOG] [Fast Refresh] done in 32ms @ webpack-internal:///(app-pages-browser)/./node_modules/next/dist/client/components/react-dev-overlay/app/hot-reloader-client.js:67
[    9146ms] [LOG] [Fast Refresh] done in 40ms @ webpack-internal:///(app-pages-browser)/./node_modules/next/dist/client/components/react-dev-overlay/app/hot-reloader-client.js:67
[    9151ms] [WARNING] [Fast Refresh] performing full reload

Fast Refresh will perform a full reload when you edit a file that's imported by modules outside of the React rendering tree.
You might have a file which exports a React component but also exports a value that is imported by a non-React component file.
Consider migrating the non-React component export to a separate file and importing it into both files.

It is also possible the parent component of the component you edited is a class component, which disables Fast Refresh.
Fast Refresh requires at least one parent function component in your React tree. @ webpack-internal:///(app-pages-browser)/./node_modules/next/dist/client/components/react-dev-overlay/app/hot-reloader-client.js:138
[    9152ms] [ERROR] Failed to load resource: the server responded with a status of 404 (Not Found) @ http://localhost:3002/:0
[    9314ms] [INFO] %cDownload the React DevTools for a better development experience: https://react.dev/link/react-devtools font-weight:bold @ webpack-internal:///(app-pages-browser)/./node_modules/next/dist/compiled/react-dom/cjs/react-dom-client.development.js:24650
[    9362ms] [ERROR] Failed to load resource: the server responded with a status of 404 (Not Found) @ http://localhost:3002/?_rsc=m9i8f:0
[    9375ms] [ERROR] Failed to load resource: the server responded with a status of 404 (Not Found) @ http://localhost:3002/:0
[    9534ms] [INFO] %cDownload the React DevTools for a better development experience: https://react.dev/link/react-devtools font-weight:bold @ webpack-internal:///(app-pages-browser)/./node_modules/next/dist/compiled/react-dom/cjs/react-dom-client.development.js:24650
[    9582ms] [ERROR] Failed to load resource: the server responded with a status of 404 (Not Found) @ http://localhost:3002/?_rsc=m9i8f:0
[    9596ms] [ERROR] Failed to load resource: the server responded with a status of 404 (Not Found) @ http://localhost:3002/:0
[    9764ms] [INFO] %cDownload the React DevTools for a better development experience: https://react.dev/link/react-devtools font-weight:bold @ webpack-internal:///(app-pages-browser)/./node_modules/next/dist/compiled/react-dom/cjs/react-dom-client.development.js:24650
[    9916ms] [ERROR] Failed to load resource: the server responded with a status of 404 (Not Found) @ http://localhost:3002/?_rsc=m9i8f:0
[    9917ms] [LOG] [Fast Refresh] rebuilding @ webpack-internal:///(app-pages-browser)/./node_modules/next/dist/client/components/react-dev-overlay/app/hot-reloader-client.js:240
[    9919ms] [LOG] [Fast Refresh] done in 1ms @ webpack-internal:///(app-pages-browser)/./node_modules/next/dist/client/components/react-dev-overlay/app/hot-reloader-client.js:67
[    9934ms] [LOG] [Fast Refresh] done in 16ms @ webpack-internal:///(app-pages-browser)/./node_modules/next/dist/client/components/react-dev-overlay/app/hot-reloader-client.js:67
[    9953ms] [LOG] [Fast Refresh] rebuilding @ webpack-internal:///(app-pages-browser)/./node_modules/next/dist/client/components/react-dev-overlay/app/hot-reloader-client.js:240
[    9958ms] [LOG] [Fast Refresh] done in 5ms @ webpack-internal:///(app-pages-browser)/./node_modules/next/dist/client/components/react-dev-overlay/app/hot-reloader-client.js:67
[   10027ms] [ERROR] Failed to load resource: the server responded with a status of 404 (Not Found) @ http://localhost:3002/?_rsc=m9i8f:0
[   10027ms] [LOG] [Fast Refresh] done in 74ms @ webpack-internal:///(app-pages-browser)/./node_modules/next/dist/client/components/react-dev-overlay/app/hot-reloader-client.js:67
[   10031ms] [ERROR] Failed to load resource: the server responded with a status of 404 (Not Found) @ http://localhost:3002/:0
[   10191ms] [INFO] %cDownload the React DevTools for a better development experience: https://react.dev/link/react-devtools font-weight:bold @ webpack-internal:///(app-pages-browser)/./node_modules/next/dist/compiled/react-dom/cjs/react-dom-client.development.js:24650
[   10239ms] [ERROR] Failed to load resource: the server responded with a status of 404 (Not Found) @ http://localhost:3002/?_rsc=m9i8f:0
[   10258ms] [LOG] [Fast Refresh] rebuilding @ webpack-internal:///(app-pages-browser)/./node_modules/next/dist/client/components/react-dev-overlay/app/hot-reloader-client.js:240
[   10258ms] [LOG] [Fast Refresh] done in 1ms @ webpack-internal:///(app-pages-browser)/./node_modules/next/dist/client/components/react-dev-overlay/app/hot-reloader-client.js:67
[   10268ms] [ERROR] Failed to load resource: the server responded with a status of 404 (Not Found) @ http://localhost:3002/:0
[   10438ms] [INFO] %cDownload the React DevTools for a better development experience: https://react.dev/link/react-devtools font-weight:bold @ webpack-internal:///(app-pages-browser)/./node_modules/next/dist/compiled/react-dom/cjs/react-dom-client.development.js:24650
[   10482ms] [ERROR] Failed to load resource: the server responded with a status of 404 (Not Found) @ http://localhost:3002/?_rsc=m9i8f:0
[   10493ms] [ERROR] Failed to load resource: the server responded with a status of 404 (Not Found) @ http://localhost:3002/:0
[   10650ms] [INFO] %cDownload the React DevTools for a better development experience: https://react.dev/link/react-devtools font-weight:bold @ webpack-internal:///(app-pages-browser)/./node_modules/next/dist/compiled/react-dom/cjs/react-dom-client.development.js:24650
[   10695ms] [ERROR] Failed to load resource: the server responded with a status of 404 (Not Found) @ http://localhost:3002/?_rsc=m9i8f:0
[   10706ms] [ERROR] Failed to load resource: the server responded with a status of 404 (Not Found) @ http://localhost:3002/:0
[   10864ms] [INFO] %cDownload the React DevTools for a better development experience: https://react.dev/link/react-devtools font-weight:bold @ webpack-internal:///(app-pages-browser)/./node_modules/next/dist/compiled/react-dom/cjs/react-dom-client.development.js:24650
[   10917ms] [LOG] [Fast Refresh] rebuilding @ webpack-internal:///(app-pages-browser)/./node_modules/next/dist/client/components/react-dev-overlay/app/hot-reloader-client.js:240
[   10944ms] [ERROR] Failed to load resource: the server responded with a status of 404 (Not Found) @ http://localhost:3002/?_rsc=m9i8f:0
[   10946ms] [LOG] [Fast Refresh] done in 29ms @ webpack-internal:///(app-pages-browser)/./node_modules/next/dist/client/components/react-dev-overlay/app/hot-reloader-client.js:67
[   10947ms] [LOG] [Fast Refresh] done in 31ms @ webpack-internal:///(app-pages-browser)/./node_modules/next/dist/client/components/react-dev-overlay/app/hot-reloader-client.js:67
[   10954ms] [ERROR] Failed to load resource: the server responded with a status of 404 (Not Found) @ http://localhost:3002/:0
[   11112ms] [INFO] %cDownload the React DevTools for a better development experience: https://react.dev/link/react-devtools font-weight:bold @ webpack-internal:///(app-pages-browser)/./node_modules/next/dist/compiled/react-dom/cjs/react-dom-client.development.js:24650
[   11157ms] [ERROR] Failed to load resource: the server responded with a status of 404 (Not Found) @ http://localhost:3002/?_rsc=m9i8f:0
[   11167ms] [ERROR] Failed to load resource: the server responded with a status of 404 (Not Found) @ http://localhost:3002/:0
[   11327ms] [INFO] %cDownload the React DevTools for a better development experience: https://react.dev/link/react-devtools font-weight:bold @ webpack-internal:///(app-pages-browser)/./node_modules/next/dist/compiled/react-dom/cjs/react-dom-client.development.js:24650
[   11372ms] [ERROR] Failed to load resource: the server responded with a status of 404 (Not Found) @ http://localhost:3002/?_rsc=m9i8f:0
[   11383ms] [ERROR] Failed to load resource: the server responded with a status of 404 (Not Found) @ http://localhost:3002/:0
[   11541ms] [INFO] %cDownload the React DevTools for a better development experience: https://react.dev/link/react-devtools font-weight:bold @ webpack-internal:///(app-pages-browser)/./node_modules/next/dist/compiled/react-dom/cjs/react-dom-client.development.js:24650
[   11587ms] [ERROR] Failed to load resource: the server responded with a status of 404 (Not Found) @ http://localhost:3002/?_rsc=m9i8f:0
[   11600ms] [ERROR] Failed to load resource: the server responded with a status of 404 (Not Found) @ http://localhost:3002/:0
[   11754ms] [INFO] %cDownload the React DevTools for a better development experience: https://react.dev/link/react-devtools font-weight:bold @ webpack-internal:///(app-pages-browser)/./node_modules/next/dist/compiled/react-dom/cjs/react-dom-client.development.js:24650
[   11793ms] [LOG] [Fast Refresh] rebuilding @ webpack-internal:///(app-pages-browser)/./node_modules/next/dist/client/components/react-dev-overlay/app/hot-reloader-client.js:240
[   11824ms] [ERROR] Failed to load resource: the server responded with a status of 404 (Not Found) @ http://localhost:3002/?_rsc=m9i8f:0
[   11826ms] [LOG] [Fast Refresh] done in 33ms @ webpack-internal:///(app-pages-browser)/./node_modules/next/dist/client/components/react-dev-overlay/app/hot-reloader-client.js:67
[   11828ms] [LOG] [Fast Refresh] done in 36ms @ webpack-internal:///(app-pages-browser)/./node_modules/next/dist/client/components/react-dev-overlay/app/hot-reloader-client.js:67
[   11835ms] [ERROR] Failed to load resource: the server responded with a status of 404 (Not Found) @ http://localhost:3002/:0
[   11990ms] [INFO] %cDownload the React DevTools for a better development experience: https://react.dev/link/react-devtools font-weight:bold @ webpack-internal:///(app-pages-browser)/./node_modules/next/dist/compiled/react-dom/cjs/react-dom-client.development.js:24650
[   12039ms] [ERROR] Failed to load resource: the server responded with a status of 404 (Not Found) @ http://localhost:3002/?_rsc=m9i8f:0
[   12050ms] [ERROR] Failed to load resource: the server responded with a status of 404 (Not Found) @ http://localhost:3002/:0
[   12205ms] [INFO] %cDownload the React DevTools for a better development experience: https://react.dev/link/react-devtools font-weight:bold @ webpack-internal:///(app-pages-browser)/./node_modules/next/dist/compiled/react-dom/cjs/react-dom-client.development.js:24650
[   12254ms] [ERROR] Failed to load resource: the server responded with a status of 404 (Not Found) @ http://localhost:3002/?_rsc=m9i8f:0
[   12279ms] [ERROR] Failed to load resource: the server responded with a status of 404 (Not Found) @ http://localhost:3002/:0
[   12451ms] [INFO] %cDownload the React DevTools for a better development experience: https://react.dev/link/react-devtools font-weight:bold @ webpack-internal:///(app-pages-browser)/./node_modules/next/dist/compiled/react-dom/cjs/react-dom-client.development.js:24650
[   12499ms] [ERROR] Failed to load resource: the server responded with a status of 404 (Not Found) @ http://localhost:3002/?_rsc=m9i8f:0
[   12510ms] [ERROR] Failed to load resource: the server responded with a status of 404 (Not Found) @ http://localhost:3002/:0
[   12665ms] [INFO] %cDownload the React DevTools for a better development experience: https://react.dev/link/react-devtools font-weight:bold @ webpack-internal:///(app-pages-browser)/./node_modules/next/dist/compiled/react-dom/cjs/react-dom-client.development.js:24650
[   12713ms] [ERROR] Failed to load resource: the server responded with a status of 404 (Not Found) @ http://localhost:3002/?_rsc=m9i8f:0
[   12724ms] [ERROR] Failed to load resource: the server responded with a status of 404 (Not Found) @ http://localhost:3002/:0
[   12880ms] [INFO] %cDownload the React DevTools for a better development experience: https://react.dev/link/react-devtools font-weight:bold @ webpack-internal:///(app-pages-browser)/./node_modules/next/dist/compiled/react-dom/cjs/react-dom-client.development.js:24650
[   12929ms] [ERROR] Failed to load resource: the server responded with a status of 404 (Not Found) @ http://localhost:3002/?_rsc=m9i8f:0
[   12941ms] [ERROR] Failed to load resource: the server responded with a status of 404 (Not Found) @ http://localhost:3002/:0
[   13097ms] [INFO] %cDownload the React DevTools for a better development experience: https://react.dev/link/react-devtools font-weight:bold @ webpack-internal:///(app-pages-browser)/./node_modules/next/dist/compiled/react-dom/cjs/react-dom-client.development.js:24650
[   13144ms] [ERROR] Failed to load resource: the server responded with a status of 404 (Not Found) @ http://localhost:3002/?_rsc=m9i8f:0
[   13155ms] [ERROR] Failed to load resource: the server responded with a status of 404 (Not Found) @ http://localhost:3002/:0
[   13307ms] [INFO] %cDownload the React DevTools for a better development experience: https://react.dev/link/react-devtools font-weight:bold @ webpack-internal:///(app-pages-browser)/./node_modules/next/dist/compiled/react-dom/cjs/react-dom-client.development.js:24650
[   13351ms] [ERROR] Failed to load resource: the server responded with a status of 404 (Not Found) @ http://localhost:3002/?_rsc=m9i8f:0
[   13364ms] [ERROR] Failed to load resource: the server responded with a status of 404 (Not Found) @ http://localhost:3002/:0
[   13516ms] [INFO] %cDownload the React DevTools for a better development experience: https://react.dev/link/react-devtools font-weight:bold @ webpack-internal:///(app-pages-browser)/./node_modules/next/dist/compiled/react-dom/cjs/react-dom-client.development.js:24650
[   13559ms] [LOG] [Fast Refresh] rebuilding @ webpack-internal:///(app-pages-browser)/./node_modules/next/dist/client/components/react-dev-overlay/app/hot-reloader-client.js:240
[   13587ms] [ERROR] Failed to load resource: the server responded with a status of 404 (Not Found) @ http://localhost:3002/?_rsc=m9i8f:0
[   13588ms] [LOG] [Fast Refresh] done in 30ms @ webpack-internal:///(app-pages-browser)/./node_modules/next/dist/client/components/react-dev-overlay/app/hot-reloader-client.js:67
[   13590ms] [LOG] [Fast Refresh] done in 32ms @ webpack-internal:///(app-pages-browser)/./node_modules/next/dist/client/components/react-dev-overlay/app/hot-reloader-client.js:67
[   13597ms] [ERROR] Failed to load resource: the server responded with a status of 404 (Not Found) @ http://localhost:3002/:0
[   13764ms] [INFO] %cDownload the React DevTools for a better development experience: https://react.dev/link/react-devtools font-weight:bold @ webpack-internal:///(app-pages-browser)/./node_modules/next/dist/compiled/react-dom/cjs/react-dom-client.development.js:24650
[   13810ms] [LOG] [Fast Refresh] rebuilding @ webpack-internal:///(app-pages-browser)/./node_modules/next/dist/client/components/react-dev-overlay/app/hot-reloader-client.js:240
[   13849ms] [LOG] [Fast Refresh] done in 40ms @ webpack-internal:///(app-pages-browser)/./node_modules/next/dist/client/components/react-dev-overlay/app/hot-reloader-client.js:67
[   13855ms] [LOG] [Fast Refresh] done in 45ms @ webpack-internal:///(app-pages-browser)/./node_modules/next/dist/client/components/react-dev-overlay/app/hot-reloader-client.js:67
[   13864ms] [LOG] [Fast Refresh] rebuilding @ webpack-internal:///(app-pages-browser)/./node_modules/next/dist/client/components/react-dev-overlay/app/hot-reloader-client.js:240
[   13927ms] [ERROR] Failed to load resource: the server responded with a status of 404 (Not Found) @ http://localhost:3002/?_rsc=m9i8f:0
[   13928ms] [LOG] [Fast Refresh] rebuilding @ webpack-internal:///(app-pages-browser)/./node_modules/next/dist/client/components/react-dev-overlay/app/hot-reloader-client.js:240
[   13928ms] [LOG] [Fast Refresh] done in 0ms @ webpack-internal:///(app-pages-browser)/./node_modules/next/dist/client/components/react-dev-overlay/app/hot-reloader-client.js:67
[   13954ms] [LOG] [Fast Refresh] rebuilding @ webpack-internal:///(app-pages-browser)/./node_modules/next/dist/client/components/react-dev-overlay/app/hot-reloader-client.js:240
[   13957ms] [LOG] [Fast Refresh] done in 2ms @ webpack-internal:///(app-pages-browser)/./node_modules/next/dist/client/components/react-dev-overlay/app/hot-reloader-client.js:67
[   14020ms] [ERROR] Failed to fetch RSC payload for http://localhost:3002/. Falling back to browser navigation. TypeError: Failed to fetch
    at createFetch (webpack-internal:///(app-pages-browser)/./node_modules/next/dist/client/components/router-reducer/fetch-server-response.js:154:12)
    at fetchServerResponse (webpack-internal:///(app-pages-browser)/./node_modules/next/dist/client/components/router-reducer/fetch-server-response.js:82:27)
    at hmrRefreshReducerImpl (webpack-internal:///(app-pages-browser)/./node_modules/next/dist/client/components/router-reducer/reducers/hmr-refresh-reducer.js:33:67)
    at clientReducer (webpack-internal:///(app-pages-browser)/./node_modules/next/dist/client/components/router-reducer/router-reducer.js:41:65)
    at Object.action (webpack-internal:///(app-pages-browser)/./node_modules/next/dist/shared/lib/router/action-queue.js:130:55)
    at runAction (webpack-internal:///(app-pages-browser)/./node_modules/next/dist/shared/lib/router/action-queue.js:42:38)
    at dispatchAction (webpack-internal:///(app-pages-browser)/./node_modules/next/dist/shared/lib/router/action-queue.js:96:9)
    at Object.dispatch (webpack-internal:///(app-pages-browser)/./node_modules/next/dist/shared/lib/router/action-queue.js:128:40)
    at eval (webpack-internal:///(app-pages-browser)/./node_modules/next/dist/client/components/use-reducer.js:37:21)
    at eval (webpack-internal:///(app-pages-browser)/./node_modules/next/dist/client/components/app-router.js:246:25)
    at exports.startTransition (webpack-internal:///(app-pages-browser)/./node_modules/next/dist/compiled/react/cjs/react.development.js:1427:27)
    at Object.hmrRefresh (webpack-internal:///(app-pages-browser)/./node_modules/next/dist/client/components/app-router.js:245:48)
    at eval (webpack-internal:///(app-pages-browser)/./node_modules/next/dist/client/components/react-dev-overlay/app/hot-reloader-client.js:335:28)
    at exports.startTransition (webpack-internal:///(app-pages-browser)/./node_modules/next/dist/compiled/react/cjs/react.development.js:1427:27)
    at processMessage (webpack-internal:///(app-pages-browser)/./node_modules/next/dist/client/components/react-dev-overlay/app/hot-reloader-client.js:334:44)
    at WebSocket.handler (webpack-internal:///(app-pages-browser)/./node_modules/next/dist/client/components/react-dev-overlay/app/hot-reloader-client.js:508:17) @ webpack-internal:///(app-pages-browser)/./node_modules/next/dist/client/components/globals/intercept-console-error.js:50
[   14022ms] [ERROR] Failed to load resource: the server responded with a status of 404 (Not Found) @ http://localhost:3002/:0
[   14175ms] [INFO] %cDownload the React DevTools for a better development experience: https://react.dev/link/react-devtools font-weight:bold @ webpack-internal:///(app-pages-browser)/./node_modules/next/dist/compiled/react-dom/cjs/react-dom-client.development.js:24650
[   14219ms] [ERROR] Failed to load resource: the server responded with a status of 404 (Not Found) @ http://localhost:3002/?_rsc=m9i8f:0
[   14233ms] [ERROR] Failed to load resource: the server responded with a status of 404 (Not Found) @ http://localhost:3002/:0
[   14384ms] [INFO] %cDownload the React DevTools for a better development experience: https://react.dev/link/react-devtools font-weight:bold @ webpack-internal:///(app-pages-browser)/./node_modules/next/dist/compiled/react-dom/cjs/react-dom-client.development.js:24650
[   14430ms] [ERROR] Failed to load resource: the server responded with a status of 404 (Not Found) @ http://localhost:3002/?_rsc=m9i8f:0
[   14459ms] [ERROR] Failed to load resource: the server responded with a status of 404 (Not Found) @ http://localhost:3002/:0
[   14631ms] [INFO] %cDownload the React DevTools for a better development experience: https://react.dev/link/react-devtools font-weight:bold @ webpack-internal:///(app-pages-browser)/./node_modules/next/dist/compiled/react-dom/cjs/react-dom-client.development.js:24650
[   14675ms] [ERROR] Failed to load resource: the server responded with a status of 404 (Not Found) @ http://localhost:3002/?_rsc=m9i8f:0
[   14687ms] [ERROR] Failed to load resource: the server responded with a status of 404 (Not Found) @ http://localhost:3002/:0
[   14842ms] [INFO] %cDownload the React DevTools for a better development experience: https://react.dev/link/react-devtools font-weight:bold @ webpack-internal:///(app-pages-browser)/./node_modules/next/dist/compiled/react-dom/cjs/react-dom-client.development.js:24650
[   14887ms] [ERROR] Failed to load resource: the server responded with a status of 404 (Not Found) @ http://localhost:3002/?_rsc=m9i8f:0
[   14899ms] [ERROR] Failed to load resource: the server responded with a status of 404 (Not Found) @ http://localhost:3002/:0
[   15054ms] [INFO] %cDownload the React DevTools for a better development experience: https://react.dev/link/react-devtools font-weight:bold @ webpack-internal:///(app-pages-browser)/./node_modules/next/dist/compiled/react-dom/cjs/react-dom-client.development.js:24650
[   15103ms] [ERROR] Failed to load resource: the server responded with a status of 404 (Not Found) @ http://localhost:3002/?_rsc=m9i8f:0
[   15113ms] [ERROR] Failed to load resource: the server responded with a status of 404 (Not Found) @ http://localhost:3002/:0
[   15268ms] [INFO] %cDownload the React DevTools for a better development experience: https://react.dev/link/react-devtools font-weight:bold @ webpack-internal:///(app-pages-browser)/./node_modules/next/dist/compiled/react-dom/cjs/react-dom-client.development.js:24650
[   15312ms] [ERROR] Failed to load resource: the server responded with a status of 404 (Not Found) @ http://localhost:3002/?_rsc=m9i8f:0
[   15326ms] [ERROR] Failed to load resource: the server responded with a status of 404 (Not Found) @ http://localhost:3002/:0
[   15480ms] [INFO] %cDownload the React DevTools for a better development experience: https://react.dev/link/react-devtools font-weight:bold @ webpack-internal:///(app-pages-browser)/./node_modules/next/dist/compiled/react-dom/cjs/react-dom-client.development.js:24650
[   15534ms] [ERROR] Failed to load resource: the server responded with a status of 404 (Not Found) @ http://localhost:3002/?_rsc=m9i8f:0
[   15544ms] [ERROR] Failed to load resource: the server responded with a status of 404 (Not Found) @ http://localhost:3002/:0
[   15698ms] [INFO] %cDownload the React DevTools for a better development experience: https://react.dev/link/react-devtools font-weight:bold @ webpack-internal:///(app-pages-browser)/./node_modules/next/dist/compiled/react-dom/cjs/react-dom-client.development.js:24650
[   15744ms] [ERROR] Failed to load resource: the server responded with a status of 404 (Not Found) @ http://localhost:3002/?_rsc=m9i8f:0
[   15756ms] [ERROR] Failed to load resource: the server responded with a status of 404 (Not Found) @ http://localhost:3002/:0
[   15911ms] [INFO] %cDownload the React DevTools for a better development experience: https://react.dev/link/react-devtools font-weight:bold @ webpack-internal:///(app-pages-browser)/./node_modules/next/dist/compiled/react-dom/cjs/react-dom-client.development.js:24650
[   15956ms] [ERROR] Failed to load resource: the server responded with a status of 404 (Not Found) @ http://localhost:3002/?_rsc=m9i8f:0
[   15966ms] [ERROR] Failed to load resource: the server responded with a status of 404 (Not Found) @ http://localhost:3002/:0
[   16125ms] [INFO] %cDownload the React DevTools for a better development experience: https://react.dev/link/react-devtools font-weight:bold @ webpack-internal:///(app-pages-browser)/./node_modules/next/dist/compiled/react-dom/cjs/react-dom-client.development.js:24650
[   16177ms] [ERROR] Failed to load resource: the server responded with a status of 404 (Not Found) @ http://localhost:3002/?_rsc=m9i8f:0
[   16187ms] [ERROR] Failed to load resource: the server responded with a status of 404 (Not Found) @ http://localhost:3002/:0
[   16361ms] [INFO] %cDownload the React DevTools for a better development experience: https://react.dev/link/react-devtools font-weight:bold @ webpack-internal:///(app-pages-browser)/./node_modules/next/dist/compiled/react-dom/cjs/react-dom-client.development.js:24650
[   16411ms] [ERROR] Failed to load resource: the server responded with a status of 404 (Not Found) @ http://localhost:3002/?_rsc=m9i8f:0
[   16446ms] [ERROR] Failed to load resource: the server responded with a status of 404 (Not Found) @ http://localhost:3002/:0
[   16640ms] [INFO] %cDownload the React DevTools for a better development experience: https://react.dev/link/react-devtools font-weight:bold @ webpack-internal:///(app-pages-browser)/./node_modules/next/dist/compiled/react-dom/cjs/react-dom-client.development.js:24650
[   16690ms] [ERROR] Failed to load resource: the server responded with a status of 404 (Not Found) @ http://localhost:3002/?_rsc=m9i8f:0
[   16701ms] [ERROR] Failed to load resource: the server responded with a status of 404 (Not Found) @ http://localhost:3002/:0
[   16868ms] [INFO] %cDownload the React DevTools for a better development experience: https://react.dev/link/react-devtools font-weight:bold @ webpack-internal:///(app-pages-browser)/./node_modules/next/dist/compiled/react-dom/cjs/react-dom-client.development.js:24650
[   16916ms] [LOG] [Fast Refresh] rebuilding @ webpack-internal:///(app-pages-browser)/./node_modules/next/dist/client/components/react-dev-overlay/app/hot-reloader-client.js:240
[   17035ms] [LOG] [Fast Refresh] done in 118ms @ webpack-internal:///(app-pages-browser)/./node_modules/next/dist/client/components/react-dev-overlay/app/hot-reloader-client.js:67
[   17037ms] [LOG] [Fast Refresh] rebuilding @ webpack-internal:///(app-pages-browser)/./node_modules/next/dist/client/components/react-dev-overlay/app/hot-reloader-client.js:240
[   17137ms] [LOG] [Fast Refresh] done in 99ms @ webpack-internal:///(app-pages-browser)/./node_modules/next/dist/client/components/react-dev-overlay/app/hot-reloader-client.js:67
[   17184ms] [LOG] [Fast Refresh] rebuilding @ webpack-internal:///(app-pages-browser)/./node_modules/next/dist/client/components/react-dev-overlay/app/hot-reloader-client.js:240
[   17212ms] [LOG] [Fast Refresh] done in 28ms @ webpack-internal:///(app-pages-browser)/./node_modules/next/dist/client/components/react-dev-overlay/app/hot-reloader-client.js:67
[   17213ms] [LOG] [Fast Refresh] rebuilding @ webpack-internal:///(app-pages-browser)/./node_modules/next/dist/client/components/react-dev-overlay/app/hot-reloader-client.js:240
[   17239ms] [LOG] [Fast Refresh] done in 26ms @ webpack-internal:///(app-pages-browser)/./node_modules/next/dist/client/components/react-dev-overlay/app/hot-reloader-client.js:67
[   17260ms] [LOG] [Fast Refresh] rebuilding @ webpack-internal:///(app-pages-browser)/./node_modules/next/dist/client/components/react-dev-overlay/app/hot-reloader-client.js:240
[   17290ms] [LOG] [Fast Refresh] done in 31ms @ webpack-internal:///(app-pages-browser)/./node_modules/next/dist/client/components/react-dev-overlay/app/hot-reloader-client.js:67
[   17310ms] [LOG] [Fast Refresh] rebuilding @ webpack-internal:///(app-pages-browser)/./node_modules/next/dist/client/components/react-dev-overlay/app/hot-reloader-client.js:240
[   17336ms] [LOG] [Fast Refresh] done in 27ms @ webpack-internal:///(app-pages-browser)/./node_modules/next/dist/client/components/react-dev-overlay/app/hot-reloader-client.js:67
[   17360ms] [LOG] [Fast Refresh] rebuilding @ webpack-internal:///(app-pages-browser)/./node_modules/next/dist/client/components/react-dev-overlay/app/hot-reloader-client.js:240
[   17404ms] [ERROR] Failed to load resource: the server responded with a status of 404 (Not Found) @ http://localhost:3002/?_rsc=m9i8f:0
[   17405ms] [ERROR] Failed to load resource: the server responded with a status of 404 (Not Found) @ http://localhost:3002/_next/static/webpack/c4760f3635235dfc.webpack.hot-update.json:0
[   17414ms] [LOG] [Fast Refresh] rebuilding @ webpack-internal:///(app-pages-browser)/./node_modules/next/dist/client/components/react-dev-overlay/app/hot-reloader-client.js:240
[   17447ms] [LOG] [Fast Refresh] done in 32ms @ webpack-internal:///(app-pages-browser)/./node_modules/next/dist/client/components/react-dev-overlay/app/hot-reloader-client.js:67
[   17461ms] [LOG] [Fast Refresh] rebuilding @ webpack-internal:///(app-pages-browser)/./node_modules/next/dist/client/components/react-dev-overlay/app/hot-reloader-client.js:240
[   17495ms] [LOG] [Fast Refresh] done in 34ms @ webpack-internal:///(app-pages-browser)/./node_modules/next/dist/client/components/react-dev-overlay/app/hot-reloader-client.js:67
[   17511ms] [LOG] [Fast Refresh] rebuilding @ webpack-internal:///(app-pages-browser)/./node_modules/next/dist/client/components/react-dev-overlay/app/hot-reloader-client.js:240
[   17544ms] [LOG] [Fast Refresh] done in 33ms @ webpack-internal:///(app-pages-browser)/./node_modules/next/dist/client/components/react-dev-overlay/app/hot-reloader-client.js:67
[   17562ms] [LOG] [Fast Refresh] rebuilding @ webpack-internal:///(app-pages-browser)/./node_modules/next/dist/client/components/react-dev-overlay/app/hot-reloader-client.js:240
[   17599ms] [LOG] [Fast Refresh] done in 37ms @ webpack-internal:///(app-pages-browser)/./node_modules/next/dist/client/components/react-dev-overlay/app/hot-reloader-client.js:67
[   17613ms] [LOG] [Fast Refresh] rebuilding @ webpack-internal:///(app-pages-browser)/./node_modules/next/dist/client/components/react-dev-overlay/app/hot-reloader-client.js:240
[   17633ms] [ERROR] Failed to load resource: the server responded with a status of 404 (Not Found) @ http://localhost:3002/?_rsc=m9i8f:0
[   17634ms] [ERROR] Failed to load resource: the server responded with a status of 404 (Not Found) @ http://localhost:3002/_next/static/webpack/c4760f3635235dfc.webpack.hot-update.json:0
[   17636ms] [ERROR] Failed to fetch RSC payload for http://localhost:3002/. Falling back to browser navigation. TypeError: Failed to fetch
    at createFetch (webpack-internal:///(app-pages-browser)/./node_modules/next/dist/client/components/router-reducer/fetch-server-response.js:154:12)
    at fetchServerResponse (webpack-internal:///(app-pages-browser)/./node_modules/next/dist/client/components/router-reducer/fetch-server-response.js:82:27)
    at hmrRefreshReducerImpl (webpack-internal:///(app-pages-browser)/./node_modules/next/dist/client/components/router-reducer/reducers/hmr-refresh-reducer.js:33:67)
    at clientReducer (webpack-internal:///(app-pages-browser)/./node_modules/next/dist/client/components/router-reducer/router-reducer.js:41:65)
    at Object.action (webpack-internal:///(app-pages-browser)/./node_modules/next/dist/shared/lib/router/action-queue.js:130:55)
    at runAction (webpack-internal:///(app-pages-browser)/./node_modules/next/dist/shared/lib/router/action-queue.js:42:38)
    at runRemainingActions (webpack-internal:///(app-pages-browser)/./node_modules/next/dist/shared/lib/router/action-queue.js:20:13)
    at handleResult (webpack-internal:///(app-pages-browser)/./node_modules/next/dist/shared/lib/router/action-queue.js:49:9) @ webpack-internal:///(app-pages-browser)/./node_modules/next/dist/client/components/globals/intercept-console-error.js:50
[   17637ms] [ERROR] Failed to load resource: the server responded with a status of 404 (Not Found) @ http://localhost:3002/:0
[   17873ms] [INFO] %cDownload the React DevTools for a better development experience: https://react.dev/link/react-devtools font-weight:bold @ webpack-internal:///./node_modules/react-dom/cjs/react-dom-client.development.js:28004
[   17890ms] [LOG] [HMR] connected @ webpack-internal:///./node_modules/next/dist/client/components/react-dev-overlay/pages/websocket.js:41
[   17937ms] [LOG] [Fast Refresh] rebuilding @ webpack-internal:///./node_modules/next/dist/client/components/react-dev-overlay/pages/hot-reloader-client.js:221
[   17987ms] [LOG] [Fast Refresh] rebuilding @ webpack-internal:///./node_modules/next/dist/client/components/react-dev-overlay/pages/hot-reloader-client.js:221
[   18038ms] [LOG] [Fast Refresh] rebuilding @ webpack-internal:///./node_modules/next/dist/client/components/react-dev-overlay/pages/hot-reloader-client.js:221
[   18088ms] [LOG] [Fast Refresh] rebuilding @ webpack-internal:///./node_modules/next/dist/client/components/react-dev-overlay/pages/hot-reloader-client.js:221
[   18139ms] [LOG] [Fast Refresh] rebuilding @ webpack-internal:///./node_modules/next/dist/client/components/react-dev-overlay/pages/hot-reloader-client.js:221
[   18190ms] [LOG] [Fast Refresh] rebuilding @ webpack-internal:///./node_modules/next/dist/client/components/react-dev-overlay/pages/hot-reloader-client.js:221
[   18240ms] [LOG] [Fast Refresh] rebuilding @ webpack-internal:///./node_modules/next/dist/client/components/react-dev-overlay/pages/hot-reloader-client.js:221
[   18291ms] [LOG] [Fast Refresh] rebuilding @ webpack-internal:///./node_modules/next/dist/client/components/react-dev-overlay/pages/hot-reloader-client.js:221
[   18341ms] [LOG] [Fast Refresh] rebuilding @ webpack-internal:///./node_modules/next/dist/client/components/react-dev-overlay/pages/hot-reloader-client.js:221
[   18392ms] [LOG] [Fast Refresh] rebuilding @ webpack-internal:///./node_modules/next/dist/client/components/react-dev-overlay/pages/hot-reloader-client.js:221
[   18443ms] [LOG] [Fast Refresh] rebuilding @ webpack-internal:///./node_modules/next/dist/client/components/react-dev-overlay/pages/hot-reloader-client.js:221
[   18498ms] [LOG] [Fast Refresh] rebuilding @ webpack-internal:///./node_modules/next/dist/client/components/react-dev-overlay/pages/hot-reloader-client.js:221
[   18545ms] [LOG] [Fast Refresh] rebuilding @ webpack-internal:///./node_modules/next/dist/client/components/react-dev-overlay/pages/hot-reloader-client.js:221
[   18596ms] [LOG] [Fast Refresh] rebuilding @ webpack-internal:///./node_modules/next/dist/client/components/react-dev-overlay/pages/hot-reloader-client.js:221
[   18646ms] [LOG] [Fast Refresh] rebuilding @ webpack-internal:///./node_modules/next/dist/client/components/react-dev-overlay/pages/hot-reloader-client.js:221
[   18696ms] [LOG] [Fast Refresh] rebuilding @ webpack-internal:///./node_modules/next/dist/client/components/react-dev-overlay/pages/hot-reloader-client.js:221
[   18747ms] [LOG] [Fast Refresh] rebuilding @ webpack-internal:///./node_modules/next/dist/client/components/react-dev-overlay/pages/hot-reloader-client.js:221
[   18798ms] [LOG] [Fast Refresh] rebuilding @ webpack-internal:///./node_modules/next/dist/client/components/react-dev-overlay/pages/hot-reloader-client.js:221
[   18849ms] [LOG] [Fast Refresh] rebuilding @ webpack-internal:///./node_modules/next/dist/client/components/react-dev-overlay/pages/hot-reloader-client.js:221
[   18901ms] [LOG] [Fast Refresh] rebuilding @ webpack-internal:///./node_modules/next/dist/client/components/react-dev-overlay/pages/hot-reloader-client.js:221
[   18951ms] [LOG] [Fast Refresh] rebuilding @ webpack-internal:///./node_modules/next/dist/client/components/react-dev-overlay/pages/hot-reloader-client.js:221
[   19003ms] [LOG] [Fast Refresh] rebuilding @ webpack-internal:///./node_modules/next/dist/client/components/react-dev-overlay/pages/hot-reloader-client.js:221
[   19053ms] [LOG] [Fast Refresh] rebuilding @ webpack-internal:///./node_modules/next/dist/client/components/react-dev-overlay/pages/hot-reloader-client.js:221
[   19104ms] [LOG] [Fast Refresh] rebuilding @ webpack-internal:///./node_modules/next/dist/client/components/react-dev-overlay/pages/hot-reloader-client.js:221
[   19154ms] [LOG] [Fast Refresh] rebuilding @ webpack-internal:///./node_modules/next/dist/client/components/react-dev-overlay/pages/hot-reloader-client.js:221
[   19205ms] [LOG] [Fast Refresh] rebuilding @ webpack-internal:///./node_modules/next/dist/client/components/react-dev-overlay/pages/hot-reloader-client.js:221
[   19256ms] [LOG] [Fast Refresh] rebuilding @ webpack-internal:///./node_modules/next/dist/client/components/react-dev-overlay/pages/hot-reloader-client.js:221
[   19307ms] [LOG] [Fast Refresh] rebuilding @ webpack-internal:///./node_modules/next/dist/client/components/react-dev-overlay/pages/hot-reloader-client.js:221
[   19357ms] [LOG] [Fast Refresh] rebuilding @ webpack-internal:///./node_modules/next/dist/client/components/react-dev-overlay/pages/hot-reloader-client.js:221
[   19407ms] [LOG] [Fast Refresh] rebuilding @ webpack-internal:///./node_modules/next/dist/client/components/react-dev-overlay/pages/hot-reloader-client.js:221
[   19458ms] [LOG] [Fast Refresh] rebuilding @ webpack-internal:///./node_modules/next/dist/client/components/react-dev-overlay/pages/hot-reloader-client.js:221
[   19508ms] [LOG] [Fast Refresh] rebuilding @ webpack-internal:///./node_modules/next/dist/client/components/react-dev-overlay/pages/hot-reloader-client.js:221
[   19559ms] [LOG] [Fast Refresh] rebuilding @ webpack-internal:///./node_modules/next/dist/client/components/react-dev-overlay/pages/hot-reloader-client.js:221
[   19610ms] [LOG] [Fast Refresh] rebuilding @ webpack-internal:///./node_modules/next/dist/client/components/react-dev-overlay/pages/hot-reloader-client.js:221
[   19660ms] [LOG] [Fast Refresh] rebuilding @ webpack-internal:///./node_modules/next/dist/client/components/react-dev-overlay/pages/hot-reloader-client.js:221
[   19710ms] [LOG] [Fast Refresh] rebuilding @ webpack-internal:///./node_modules/next/dist/client/components/react-dev-overlay/pages/hot-reloader-client.js:221
[   19761ms] [LOG] [Fast Refresh] rebuilding @ webpack-internal:///./node_modules/next/dist/client/components/react-dev-overlay/pages/hot-reloader-client.js:221
[   19812ms] [LOG] [Fast Refresh] rebuilding @ webpack-internal:///./node_modules/next/dist/client/components/react-dev-overlay/pages/hot-reloader-client.js:221
[   19863ms] [LOG] [Fast Refresh] rebuilding @ webpack-internal:///./node_modules/next/dist/client/components/react-dev-overlay/pages/hot-reloader-client.js:221
[   19913ms] [LOG] [Fast Refresh] rebuilding @ webpack-internal:///./node_modules/next/dist/client/components/react-dev-overlay/pages/hot-reloader-client.js:221
[   19964ms] [LOG] [Fast Refresh] rebuilding @ webpack-internal:///./node_modules/next/dist/client/components/react-dev-overlay/pages/hot-reloader-client.js:221
[   20014ms] [LOG] [Fast Refresh] rebuilding @ webpack-internal:///./node_modules/next/dist/client/components/react-dev-overlay/pages/hot-reloader-client.js:221
[   20064ms] [LOG] [Fast Refresh] rebuilding @ webpack-internal:///./node_modules/next/dist/client/components/react-dev-overlay/pages/hot-reloader-client.js:221
[   20115ms] [LOG] [Fast Refresh] rebuilding @ webpack-internal:///./node_modules/next/dist/client/components/react-dev-overlay/pages/hot-reloader-client.js:221
[   20166ms] [LOG] [Fast Refresh] rebuilding @ webpack-internal:///./node_modules/next/dist/client/components/react-dev-overlay/pages/hot-reloader-client.js:221
[   20216ms] [LOG] [Fast Refresh] rebuilding @ webpack-internal:///./node_modules/next/dist/client/components/react-dev-overlay/pages/hot-reloader-client.js:221
[   20268ms] [LOG] [Fast Refresh] rebuilding @ webpack-internal:///./node_modules/next/dist/client/components/react-dev-overlay/pages/hot-reloader-client.js:221
[   20346ms] [LOG] [Fast Refresh] rebuilding @ webpack-internal:///./node_modules/next/dist/client/components/react-dev-overlay/pages/hot-reloader-client.js:221
[   20381ms] [LOG] [Fast Refresh] rebuilding @ webpack-internal:///./node_modules/next/dist/client/components/react-dev-overlay/pages/hot-reloader-client.js:221
[   20420ms] [LOG] [Fast Refresh] rebuilding @ webpack-internal:///./node_modules/next/dist/client/components/react-dev-overlay/pages/hot-reloader-client.js:221
[   20468ms] [LOG] [Fast Refresh] rebuilding @ webpack-internal:///./node_modules/next/dist/client/components/react-dev-overlay/pages/hot-reloader-client.js:221
[   20519ms] [LOG] [Fast Refresh] rebuilding @ webpack-internal:///./node_modules/next/dist/client/components/react-dev-overlay/pages/hot-reloader-client.js:221
[   20570ms] [LOG] [Fast Refresh] rebuilding @ webpack-internal:///./node_modules/next/dist/client/components/react-dev-overlay/pages/hot-reloader-client.js:221
[   20620ms] [LOG] [Fast Refresh] rebuilding @ webpack-internal:///./node_modules/next/dist/client/components/react-dev-overlay/pages/hot-reloader-client.js:221
[   20671ms] [LOG] [Fast Refresh] rebuilding @ webpack-internal:///./node_modules/next/dist/client/components/react-dev-overlay/pages/hot-reloader-client.js:221
[   20722ms] [LOG] [Fast Refresh] rebuilding @ webpack-internal:///./node_modules/next/dist/client/components/react-dev-overlay/pages/hot-reloader-client.js:221
[   20772ms] [LOG] [Fast Refresh] rebuilding @ webpack-internal:///./node_modules/next/dist/client/components/react-dev-overlay/pages/hot-reloader-client.js:221
[   20823ms] [LOG] [Fast Refresh] rebuilding @ webpack-internal:///./node_modules/next/dist/client/components/react-dev-overlay/pages/hot-reloader-client.js:221
[   20874ms] [LOG] [Fast Refresh] rebuilding @ webpack-internal:///./node_modules/next/dist/client/components/react-dev-overlay/pages/hot-reloader-client.js:221
[   20925ms] [LOG] [Fast Refresh] rebuilding @ webpack-internal:///./node_modules/next/dist/client/components/react-dev-overlay/pages/hot-reloader-client.js:221
[   20976ms] [LOG] [Fast Refresh] rebuilding @ webpack-internal:///./node_modules/next/dist/client/components/react-dev-overlay/pages/hot-reloader-client.js:221
[   21027ms] [LOG] [Fast Refresh] rebuilding @ webpack-internal:///./node_modules/next/dist/client/components/react-dev-overlay/pages/hot-reloader-client.js:221
[   21078ms] [LOG] [Fast Refresh] rebuilding @ webpack-internal:///./node_modules/next/dist/client/components/react-dev-overlay/pages/hot-reloader-client.js:221
[   21128ms] [LOG] [Fast Refresh] rebuilding @ webpack-internal:///./node_modules/next/dist/client/components/react-dev-overlay/pages/hot-reloader-client.js:221
[   21182ms] [LOG] [Fast Refresh] rebuilding @ webpack-internal:///./node_modules/next/dist/client/components/react-dev-overlay/pages/hot-reloader-client.js:221
[   21275ms] [LOG] [Fast Refresh] rebuilding @ webpack-internal:///./node_modules/next/dist/client/components/react-dev-overlay/pages/hot-reloader-client.js:221
[   21310ms] [LOG] [Fast Refresh] rebuilding @ webpack-internal:///./node_modules/next/dist/client/components/react-dev-overlay/pages/hot-reloader-client.js:221
[   21351ms] [LOG] [Fast Refresh] rebuilding @ webpack-internal:///./node_modules/next/dist/client/components/react-dev-overlay/pages/hot-reloader-client.js:221
[   21384ms] [LOG] [Fast Refresh] rebuilding @ webpack-internal:///./node_modules/next/dist/client/components/react-dev-overlay/pages/hot-reloader-client.js:221
[   21431ms] [LOG] [Fast Refresh] rebuilding @ webpack-internal:///./node_modules/next/dist/client/components/react-dev-overlay/pages/hot-reloader-client.js:221
[   21483ms] [LOG] [Fast Refresh] rebuilding @ webpack-internal:///./node_modules/next/dist/client/components/react-dev-overlay/pages/hot-reloader-client.js:221
[   21533ms] [LOG] [Fast Refresh] rebuilding @ webpack-internal:///./node_modules/next/dist/client/components/react-dev-overlay/pages/hot-reloader-client.js:221
[   21584ms] [LOG] [Fast Refresh] rebuilding @ webpack-internal:///./node_modules/next/dist/client/components/react-dev-overlay/pages/hot-reloader-client.js:221
[   21634ms] [LOG] [Fast Refresh] rebuilding @ webpack-internal:///./node_modules/next/dist/client/components/react-dev-overlay/pages/hot-reloader-client.js:221
[   21685ms] [LOG] [Fast Refresh] rebuilding @ webpack-internal:///./node_modules/next/dist/client/components/react-dev-overlay/pages/hot-reloader-client.js:221
[   21736ms] [LOG] [Fast Refresh] rebuilding @ webpack-internal:///./node_modules/next/dist/client/components/react-dev-overlay/pages/hot-reloader-client.js:221
[   21787ms] [LOG] [Fast Refresh] rebuilding @ webpack-internal:///./node_modules/next/dist/client/components/react-dev-overlay/pages/hot-reloader-client.js:221
[   21838ms] [LOG] [Fast Refresh] rebuilding @ webpack-internal:///./node_modules/next/dist/client/components/react-dev-overlay/pages/hot-reloader-client.js:221
[   21889ms] [LOG] [Fast Refresh] rebuilding @ webpack-internal:///./node_modules/next/dist/client/components/react-dev-overlay/pages/hot-reloader-client.js:221
[   21940ms] [LOG] [Fast Refresh] rebuilding @ webpack-internal:///./node_modules/next/dist/client/components/react-dev-overlay/pages/hot-reloader-client.js:221
[   21990ms] [LOG] [Fast Refresh] rebuilding @ webpack-internal:///./node_modules/next/dist/client/components/react-dev-overlay/pages/hot-reloader-client.js:221
[   22040ms] [LOG] [Fast Refresh] rebuilding @ webpack-internal:///./node_modules/next/dist/client/components/react-dev-overlay/pages/hot-reloader-client.js:221
[   22091ms] [LOG] [Fast Refresh] rebuilding @ webpack-internal:///./node_modules/next/dist/client/components/react-dev-overlay/pages/hot-reloader-client.js:221
[   22143ms] [LOG] [Fast Refresh] rebuilding @ webpack-internal:///./node_modules/next/dist/client/components/react-dev-overlay/pages/hot-reloader-client.js:221
[   22194ms] [LOG] [Fast Refresh] rebuilding @ webpack-internal:///./node_modules/next/dist/client/components/react-dev-overlay/pages/hot-reloader-client.js:221
[   22244ms] [LOG] [Fast Refresh] rebuilding @ webpack-internal:///./node_modules/next/dist/client/components/react-dev-overlay/pages/hot-reloader-client.js:221
[   22296ms] [LOG] [Fast Refresh] rebuilding @ webpack-internal:///./node_modules/next/dist/client/components/react-dev-overlay/pages/hot-reloader-client.js:221
[   22346ms] [LOG] [Fast Refresh] rebuilding @ webpack-internal:///./node_modules/next/dist/client/components/react-dev-overlay/pages/hot-reloader-client.js:221
[   22397ms] [LOG] [Fast Refresh] rebuilding @ webpack-internal:///./node_modules/next/dist/client/components/react-dev-overlay/pages/hot-reloader-client.js:221
[   22448ms] [LOG] [Fast Refresh] rebuilding @ webpack-internal:///./node_modules/next/dist/client/components/react-dev-overlay/pages/hot-reloader-client.js:221
[   22499ms] [LOG] [Fast Refresh] rebuilding @ webpack-internal:///./node_modules/next/dist/client/components/react-dev-overlay/pages/hot-reloader-client.js:221
[   22549ms] [LOG] [Fast Refresh] rebuilding @ webpack-internal:///./node_modules/next/dist/client/components/react-dev-overlay/pages/hot-reloader-client.js:221
[   22599ms] [LOG] [Fast Refresh] rebuilding @ webpack-internal:///./node_modules/next/dist/client/components/react-dev-overlay/pages/hot-reloader-client.js:221
[   22650ms] [LOG] [Fast Refresh] rebuilding @ webpack-internal:///./node_modules/next/dist/client/components/react-dev-overlay/pages/hot-reloader-client.js:221
[   22701ms] [LOG] [Fast Refresh] rebuilding @ webpack-internal:///./node_modules/next/dist/client/components/react-dev-overlay/pages/hot-reloader-client.js:221
[   22752ms] [LOG] [Fast Refresh] rebuilding @ webpack-internal:///./node_modules/next/dist/client/components/react-dev-overlay/pages/hot-reloader-client.js:221
[   22803ms] [LOG] [Fast Refresh] rebuilding @ webpack-internal:///./node_modules/next/dist/client/components/react-dev-overlay/pages/hot-reloader-client.js:221
[   22854ms] [LOG] [Fast Refresh] rebuilding @ webpack-internal:///./node_modules/next/dist/client/components/react-dev-overlay/pages/hot-reloader-client.js:221
[   22905ms] [LOG] [Fast Refresh] rebuilding @ webpack-internal:///./node_modules/next/dist/client/components/react-dev-overlay/pages/hot-reloader-client.js:221
[   22957ms] [LOG] [Fast Refresh] rebuilding @ webpack-internal:///./node_modules/next/dist/client/components/react-dev-overlay/pages/hot-reloader-client.js:221
[   23007ms] [LOG] [Fast Refresh] rebuilding @ webpack-internal:///./node_modules/next/dist/client/components/react-dev-overlay/pages/hot-reloader-client.js:221
[   23058ms] [LOG] [Fast Refresh] rebuilding @ webpack-internal:///./node_modules/next/dist/client/components/react-dev-overlay/pages/hot-reloader-client.js:221
[   23109ms] [LOG] [Fast Refresh] rebuilding @ webpack-internal:///./node_modules/next/dist/client/components/react-dev-overlay/pages/hot-reloader-client.js:221
[   23159ms] [LOG] [Fast Refresh] rebuilding @ webpack-internal:///./node_modules/next/dist/client/components/react-dev-overlay/pages/hot-reloader-client.js:221
[   23210ms] [LOG] [Fast Refresh] rebuilding @ webpack-internal:///./node_modules/next/dist/client/components/react-dev-overlay/pages/hot-reloader-client.js:221
[   23262ms] [LOG] [Fast Refresh] rebuilding @ webpack-internal:///./node_modules/next/dist/client/components/react-dev-overlay/pages/hot-reloader-client.js:221
[   23312ms] [LOG] [Fast Refresh] rebuilding @ webpack-internal:///./node_modules/next/dist/client/components/react-dev-overlay/pages/hot-reloader-client.js:221
[   23363ms] [LOG] [Fast Refresh] rebuilding @ webpack-internal:///./node_modules/next/dist/client/components/react-dev-overlay/pages/hot-reloader-client.js:221
[   23414ms] [LOG] [Fast Refresh] rebuilding @ webpack-internal:///./node_modules/next/dist/client/components/react-dev-overlay/pages/hot-reloader-client.js:221
[   23465ms] [LOG] [Fast Refresh] rebuilding @ webpack-internal:///./node_modules/next/dist/client/components/react-dev-overlay/pages/hot-reloader-client.js:221
[   23516ms] [LOG] [Fast Refresh] rebuilding @ webpack-internal:///./node_modules/next/dist/client/components/react-dev-overlay/pages/hot-reloader-client.js:221
[   23567ms] [LOG] [Fast Refresh] rebuilding @ webpack-internal:///./node_modules/next/dist/client/components/react-dev-overlay/pages/hot-reloader-client.js:221
[   23619ms] [LOG] [Fast Refresh] rebuilding @ webpack-internal:///./node_modules/next/dist/client/components/react-dev-overlay/pages/hot-reloader-client.js:221
[   23669ms] [LOG] [Fast Refresh] rebuilding @ webpack-internal:///./node_modules/next/dist/client/components/react-dev-overlay/pages/hot-reloader-client.js:221
[   23720ms] [LOG] [Fast Refresh] rebuilding @ webpack-internal:///./node_modules/next/dist/client/components/react-dev-overlay/pages/hot-reloader-client.js:221
[   23771ms] [LOG] [Fast Refresh] rebuilding @ webpack-internal:///./node_modules/next/dist/client/components/react-dev-overlay/pages/hot-reloader-client.js:221
[   23822ms] [LOG] [Fast Refresh] rebuilding @ webpack-internal:///./node_modules/next/dist/client/components/react-dev-overlay/pages/hot-reloader-client.js:221
[   23873ms] [LOG] [Fast Refresh] rebuilding @ webpack-internal:///./node_modules/next/dist/client/components/react-dev-overlay/pages/hot-reloader-client.js:221
[   23923ms] [LOG] [Fast Refresh] rebuilding @ webpack-internal:///./node_modules/next/dist/client/components/react-dev-overlay/pages/hot-reloader-client.js:221
[   23974ms] [LOG] [Fast Refresh] rebuilding @ webpack-internal:///./node_modules/next/dist/client/components/react-dev-overlay/pages/hot-reloader-client.js:221
[   24024ms] [LOG] [Fast Refresh] rebuilding @ webpack-internal:///./node_modules/next/dist/client/components/react-dev-overlay/pages/hot-reloader-client.js:221
[   24075ms] [LOG] [Fast Refresh] rebuilding @ webpack-internal:///./node_modules/next/dist/client/components/react-dev-overlay/pages/hot-reloader-client.js:221
[   24127ms] [LOG] [Fast Refresh] rebuilding @ webpack-internal:///./node_modules/next/dist/client/components/react-dev-overlay/pages/hot-reloader-client.js:221
[   24178ms] [LOG] [Fast Refresh] rebuilding @ webpack-internal:///./node_modules/next/dist/client/components/react-dev-overlay/pages/hot-reloader-client.js:221
[   24229ms] [LOG] [Fast Refresh] rebuilding @ webpack-internal:///./node_modules/next/dist/client/components/react-dev-overlay/pages/hot-reloader-client.js:221
[   24279ms] [LOG] [Fast Refresh] rebuilding @ webpack-internal:///./node_modules/next/dist/client/components/react-dev-overlay/pages/hot-reloader-client.js:221
[   24330ms] [LOG] [Fast Refresh] rebuilding @ webpack-internal:///./node_modules/next/dist/client/components/react-dev-overlay/pages/hot-reloader-client.js:221
[   24381ms] [LOG] [Fast Refresh] rebuilding @ webpack-internal:///./node_modules/next/dist/client/components/react-dev-overlay/pages/hot-reloader-client.js:221
[   24431ms] [LOG] [Fast Refresh] rebuilding @ webpack-internal:///./node_modules/next/dist/client/components/react-dev-overlay/pages/hot-reloader-client.js:221
[   24482ms] [LOG] [Fast Refresh] rebuilding @ webpack-internal:///./node_modules/next/dist/client/components/react-dev-overlay/pages/hot-reloader-client.js:221
[   24533ms] [LOG] [Fast Refresh] rebuilding @ webpack-internal:///./node_modules/next/dist/client/components/react-dev-overlay/pages/hot-reloader-client.js:221
[   24584ms] [LOG] [Fast Refresh] rebuilding @ webpack-internal:///./node_modules/next/dist/client/components/react-dev-overlay/pages/hot-reloader-client.js:221
[   24634ms] [LOG] [Fast Refresh] rebuilding @ webpack-internal:///./node_modules/next/dist/client/components/react-dev-overlay/pages/hot-reloader-client.js:221
[   24685ms] [LOG] [Fast Refresh] rebuilding @ webpack-internal:///./node_modules/next/dist/client/components/react-dev-overlay/pages/hot-reloader-client.js:221
[   24736ms] [LOG] [Fast Refresh] rebuilding @ webpack-internal:///./node_modules/next/dist/client/components/react-dev-overlay/pages/hot-reloader-client.js:221
[   24787ms] [LOG] [Fast Refresh] rebuilding @ webpack-internal:///./node_modules/next/dist/client/components/react-dev-overlay/pages/hot-reloader-client.js:221
[   24838ms] [LOG] [Fast Refresh] rebuilding @ webpack-internal:///./node_modules/next/dist/client/components/react-dev-overlay/pages/hot-reloader-client.js:221
[   24888ms] [LOG] [Fast Refresh] rebuilding @ webpack-internal:///./node_modules/next/dist/client/components/react-dev-overlay/pages/hot-reloader-client.js:221
[   24940ms] [LOG] [Fast Refresh] rebuilding @ webpack-internal:///./node_modules/next/dist/client/components/react-dev-overlay/pages/hot-reloader-client.js:221
[   24990ms] [LOG] [Fast Refresh] rebuilding @ webpack-internal:///./node_modules/next/dist/client/components/react-dev-overlay/pages/hot-reloader-client.js:221
[   25040ms] [LOG] [Fast Refresh] rebuilding @ webpack-internal:///./node_modules/next/dist/client/components/react-dev-overlay/pages/hot-reloader-client.js:221
[   25091ms] [LOG] [Fast Refresh] rebuilding @ webpack-internal:///./node_modules/next/dist/client/components/react-dev-overlay/pages/hot-reloader-client.js:221
[   25142ms] [LOG] [Fast Refresh] rebuilding @ webpack-internal:///./node_modules/next/dist/client/components/react-dev-overlay/pages/hot-reloader-client.js:221
[   25193ms] [LOG] [Fast Refresh] rebuilding @ webpack-internal:///./node_modules/next/dist/client/components/react-dev-overlay/pages/hot-reloader-client.js:221
[   25243ms] [LOG] [Fast Refresh] rebuilding @ webpack-internal:///./node_modules/next/dist/client/components/react-dev-overlay/pages/hot-reloader-client.js:221
[   25294ms] [LOG] [Fast Refresh] rebuilding @ webpack-internal:///./node_modules/next/dist/client/components/react-dev-overlay/pages/hot-reloader-client.js:221
[   25345ms] [LOG] [Fast Refresh] rebuilding @ webpack-internal:///./node_modules/next/dist/client/components/react-dev-overlay/pages/hot-reloader-client.js:221
[   25396ms] [LOG] [Fast Refresh] rebuilding @ webpack-internal:///./node_modules/next/dist/client/components/react-dev-overlay/pages/hot-reloader-client.js:221
[   25447ms] [LOG] [Fast Refresh] rebuilding @ webpack-internal:///./node_modules/next/dist/client/components/react-dev-overlay/pages/hot-reloader-client.js:221
[   25497ms] [LOG] [Fast Refresh] rebuilding @ webpack-internal:///./node_modules/next/dist/client/components/react-dev-overlay/pages/hot-reloader-client.js:221
[   25548ms] [LOG] [Fast Refresh] rebuilding @ webpack-internal:///./node_modules/next/dist/client/components/react-dev-overlay/pages/hot-reloader-client.js:221
[   25599ms] [LOG] [Fast Refresh] rebuilding @ webpack-internal:///./node_modules/next/dist/client/components/react-dev-overlay/pages/hot-reloader-client.js:221
[   25650ms] [LOG] [Fast Refresh] rebuilding @ webpack-internal:///./node_modules/next/dist/client/components/react-dev-overlay/pages/hot-reloader-client.js:221
[   25701ms] [LOG] [Fast Refresh] rebuilding @ webpack-internal:///./node_modules/next/dist/client/components/react-dev-overlay/pages/hot-reloader-client.js:221
[   25752ms] [LOG] [Fast Refresh] rebuilding @ webpack-internal:///./node_modules/next/dist/client/components/react-dev-overlay/pages/hot-reloader-client.js:221
[   25802ms] [LOG] [Fast Refresh] rebuilding @ webpack-internal:///./node_modules/next/dist/client/components/react-dev-overlay/pages/hot-reloader-client.js:221
[   25853ms] [LOG] [Fast Refresh] rebuilding @ webpack-internal:///./node_modules/next/dist/client/components/react-dev-overlay/pages/hot-reloader-client.js:221
[   25905ms] [LOG] [Fast Refresh] rebuilding @ webpack-internal:///./node_modules/next/dist/client/components/react-dev-overlay/pages/hot-reloader-client.js:221
[   25955ms] [LOG] [Fast Refresh] rebuilding @ webpack-internal:///./node_modules/next/dist/client/components/react-dev-overlay/pages/hot-reloader-client.js:221
[   26007ms] [LOG] [Fast Refresh] rebuilding @ webpack-internal:///./node_modules/next/dist/client/components/react-dev-overlay/pages/hot-reloader-client.js:221
[   26058ms] [LOG] [Fast Refresh] rebuilding @ webpack-internal:///./node_modules/next/dist/client/components/react-dev-overlay/pages/hot-reloader-client.js:221
[   26109ms] [LOG] [Fast Refresh] rebuilding @ webpack-internal:///./node_modules/next/dist/client/components/react-dev-overlay/pages/hot-reloader-client.js:221
[   26160ms] [LOG] [Fast Refresh] rebuilding @ webpack-internal:///./node_modules/next/dist/client/components/react-dev-overlay/pages/hot-reloader-client.js:221
[   26211ms] [LOG] [Fast Refresh] rebuilding @ webpack-internal:///./node_modules/next/dist/client/components/react-dev-overlay/pages/hot-reloader-client.js:221
[   26262ms] [LOG] [Fast Refresh] rebuilding @ webpack-internal:///./node_modules/next/dist/client/components/react-dev-overlay/pages/hot-reloader-client.js:221
[   26313ms] [LOG] [Fast Refresh] rebuilding @ webpack-internal:///./node_modules/next/dist/client/components/react-dev-overlay/pages/hot-reloader-client.js:221
[   26364ms] [LOG] [Fast Refresh] rebuilding @ webpack-internal:///./node_modules/next/dist/client/components/react-dev-overlay/pages/hot-reloader-client.js:221
[   26414ms] [LOG] [Fast Refresh] rebuilding @ webpack-internal:///./node_modules/next/dist/client/components/react-dev-overlay/pages/hot-reloader-client.js:221
[   26466ms] [LOG] [Fast Refresh] rebuilding @ webpack-internal:///./node_modules/next/dist/client/components/react-dev-overlay/pages/hot-reloader-client.js:221
[   26517ms] [LOG] [Fast Refresh] rebuilding @ webpack-internal:///./node_modules/next/dist/client/components/react-dev-overlay/pages/hot-reloader-client.js:221
[   26567ms] [LOG] [Fast Refresh] rebuilding @ webpack-internal:///./node_modules/next/dist/client/components/react-dev-overlay/pages/hot-reloader-client.js:221
[   26619ms] [LOG] [Fast Refresh] rebuilding @ webpack-internal:///./node_modules/next/dist/client/components/react-dev-overlay/pages/hot-reloader-client.js:221
[   26670ms] [LOG] [Fast Refresh] rebuilding @ webpack-internal:///./node_modules/next/dist/client/components/react-dev-overlay/pages/hot-reloader-client.js:221
[   26720ms] [LOG] [Fast Refresh] rebuilding @ webpack-internal:///./node_modules/next/dist/client/components/react-dev-overlay/pages/hot-reloader-client.js:221
[   26780ms] [LOG] [Fast Refresh] rebuilding @ webpack-internal:///./node_modules/next/dist/client/components/react-dev-overlay/pages/hot-reloader-client.js:221
[   26821ms] [LOG] [Fast Refresh] rebuilding @ webpack-internal:///./node_modules/next/dist/client/components/react-dev-overlay/pages/hot-reloader-client.js:221
[   26873ms] [LOG] [Fast Refresh] rebuilding @ webpack-internal:///./node_modules/next/dist/client/components/react-dev-overlay/pages/hot-reloader-client.js:221
[   26923ms] [LOG] [Fast Refresh] rebuilding @ webpack-internal:///./node_modules/next/dist/client/components/react-dev-overlay/pages/hot-reloader-client.js:221
[   26974ms] [LOG] [Fast Refresh] rebuilding @ webpack-internal:///./node_modules/next/dist/client/components/react-dev-overlay/pages/hot-reloader-client.js:221
[   27025ms] [LOG] [Fast Refresh] rebuilding @ webpack-internal:///./node_modules/next/dist/client/components/react-dev-overlay/pages/hot-reloader-client.js:221
[   27077ms] [LOG] [Fast Refresh] rebuilding @ webpack-internal:///./node_modules/next/dist/client/components/react-dev-overlay/pages/hot-reloader-client.js:221
[   27127ms] [LOG] [Fast Refresh] rebuilding @ webpack-internal:///./node_modules/next/dist/client/components/react-dev-overlay/pages/hot-reloader-client.js:221
[   27178ms] [LOG] [Fast Refresh] rebuilding @ webpack-internal:///./node_modules/next/dist/client/components/react-dev-overlay/pages/hot-reloader-client.js:221
[   27229ms] [LOG] [Fast Refresh] rebuilding @ webpack-internal:///./node_modules/next/dist/client/components/react-dev-overlay/pages/hot-reloader-client.js:221
[   27279ms] [LOG] [Fast Refresh] rebuilding @ webpack-internal:///./node_modules/next/dist/client/components/react-dev-overlay/pages/hot-reloader-client.js:221
[   27330ms] [LOG] [Fast Refresh] rebuilding @ webpack-internal:///./node_modules/next/dist/client/components/react-dev-overlay/pages/hot-reloader-client.js:221
[   27381ms] [LOG] [Fast Refresh] rebuilding @ webpack-internal:///./node_modules/next/dist/client/components/react-dev-overlay/pages/hot-reloader-client.js:221
[   27432ms] [LOG] [Fast Refresh] rebuilding @ webpack-internal:///./node_modules/next/dist/client/components/react-dev-overlay/pages/hot-reloader-client.js:221
[   27483ms] [LOG] [Fast Refresh] rebuilding @ webpack-internal:///./node_modules/next/dist/client/components/react-dev-overlay/pages/hot-reloader-client.js:221
[   27534ms] [LOG] [Fast Refresh] rebuilding @ webpack-internal:///./node_modules/next/dist/client/components/react-dev-overlay/pages/hot-reloader-client.js:221
[   27585ms] [LOG] [Fast Refresh] rebuilding @ webpack-internal:///./node_modules/next/dist/client/components/react-dev-overlay/pages/hot-reloader-client.js:221
[   27636ms] [LOG] [Fast Refresh] rebuilding @ webpack-internal:///./node_modules/next/dist/client/components/react-dev-overlay/pages/hot-reloader-client.js:221
[   27686ms] [LOG] [Fast Refresh] rebuilding @ webpack-internal:///./node_modules/next/dist/client/components/react-dev-overlay/pages/hot-reloader-client.js:221
[   27737ms] [LOG] [Fast Refresh] rebuilding @ webpack-internal:///./node_modules/next/dist/client/components/react-dev-overlay/pages/hot-reloader-client.js:221
[   27788ms] [LOG] [Fast Refresh] rebuilding @ webpack-internal:///./node_modules/next/dist/client/components/react-dev-overlay/pages/hot-reloader-client.js:221
[   27839ms] [LOG] [Fast Refresh] rebuilding @ webpack-internal:///./node_modules/next/dist/client/components/react-dev-overlay/pages/hot-reloader-client.js:221
[   27890ms] [LOG] [Fast Refresh] rebuilding @ webpack-internal:///./node_modules/next/dist/client/components/react-dev-overlay/pages/hot-reloader-client.js:221
[   27941ms] [LOG] [Fast Refresh] rebuilding @ webpack-internal:///./node_modules/next/dist/client/components/react-dev-overlay/pages/hot-reloader-client.js:221
[   27991ms] [LOG] [Fast Refresh] rebuilding @ webpack-internal:///./node_modules/next/dist/client/components/react-dev-overlay/pages/hot-reloader-client.js:221
[   28042ms] [LOG] [Fast Refresh] rebuilding @ webpack-internal:///./node_modules/next/dist/client/components/react-dev-overlay/pages/hot-reloader-client.js:221
[   28093ms] [LOG] [Fast Refresh] rebuilding @ webpack-internal:///./node_modules/next/dist/client/components/react-dev-overlay/pages/hot-reloader-client.js:221
[   28144ms] [LOG] [Fast Refresh] rebuilding @ webpack-internal:///./node_modules/next/dist/client/components/react-dev-overlay/pages/hot-reloader-client.js:221
[   28195ms] [LOG] [Fast Refresh] rebuilding @ webpack-internal:///./node_modules/next/dist/client/components/react-dev-overlay/pages/hot-reloader-client.js:221
[   28247ms] [LOG] [Fast Refresh] rebuilding @ webpack-internal:///./node_modules/next/dist/client/components/react-dev-overlay/pages/hot-reloader-client.js:221
[   28297ms] [LOG] [Fast Refresh] rebuilding @ webpack-internal:///./node_modules/next/dist/client/components/react-dev-overlay/pages/hot-reloader-client.js:221
[   28348ms] [LOG] [Fast Refresh] rebuilding @ webpack-internal:///./node_modules/next/dist/client/components/react-dev-overlay/pages/hot-reloader-client.js:221
[   28399ms] [LOG] [Fast Refresh] rebuilding @ webpack-internal:///./node_modules/next/dist/client/components/react-dev-overlay/pages/hot-reloader-client.js:221
[   28450ms] [LOG] [Fast Refresh] rebuilding @ webpack-internal:///./node_modules/next/dist/client/components/react-dev-overlay/pages/hot-reloader-client.js:221
[   28501ms] [LOG] [Fast Refresh] rebuilding @ webpack-internal:///./node_modules/next/dist/client/components/react-dev-overlay/pages/hot-reloader-client.js:221
[   28552ms] [LOG] [Fast Refresh] rebuilding @ webpack-internal:///./node_modules/next/dist/client/components/react-dev-overlay/pages/hot-reloader-client.js:221
[   28603ms] [LOG] [Fast Refresh] rebuilding @ webpack-internal:///./node_modules/next/dist/client/components/react-dev-overlay/pages/hot-reloader-client.js:221
[   28654ms] [LOG] [Fast Refresh] rebuilding @ webpack-internal:///./node_modules/next/dist/client/components/react-dev-overlay/pages/hot-reloader-client.js:221
[   28704ms] [LOG] [Fast Refresh] rebuilding @ webpack-internal:///./node_modules/next/dist/client/components/react-dev-overlay/pages/hot-reloader-client.js:221
[   28755ms] [LOG] [Fast Refresh] rebuilding @ webpack-internal:///./node_modules/next/dist/client/components/react-dev-overlay/pages/hot-reloader-client.js:221
[   28805ms] [LOG] [Fast Refresh] rebuilding @ webpack-internal:///./node_modules/next/dist/client/components/react-dev-overlay/pages/hot-reloader-client.js:221
[   28856ms] [LOG] [Fast Refresh] rebuilding @ webpack-internal:///./node_modules/next/dist/client/components/react-dev-overlay/pages/hot-reloader-client.js:221
[   28907ms] [LOG] [Fast Refresh] rebuilding @ webpack-internal:///./node_modules/next/dist/client/components/react-dev-overlay/pages/hot-reloader-client.js:221
[   28958ms] [LOG] [Fast Refresh] rebuilding @ webpack-internal:///./node_modules/next/dist/client/components/react-dev-overlay/pages/hot-reloader-client.js:221
[   29009ms] [LOG] [Fast Refresh] rebuilding @ webpack-internal:///./node_modules/next/dist/client/components/react-dev-overlay/pages/hot-reloader-client.js:221
[   29060ms] [LOG] [Fast Refresh] rebuilding @ webpack-internal:///./node_modules/next/dist/client/components/react-dev-overlay/pages/hot-reloader-client.js:221
[   29111ms] [LOG] [Fast Refresh] rebuilding @ webpack-internal:///./node_modules/next/dist/client/components/react-dev-overlay/pages/hot-reloader-client.js:221
[   29162ms] [LOG] [Fast Refresh] rebuilding @ webpack-internal:///./node_modules/next/dist/client/components/react-dev-overlay/pages/hot-reloader-client.js:221
[   29213ms] [LOG] [Fast Refresh] rebuilding @ webpack-internal:///./node_modules/next/dist/client/components/react-dev-overlay/pages/hot-reloader-client.js:221
[   29264ms] [LOG] [Fast Refresh] rebuilding @ webpack-internal:///./node_modules/next/dist/client/components/react-dev-overlay/pages/hot-reloader-client.js:221
[   29314ms] [LOG] [Fast Refresh] rebuilding @ webpack-internal:///./node_modules/next/dist/client/components/react-dev-overlay/pages/hot-reloader-client.js:221
[   29366ms] [LOG] [Fast Refresh] rebuilding @ webpack-internal:///./node_modules/next/dist/client/components/react-dev-overlay/pages/hot-reloader-client.js:221
[   29417ms] [LOG] [Fast Refresh] rebuilding @ webpack-internal:///./node_modules/next/dist/client/components/react-dev-overlay/pages/hot-reloader-client.js:221
[   29468ms] [LOG] [Fast Refresh] rebuilding @ webpack-internal:///./node_modules/next/dist/client/components/react-dev-overlay/pages/hot-reloader-client.js:221
[   29519ms] [LOG] [Fast Refresh] rebuilding @ webpack-internal:///./node_modules/next/dist/client/components/react-dev-overlay/pages/hot-reloader-client.js:221
[   29570ms] [LOG] [Fast Refresh] rebuilding @ webpack-internal:///./node_modules/next/dist/client/components/react-dev-overlay/pages/hot-reloader-client.js:221
[   29621ms] [LOG] [Fast Refresh] rebuilding @ webpack-internal:///./node_modules/next/dist/client/components/react-dev-overlay/pages/hot-reloader-client.js:221
[   29672ms] [LOG] [Fast Refresh] rebuilding @ webpack-internal:///./node_modules/next/dist/client/components/react-dev-overlay/pages/hot-reloader-client.js:221
[   29723ms] [LOG] [Fast Refresh] rebuilding @ webpack-internal:///./node_modules/next/dist/client/components/react-dev-overlay/pages/hot-reloader-client.js:221
[   29774ms] [LOG] [Fast Refresh] rebuilding @ webpack-internal:///./node_modules/next/dist/client/components/react-dev-overlay/pages/hot-reloader-client.js:221
[   29825ms] [LOG] [Fast Refresh] rebuilding @ webpack-internal:///./node_modules/next/dist/client/components/react-dev-overlay/pages/hot-reloader-client.js:221
[   29876ms] [LOG] [Fast Refresh] rebuilding @ webpack-internal:///./node_modules/next/dist/client/components/react-dev-overlay/pages/hot-reloader-client.js:221
[   29927ms] [LOG] [Fast Refresh] rebuilding @ webpack-internal:///./node_modules/next/dist/client/components/react-dev-overlay/pages/hot-reloader-client.js:221
[   29977ms] [LOG] [Fast Refresh] rebuilding @ webpack-internal:///./node_modules/next/dist/client/components/react-dev-overlay/pages/hot-reloader-client.js:221
[   30028ms] [LOG] [Fast Refresh] rebuilding @ webpack-internal:///./node_modules/next/dist/client/components/react-dev-overlay/pages/hot-reloader-client.js:221
[   30079ms] [LOG] [Fast Refresh] rebuilding @ webpack-internal:///./node_modules/next/dist/client/components/react-dev-overlay/pages/hot-reloader-client.js:221
[   30130ms] [LOG] [Fast Refresh] rebuilding @ webpack-internal:///./node_modules/next/dist/client/components/react-dev-overlay/pages/hot-reloader-client.js:221
[   30181ms] [LOG] [Fast Refresh] rebuilding @ webpack-internal:///./node_modules/next/dist/client/components/react-dev-overlay/pages/hot-reloader-client.js:221
[   30232ms] [LOG] [Fast Refresh] rebuilding @ webpack-internal:///./node_modules/next/dist/client/components/react-dev-overlay/pages/hot-reloader-client.js:221
[   30282ms] [LOG] [Fast Refresh] rebuilding @ webpack-internal:///./node_modules/next/dist/client/components/react-dev-overlay/pages/hot-reloader-client.js:221
[   30332ms] [LOG] [Fast Refresh] rebuilding @ webpack-internal:///./node_modules/next/dist/client/components/react-dev-overlay/pages/hot-reloader-client.js:221
[   30383ms] [LOG] [Fast Refresh] rebuilding @ webpack-internal:///./node_modules/next/dist/client/components/react-dev-overlay/pages/hot-reloader-client.js:221
[   30434ms] [LOG] [Fast Refresh] rebuilding @ webpack-internal:///./node_modules/next/dist/client/components/react-dev-overlay/pages/hot-reloader-client.js:221
[   30486ms] [LOG] [Fast Refresh] rebuilding @ webpack-internal:///./node_modules/next/dist/client/components/react-dev-overlay/pages/hot-reloader-client.js:221
[   30536ms] [LOG] [Fast Refresh] rebuilding @ webpack-internal:///./node_modules/next/dist/client/components/react-dev-overlay/pages/hot-reloader-client.js:221
[   30587ms] [LOG] [Fast Refresh] rebuilding @ webpack-internal:///./node_modules/next/dist/client/components/react-dev-overlay/pages/hot-reloader-client.js:221
[   30638ms] [LOG] [Fast Refresh] rebuilding @ webpack-internal:///./node_modules/next/dist/client/components/react-dev-overlay/pages/hot-reloader-client.js:221
[   30689ms] [LOG] [Fast Refresh] rebuilding @ webpack-internal:///./node_modules/next/dist/client/components/react-dev-overlay/pages/hot-reloader-client.js:221
[   30740ms] [LOG] [Fast Refresh] rebuilding @ webpack-internal:///./node_modules/next/dist/client/components/react-dev-overlay/pages/hot-reloader-client.js:221
[   30793ms] [LOG] [Fast Refresh] rebuilding @ webpack-internal:///./node_modules/next/dist/client/components/react-dev-overlay/pages/hot-reloader-client.js:221
[   30841ms] [LOG] [Fast Refresh] rebuilding @ webpack-internal:///./node_modules/next/dist/client/components/react-dev-overlay/pages/hot-reloader-client.js:221
[   30892ms] [LOG] [Fast Refresh] rebuilding @ webpack-internal:///./node_modules/next/dist/client/components/react-dev-overlay/pages/hot-reloader-client.js:221
[   30953ms] [LOG] [Fast Refresh] rebuilding @ webpack-internal:///./node_modules/next/dist/client/components/react-dev-overlay/pages/hot-reloader-client.js:221
[   30993ms] [LOG] [Fast Refresh] rebuilding @ webpack-internal:///./node_modules/next/dist/client/components/react-dev-overlay/pages/hot-reloader-client.js:221
[   31045ms] [LOG] [Fast Refresh] rebuilding @ webpack-internal:///./node_modules/next/dist/client/components/react-dev-overlay/pages/hot-reloader-client.js:221
[   31095ms] [LOG] [Fast Refresh] rebuilding @ webpack-internal:///./node_modules/next/dist/client/components/react-dev-overlay/pages/hot-reloader-client.js:221
[   31146ms] [LOG] [Fast Refresh] rebuilding @ webpack-internal:///./node_modules/next/dist/client/components/react-dev-overlay/pages/hot-reloader-client.js:221
[   31197ms] [LOG] [Fast Refresh] rebuilding @ webpack-internal:///./node_modules/next/dist/client/components/react-dev-overlay/pages/hot-reloader-client.js:221
[   31248ms] [LOG] [Fast Refresh] rebuilding @ webpack-internal:///./node_modules/next/dist/client/components/react-dev-overlay/pages/hot-reloader-client.js:221
[   31299ms] [LOG] [Fast Refresh] rebuilding @ webpack-internal:///./node_modules/next/dist/client/components/react-dev-overlay/pages/hot-reloader-client.js:221
[   31350ms] [LOG] [Fast Refresh] rebuilding @ webpack-internal:///./node_modules/next/dist/client/components/react-dev-overlay/pages/hot-reloader-client.js:221
[   31408ms] [LOG] [Fast Refresh] rebuilding @ webpack-internal:///./node_modules/next/dist/client/components/react-dev-overlay/pages/hot-reloader-client.js:221
[   31452ms] [LOG] [Fast Refresh] rebuilding @ webpack-internal:///./node_modules/next/dist/client/components/react-dev-overlay/pages/hot-reloader-client.js:221
[   31503ms] [LOG] [Fast Refresh] rebuilding @ webpack-internal:///./node_modules/next/dist/client/components/react-dev-overlay/pages/hot-reloader-client.js:221
[   31553ms] [LOG] [Fast Refresh] rebuilding @ webpack-internal:///./node_modules/next/dist/client/components/react-dev-overlay/pages/hot-reloader-client.js:221
[   31604ms] [LOG] [Fast Refresh] rebuilding @ webpack-internal:///./node_modules/next/dist/client/components/react-dev-overlay/pages/hot-reloader-client.js:221
[   31655ms] [LOG] [Fast Refresh] rebuilding @ webpack-internal:///./node_modules/next/dist/client/components/react-dev-overlay/pages/hot-reloader-client.js:221
[   31706ms] [LOG] [Fast Refresh] rebuilding @ webpack-internal:///./node_modules/next/dist/client/components/react-dev-overlay/pages/hot-reloader-client.js:221
[   31757ms] [LOG] [Fast Refresh] rebuilding @ webpack-internal:///./node_modules/next/dist/client/components/react-dev-overlay/pages/hot-reloader-client.js:221
[   31807ms] [LOG] [Fast Refresh] rebuilding @ webpack-internal:///./node_modules/next/dist/client/components/react-dev-overlay/pages/hot-reloader-client.js:221
[   31858ms] [LOG] [Fast Refresh] rebuilding @ webpack-internal:///./node_modules/next/dist/client/components/react-dev-overlay/pages/hot-reloader-client.js:221
[   31909ms] [LOG] [Fast Refresh] rebuilding @ webpack-internal:///./node_modules/next/dist/client/components/react-dev-overlay/pages/hot-reloader-client.js:221
[   31959ms] [LOG] [Fast Refresh] rebuilding @ webpack-internal:///./node_modules/next/dist/client/components/react-dev-overlay/pages/hot-reloader-client.js:221
[   32010ms] [LOG] [Fast Refresh] rebuilding @ webpack-internal:///./node_modules/next/dist/client/components/react-dev-overlay/pages/hot-reloader-client.js:221
[   32061ms] [LOG] [Fast Refresh] rebuilding @ webpack-internal:///./node_modules/next/dist/client/components/react-dev-overlay/pages/hot-reloader-client.js:221
[   32112ms] [LOG] [Fast Refresh] rebuilding @ webpack-internal:///./node_modules/next/dist/client/components/react-dev-overlay/pages/hot-reloader-client.js:221
[   32163ms] [LOG] [Fast Refresh] rebuilding @ webpack-internal:///./node_modules/next/dist/client/components/react-dev-overlay/pages/hot-reloader-client.js:221
[   32214ms] [LOG] [Fast Refresh] rebuilding @ webpack-internal:///./node_modules/next/dist/client/components/react-dev-overlay/pages/hot-reloader-client.js:221
[   32265ms] [LOG] [Fast Refresh] rebuilding @ webpack-internal:///./node_modules/next/dist/client/components/react-dev-overlay/pages/hot-reloader-client.js:221
[   32316ms] [LOG] [Fast Refresh] rebuilding @ webpack-internal:///./node_modules/next/dist/client/components/react-dev-overlay/pages/hot-reloader-client.js:221
[   32366ms] [LOG] [Fast Refresh] rebuilding @ webpack-internal:///./node_modules/next/dist/client/components/react-dev-overlay/pages/hot-reloader-client.js:221
[   32418ms] [LOG] [Fast Refresh] rebuilding @ webpack-internal:///./node_modules/next/dist/client/components/react-dev-overlay/pages/hot-reloader-client.js:221
[   32468ms] [LOG] [Fast Refresh] rebuilding @ webpack-internal:///./node_modules/next/dist/client/components/react-dev-overlay/pages/hot-reloader-client.js:221
[   32518ms] [LOG] [Fast Refresh] rebuilding @ webpack-internal:///./node_modules/next/dist/client/components/react-dev-overlay/pages/hot-reloader-client.js:221
[   32569ms] [LOG] [Fast Refresh] rebuilding @ webpack-internal:///./node_modules/next/dist/client/components/react-dev-overlay/pages/hot-reloader-client.js:221
[   32620ms] [LOG] [Fast Refresh] rebuilding @ webpack-internal:///./node_modules/next/dist/client/components/react-dev-overlay/pages/hot-reloader-client.js:221
[   32671ms] [LOG] [Fast Refresh] rebuilding @ webpack-internal:///./node_modules/next/dist/client/components/react-dev-overlay/pages/hot-reloader-client.js:221
[   32722ms] [LOG] [Fast Refresh] rebuilding @ webpack-internal:///./node_modules/next/dist/client/components/react-dev-overlay/pages/hot-reloader-client.js:221
[   32772ms] [LOG] [Fast Refresh] rebuilding @ webpack-internal:///./node_modules/next/dist/client/components/react-dev-overlay/pages/hot-reloader-client.js:221
[   32823ms] [LOG] [Fast Refresh] rebuilding @ webpack-internal:///./node_modules/next/dist/client/components/react-dev-overlay/pages/hot-reloader-client.js:221
[   32875ms] [LOG] [Fast Refresh] rebuilding @ webpack-internal:///./node_modules/next/dist/client/components/react-dev-overlay/pages/hot-reloader-client.js:221
[   32925ms] [LOG] [Fast Refresh] rebuilding @ webpack-internal:///./node_modules/next/dist/client/components/react-dev-overlay/pages/hot-reloader-client.js:221
[   32976ms] [LOG] [Fast Refresh] rebuilding @ webpack-internal:///./node_modules/next/dist/client/components/react-dev-overlay/pages/hot-reloader-client.js:221
[   33026ms] [LOG] [Fast Refresh] rebuilding @ webpack-internal:///./node_modules/next/dist/client/components/react-dev-overlay/pages/hot-reloader-client.js:221
[   33076ms] [LOG] [Fast Refresh] rebuilding @ webpack-internal:///./node_modules/next/dist/client/components/react-dev-overlay/pages/hot-reloader-client.js:221
[   33127ms] [LOG] [Fast Refresh] rebuilding @ webpack-internal:///./node_modules/next/dist/client/components/react-dev-overlay/pages/hot-reloader-client.js:221
[   33178ms] [LOG] [Fast Refresh] rebuilding @ webpack-internal:///./node_modules/next/dist/client/components/react-dev-overlay/pages/hot-reloader-client.js:221
[   33229ms] [LOG] [Fast Refresh] rebuilding @ webpack-internal:///./node_modules/next/dist/client/components/react-dev-overlay/pages/hot-reloader-client.js:221
[   33280ms] [LOG] [Fast Refresh] rebuilding @ webpack-internal:///./node_modules/next/dist/client/components/react-dev-overlay/pages/hot-reloader-client.js:221
[   33332ms] [LOG] [Fast Refresh] rebuilding @ webpack-internal:///./node_modules/next/dist/client/components/react-dev-overlay/pages/hot-reloader-client.js:221
[   33382ms] [LOG] [Fast Refresh] rebuilding @ webpack-internal:///./node_modules/next/dist/client/components/react-dev-overlay/pages/hot-reloader-client.js:221
[   33441ms] [LOG] [Fast Refresh] rebuilding @ webpack-internal:///./node_modules/next/dist/client/components/react-dev-overlay/pages/hot-reloader-client.js:221
[   33483ms] [LOG] [Fast Refresh] rebuilding @ webpack-internal:///./node_modules/next/dist/client/components/react-dev-overlay/pages/hot-reloader-client.js:221
[   33534ms] [LOG] [Fast Refresh] rebuilding @ webpack-internal:///./node_modules/next/dist/client/components/react-dev-overlay/pages/hot-reloader-client.js:221
[   33585ms] [LOG] [Fast Refresh] rebuilding @ webpack-internal:///./node_modules/next/dist/client/components/react-dev-overlay/pages/hot-reloader-client.js:221
[   33636ms] [LOG] [Fast Refresh] rebuilding @ webpack-internal:///./node_modules/next/dist/client/components/react-dev-overlay/pages/hot-reloader-client.js:221
[   33687ms] [LOG] [Fast Refresh] rebuilding @ webpack-internal:///./node_modules/next/dist/client/components/react-dev-overlay/pages/hot-reloader-client.js:221
[   33738ms] [LOG] [Fast Refresh] rebuilding @ webpack-internal:///./node_modules/next/dist/client/components/react-dev-overlay/pages/hot-reloader-client.js:221
[   33778ms] [LOG] [Fast Refresh] rebuilding @ webpack-internal:///./node_modules/next/dist/client/components/react-dev-overlay/pages/hot-reloader-client.js:221
[   33807ms] [LOG] [Fast Refresh] rebuilding @ webpack-internal:///./node_modules/next/dist/client/components/react-dev-overlay/pages/hot-reloader-client.js:221
[   33835ms] [LOG] [Fast Refresh] rebuilding @ webpack-internal:///./node_modules/next/dist/client/components/react-dev-overlay/pages/hot-reloader-client.js:221
[   33883ms] [LOG] [Fast Refresh] rebuilding @ webpack-internal:///./node_modules/next/dist/client/components/react-dev-overlay/pages/hot-reloader-client.js:221
[   33934ms] [LOG] [Fast Refresh] rebuilding @ webpack-internal:///./node_modules/next/dist/client/components/react-dev-overlay/pages/hot-reloader-client.js:221
[   33985ms] [LOG] [Fast Refresh] rebuilding @ webpack-internal:///./node_modules/next/dist/client/components/react-dev-overlay/pages/hot-reloader-client.js:221
[   34036ms] [LOG] [Fast Refresh] rebuilding @ webpack-internal:///./node_modules/next/dist/client/components/react-dev-overlay/pages/hot-reloader-client.js:221
[   34087ms] [LOG] [Fast Refresh] rebuilding @ webpack-internal:///./node_modules/next/dist/client/components/react-dev-overlay/pages/hot-reloader-client.js:221
[   34138ms] [LOG] [Fast Refresh] rebuilding @ webpack-internal:///./node_modules/next/dist/client/components/react-dev-overlay/pages/hot-reloader-client.js:221
[   34189ms] [LOG] [Fast Refresh] rebuilding @ webpack-internal:///./node_modules/next/dist/client/components/react-dev-overlay/pages/hot-reloader-client.js:221
[   34240ms] [LOG] [Fast Refresh] rebuilding @ webpack-internal:///./node_modules/next/dist/client/components/react-dev-overlay/pages/hot-reloader-client.js:221
[   34291ms] [LOG] [Fast Refresh] rebuilding @ webpack-internal:///./node_modules/next/dist/client/components/react-dev-overlay/pages/hot-reloader-client.js:221
[   34342ms] [LOG] [Fast Refresh] rebuilding @ webpack-internal:///./node_modules/next/dist/client/components/react-dev-overlay/pages/hot-reloader-client.js:221
[   34393ms] [LOG] [Fast Refresh] rebuilding @ webpack-internal:///./node_modules/next/dist/client/components/react-dev-overlay/pages/hot-reloader-client.js:221
[   34444ms] [LOG] [Fast Refresh] rebuilding @ webpack-internal:///./node_modules/next/dist/client/components/react-dev-overlay/pages/hot-reloader-client.js:221
[   34495ms] [LOG] [Fast Refresh] rebuilding @ webpack-internal:///./node_modules/next/dist/client/components/react-dev-overlay/pages/hot-reloader-client.js:221
[   34546ms] [LOG] [Fast Refresh] rebuilding @ webpack-internal:///./node_modules/next/dist/client/components/react-dev-overlay/pages/hot-reloader-client.js:221
[   34597ms] [LOG] [Fast Refresh] rebuilding @ webpack-internal:///./node_modules/next/dist/client/components/react-dev-overlay/pages/hot-reloader-client.js:221
[   34648ms] [LOG] [Fast Refresh] rebuilding @ webpack-internal:///./node_modules/next/dist/client/components/react-dev-overlay/pages/hot-reloader-client.js:221
[   34699ms] [LOG] [Fast Refresh] rebuilding @ webpack-internal:///./node_modules/next/dist/client/components/react-dev-overlay/pages/hot-reloader-client.js:221
[   34749ms] [LOG] [Fast Refresh] rebuilding @ webpack-internal:///./node_modules/next/dist/client/components/react-dev-overlay/pages/hot-reloader-client.js:221
[   34802ms] [LOG] [Fast Refresh] rebuilding @ webpack-internal:///./node_modules/next/dist/client/components/react-dev-overlay/pages/hot-reloader-client.js:221
[   34852ms] [LOG] [Fast Refresh] rebuilding @ webpack-internal:///./node_modules/next/dist/client/components/react-dev-overlay/pages/hot-reloader-client.js:221
[   34902ms] [LOG] [Fast Refresh] rebuilding @ webpack-internal:///./node_modules/next/dist/client/components/react-dev-overlay/pages/hot-reloader-client.js:221
[   34953ms] [LOG] [Fast Refresh] rebuilding @ webpack-internal:///./node_modules/next/dist/client/components/react-dev-overlay/pages/hot-reloader-client.js:221
[   35005ms] [LOG] [Fast Refresh] rebuilding @ webpack-internal:///./node_modules/next/dist/client/components/react-dev-overlay/pages/hot-reloader-client.js:221
[   35056ms] [LOG] [Fast Refresh] rebuilding @ webpack-internal:///./node_modules/next/dist/client/components/react-dev-overlay/pages/hot-reloader-client.js:221
[   35105ms] [LOG] [Fast Refresh] rebuilding @ webpack-internal:///./node_modules/next/dist/client/components/react-dev-overlay/pages/hot-reloader-client.js:221
[   35157ms] [LOG] [Fast Refresh] rebuilding @ webpack-internal:///./node_modules/next/dist/client/components/react-dev-overlay/pages/hot-reloader-client.js:221
[   35208ms] [LOG] [Fast Refresh] rebuilding @ webpack-internal:///./node_modules/next/dist/client/components/react-dev-overlay/pages/hot-reloader-client.js:221
[   35259ms] [LOG] [Fast Refresh] rebuilding @ webpack-internal:///./node_modules/next/dist/client/components/react-dev-overlay/pages/hot-reloader-client.js:221
[   35310ms] [LOG] [Fast Refresh] rebuilding @ webpack-internal:///./node_modules/next/dist/client/components/react-dev-overlay/pages/hot-reloader-client.js:221
[   35361ms] [LOG] [Fast Refresh] rebuilding @ webpack-internal:///./node_modules/next/dist/client/components/react-dev-overlay/pages/hot-reloader-client.js:221
[   35412ms] [LOG] [Fast Refresh] rebuilding @ webpack-internal:///./node_modules/next/dist/client/components/react-dev-overlay/pages/hot-reloader-client.js:221
[   35462ms] [LOG] [Fast Refresh] rebuilding @ webpack-internal:///./node_modules/next/dist/client/components/react-dev-overlay/pages/hot-reloader-client.js:221
[   35513ms] [LOG] [Fast Refresh] rebuilding @ webpack-internal:///./node_modules/next/dist/client/components/react-dev-overlay/pages/hot-reloader-client.js:221
[   35565ms] [LOG] [Fast Refresh] rebuilding @ webpack-internal:///./node_modules/next/dist/client/components/react-dev-overlay/pages/hot-reloader-client.js:221
[   35616ms] [LOG] [Fast Refresh] rebuilding @ webpack-internal:///./node_modules/next/dist/client/components/react-dev-overlay/pages/hot-reloader-client.js:221
[   35666ms] [LOG] [Fast Refresh] rebuilding @ webpack-internal:///./node_modules/next/dist/client/components/react-dev-overlay/pages/hot-reloader-client.js:221
[   35718ms] [LOG] [Fast Refresh] rebuilding @ webpack-internal:///./node_modules/next/dist/client/components/react-dev-overlay/pages/hot-reloader-client.js:221
[   35768ms] [LOG] [Fast Refresh] rebuilding @ webpack-internal:///./node_modules/next/dist/client/components/react-dev-overlay/pages/hot-reloader-client.js:221
[   35820ms] [LOG] [Fast Refresh] rebuilding @ webpack-internal:///./node_modules/next/dist/client/components/react-dev-overlay/pages/hot-reloader-client.js:221
[   35871ms] [LOG] [Fast Refresh] rebuilding @ webpack-internal:///./node_modules/next/dist/client/components/react-dev-overlay/pages/hot-reloader-client.js:221
[   35922ms] [LOG] [Fast Refresh] rebuilding @ webpack-internal:///./node_modules/next/dist/client/components/react-dev-overlay/pages/hot-reloader-client.js:221
[   35972ms] [LOG] [Fast Refresh] rebuilding @ webpack-internal:///./node_modules/next/dist/client/components/react-dev-overlay/pages/hot-reloader-client.js:221
[   36023ms] [LOG] [Fast Refresh] rebuilding @ webpack-internal:///./node_modules/next/dist/client/components/react-dev-overlay/pages/hot-reloader-client.js:221
[   36073ms] [LOG] [Fast Refresh] rebuilding @ webpack-internal:///./node_modules/next/dist/client/components/react-dev-overlay/pages/hot-reloader-client.js:221
[   36124ms] [LOG] [Fast Refresh] rebuilding @ webpack-internal:///./node_modules/next/dist/client/components/react-dev-overlay/pages/hot-reloader-client.js:221
[   36174ms] [LOG] [Fast Refresh] rebuilding @ webpack-internal:///./node_modules/next/dist/client/components/react-dev-overlay/pages/hot-reloader-client.js:221
[   36225ms] [LOG] [Fast Refresh] rebuilding @ webpack-internal:///./node_modules/next/dist/client/components/react-dev-overlay/pages/hot-reloader-client.js:221
[   36276ms] [LOG] [Fast Refresh] rebuilding @ webpack-internal:///./node_modules/next/dist/client/components/react-dev-overlay/pages/hot-reloader-client.js:221
[   36326ms] [LOG] [Fast Refresh] rebuilding @ webpack-internal:///./node_modules/next/dist/client/components/react-dev-overlay/pages/hot-reloader-client.js:221
[   36378ms] [LOG] [Fast Refresh] rebuilding @ webpack-internal:///./node_modules/next/dist/client/components/react-dev-overlay/pages/hot-reloader-client.js:221
[   36429ms] [LOG] [Fast Refresh] rebuilding @ webpack-internal:///./node_modules/next/dist/client/components/react-dev-overlay/pages/hot-reloader-client.js:221
[   36480ms] [LOG] [Fast Refresh] rebuilding @ webpack-internal:///./node_modules/next/dist/client/components/react-dev-overlay/pages/hot-reloader-client.js:221
[   36530ms] [LOG] [Fast Refresh] rebuilding @ webpack-internal:///./node_modules/next/dist/client/components/react-dev-overlay/pages/hot-reloader-client.js:221
[   36581ms] [LOG] [Fast Refresh] rebuilding @ webpack-internal:///./node_modules/next/dist/client/components/react-dev-overlay/pages/hot-reloader-client.js:221
[   36632ms] [LOG] [Fast Refresh] rebuilding @ webpack-internal:///./node_modules/next/dist/client/components/react-dev-overlay/pages/hot-reloader-client.js:221
[   36683ms] [LOG] [Fast Refresh] rebuilding @ webpack-internal:///./node_modules/next/dist/client/components/react-dev-overlay/pages/hot-reloader-client.js:221
[   36734ms] [LOG] [Fast Refresh] rebuilding @ webpack-internal:///./node_modules/next/dist/client/components/react-dev-overlay/pages/hot-reloader-client.js:221
[   36784ms] [LOG] [Fast Refresh] rebuilding @ webpack-internal:///./node_modules/next/dist/client/components/react-dev-overlay/pages/hot-reloader-client.js:221
[   36836ms] [LOG] [Fast Refresh] rebuilding @ webpack-internal:///./node_modules/next/dist/client/components/react-dev-overlay/pages/hot-reloader-client.js:221
[   36886ms] [LOG] [Fast Refresh] rebuilding @ webpack-internal:///./node_modules/next/dist/client/components/react-dev-overlay/pages/hot-reloader-client.js:221
[   36937ms] [LOG] [Fast Refresh] rebuilding @ webpack-internal:///./node_modules/next/dist/client/components/react-dev-overlay/pages/hot-reloader-client.js:221
[   36989ms] [LOG] [Fast Refresh] rebuilding @ webpack-internal:///./node_modules/next/dist/client/components/react-dev-overlay/pages/hot-reloader-client.js:221
[   37040ms] [LOG] [Fast Refresh] rebuilding @ webpack-internal:///./node_modules/next/dist/client/components/react-dev-overlay/pages/hot-reloader-client.js:221
[   37091ms] [LOG] [Fast Refresh] rebuilding @ webpack-internal:///./node_modules/next/dist/client/components/react-dev-overlay/pages/hot-reloader-client.js:221
[   37141ms] [LOG] [Fast Refresh] rebuilding @ webpack-internal:///./node_modules/next/dist/client/components/react-dev-overlay/pages/hot-reloader-client.js:221
[   37192ms] [LOG] [Fast Refresh] rebuilding @ webpack-internal:///./node_modules/next/dist/client/components/react-dev-overlay/pages/hot-reloader-client.js:221
[   37243ms] [LOG] [Fast Refresh] rebuilding @ webpack-internal:///./node_modules/next/dist/client/components/react-dev-overlay/pages/hot-reloader-client.js:221
[   37294ms] [LOG] [Fast Refresh] rebuilding @ webpack-internal:///./node_modules/next/dist/client/components/react-dev-overlay/pages/hot-reloader-client.js:221
[   37345ms] [LOG] [Fast Refresh] rebuilding @ webpack-internal:///./node_modules/next/dist/client/components/react-dev-overlay/pages/hot-reloader-client.js:221
[   37396ms] [LOG] [Fast Refresh] rebuilding @ webpack-internal:///./node_modules/next/dist/client/components/react-dev-overlay/pages/hot-reloader-client.js:221
[   37446ms] [LOG] [Fast Refresh] rebuilding @ webpack-internal:///./node_modules/next/dist/client/components/react-dev-overlay/pages/hot-reloader-client.js:221
[   37497ms] [LOG] [Fast Refresh] rebuilding @ webpack-internal:///./node_modules/next/dist/client/components/react-dev-overlay/pages/hot-reloader-client.js:221
[   37547ms] [LOG] [Fast Refresh] rebuilding @ webpack-internal:///./node_modules/next/dist/client/components/react-dev-overlay/pages/hot-reloader-client.js:221
[   37597ms] [LOG] [Fast Refresh] rebuilding @ webpack-internal:///./node_modules/next/dist/client/components/react-dev-overlay/pages/hot-reloader-client.js:221
[   37649ms] [LOG] [Fast Refresh] rebuilding @ webpack-internal:///./node_modules/next/dist/client/components/react-dev-overlay/pages/hot-reloader-client.js:221
[   37699ms] [LOG] [Fast Refresh] rebuilding @ webpack-internal:///./node_modules/next/dist/client/components/react-dev-overlay/pages/hot-reloader-client.js:221
[   37750ms] [LOG] [Fast Refresh] rebuilding @ webpack-internal:///./node_modules/next/dist/client/components/react-dev-overlay/pages/hot-reloader-client.js:221
[   37801ms] [LOG] [Fast Refresh] rebuilding @ webpack-internal:///./node_modules/next/dist/client/components/react-dev-overlay/pages/hot-reloader-client.js:221
[   37852ms] [LOG] [Fast Refresh] rebuilding @ webpack-internal:///./node_modules/next/dist/client/components/react-dev-overlay/pages/hot-reloader-client.js:221
[   37903ms] [LOG] [Fast Refresh] rebuilding @ webpack-internal:///./node_modules/next/dist/client/components/react-dev-overlay/pages/hot-reloader-client.js:221
[   37954ms] [LOG] [Fast Refresh] rebuilding @ webpack-internal:///./node_modules/next/dist/client/components/react-dev-overlay/pages/hot-reloader-client.js:221
[   38005ms] [LOG] [Fast Refresh] rebuilding @ webpack-internal:///./node_modules/next/dist/client/components/react-dev-overlay/pages/hot-reloader-client.js:221
[   38055ms] [LOG] [Fast Refresh] rebuilding @ webpack-internal:///./node_modules/next/dist/client/components/react-dev-overlay/pages/hot-reloader-client.js:221
[   38105ms] [LOG] [Fast Refresh] rebuilding @ webpack-internal:///./node_modules/next/dist/client/components/react-dev-overlay/pages/hot-reloader-client.js:221
[   38157ms] [LOG] [Fast Refresh] rebuilding @ webpack-internal:///./node_modules/next/dist/client/components/react-dev-overlay/pages/hot-reloader-client.js:221
[   38208ms] [LOG] [Fast Refresh] rebuilding @ webpack-internal:///./node_modules/next/dist/client/components/react-dev-overlay/pages/hot-reloader-client.js:221
[   38259ms] [LOG] [Fast Refresh] rebuilding @ webpack-internal:///./node_modules/next/dist/client/components/react-dev-overlay/pages/hot-reloader-client.js:221
[   38310ms] [LOG] [Fast Refresh] rebuilding @ webpack-internal:///./node_modules/next/dist/client/components/react-dev-overlay/pages/hot-reloader-client.js:221
[   38361ms] [LOG] [Fast Refresh] rebuilding @ webpack-internal:///./node_modules/next/dist/client/components/react-dev-overlay/pages/hot-reloader-client.js:221
[   38412ms] [LOG] [Fast Refresh] rebuilding @ webpack-internal:///./node_modules/next/dist/client/components/react-dev-overlay/pages/hot-reloader-client.js:221
[   38463ms] [LOG] [Fast Refresh] rebuilding @ webpack-internal:///./node_modules/next/dist/client/components/react-dev-overlay/pages/hot-reloader-client.js:221
[   38513ms] [LOG] [Fast Refresh] rebuilding @ webpack-internal:///./node_modules/next/dist/client/components/react-dev-overlay/pages/hot-reloader-client.js:221
[   38564ms] [LOG] [Fast Refresh] rebuilding @ webpack-internal:///./node_modules/next/dist/client/components/react-dev-overlay/pages/hot-reloader-client.js:221
[   38615ms] [LOG] [Fast Refresh] rebuilding @ webpack-internal:///./node_modules/next/dist/client/components/react-dev-overlay/pages/hot-reloader-client.js:221
[   38666ms] [LOG] [Fast Refresh] rebuilding @ webpack-internal:///./node_modules/next/dist/client/components/react-dev-overlay/pages/hot-reloader-client.js:221
[   38717ms] [LOG] [Fast Refresh] rebuilding @ webpack-internal:///./node_modules/next/dist/client/components/react-dev-overlay/pages/hot-reloader-client.js:221
[   38768ms] [LOG] [Fast Refresh] rebuilding @ webpack-internal:///./node_modules/next/dist/client/components/react-dev-overlay/pages/hot-reloader-client.js:221
[   38819ms] [LOG] [Fast Refresh] rebuilding @ webpack-internal:///./node_modules/next/dist/client/components/react-dev-overlay/pages/hot-reloader-client.js:221
[   38870ms] [LOG] [Fast Refresh] rebuilding @ webpack-internal:///./node_modules/next/dist/client/components/react-dev-overlay/pages/hot-reloader-client.js:221
[   38921ms] [LOG] [Fast Refresh] rebuilding @ webpack-internal:///./node_modules/next/dist/client/components/react-dev-overlay/pages/hot-reloader-client.js:221
[   38972ms] [LOG] [Fast Refresh] rebuilding @ webpack-internal:///./node_modules/next/dist/client/components/react-dev-overlay/pages/hot-reloader-client.js:221
[   39023ms] [LOG] [Fast Refresh] rebuilding @ webpack-internal:///./node_modules/next/dist/client/components/react-dev-overlay/pages/hot-reloader-client.js:221
[   39074ms] [LOG] [Fast Refresh] rebuilding @ webpack-internal:///./node_modules/next/dist/client/components/react-dev-overlay/pages/hot-reloader-client.js:221
[   39124ms] [LOG] [Fast Refresh] rebuilding @ webpack-internal:///./node_modules/next/dist/client/components/react-dev-overlay/pages/hot-reloader-client.js:221
[   39175ms] [LOG] [Fast Refresh] rebuilding @ webpack-internal:///./node_modules/next/dist/client/components/react-dev-overlay/pages/hot-reloader-client.js:221
[   39227ms] [LOG] [Fast Refresh] rebuilding @ webpack-internal:///./node_modules/next/dist/client/components/react-dev-overlay/pages/hot-reloader-client.js:221
[   39277ms] [LOG] [Fast Refresh] rebuilding @ webpack-internal:///./node_modules/next/dist/client/components/react-dev-overlay/pages/hot-reloader-client.js:221
[   39328ms] [LOG] [Fast Refresh] rebuilding @ webpack-internal:///./node_modules/next/dist/client/components/react-dev-overlay/pages/hot-reloader-client.js:221
[   39378ms] [LOG] [Fast Refresh] rebuilding @ webpack-internal:///./node_modules/next/dist/client/components/react-dev-overlay/pages/hot-reloader-client.js:221
[   39430ms] [LOG] [Fast Refresh] rebuilding @ webpack-internal:///./node_modules/next/dist/client/components/react-dev-overlay/pages/hot-reloader-client.js:221
[   39481ms] [LOG] [Fast Refresh] rebuilding @ webpack-internal:///./node_modules/next/dist/client/components/react-dev-overlay/pages/hot-reloader-client.js:221
[   39531ms] [LOG] [Fast Refresh] rebuilding @ webpack-internal:///./node_modules/next/dist/client/components/react-dev-overlay/pages/hot-reloader-client.js:221
[   39582ms] [LOG] [Fast Refresh] rebuilding @ webpack-internal:///./node_modules/next/dist/client/components/react-dev-overlay/pages/hot-reloader-client.js:221
[   39633ms] [LOG] [Fast Refresh] rebuilding @ webpack-internal:///./node_modules/next/dist/client/components/react-dev-overlay/pages/hot-reloader-client.js:221
[   39683ms] [LOG] [Fast Refresh] rebuilding @ webpack-internal:///./node_modules/next/dist/client/components/react-dev-overlay/pages/hot-reloader-client.js:221
[   39734ms] [LOG] [Fast Refresh] rebuilding @ webpack-internal:///./node_modules/next/dist/client/components/react-dev-overlay/pages/hot-reloader-client.js:221
[   39784ms] [LOG] [Fast Refresh] rebuilding @ webpack-internal:///./node_modules/next/dist/client/components/react-dev-overlay/pages/hot-reloader-client.js:221
[   39835ms] [LOG] [Fast Refresh] rebuilding @ webpack-internal:///./node_modules/next/dist/client/components/react-dev-overlay/pages/hot-reloader-client.js:221
[   39886ms] [LOG] [Fast Refresh] rebuilding @ webpack-internal:///./node_modules/next/dist/client/components/react-dev-overlay/pages/hot-reloader-client.js:221
[   39936ms] [LOG] [Fast Refresh] rebuilding @ webpack-internal:///./node_modules/next/dist/client/components/react-dev-overlay/pages/hot-reloader-client.js:221
[   39987ms] [LOG] [Fast Refresh] rebuilding @ webpack-internal:///./node_modules/next/dist/client/components/react-dev-overlay/pages/hot-reloader-client.js:221
[   40038ms] [LOG] [Fast Refresh] rebuilding @ webpack-internal:///./node_modules/next/dist/client/components/react-dev-overlay/pages/hot-reloader-client.js:221
[   40089ms] [LOG] [Fast Refresh] rebuilding @ webpack-internal:///./node_modules/next/dist/client/components/react-dev-overlay/pages/hot-reloader-client.js:221
[   40140ms] [LOG] [Fast Refresh] rebuilding @ webpack-internal:///./node_modules/next/dist/client/components/react-dev-overlay/pages/hot-reloader-client.js:221
[   40190ms] [LOG] [Fast Refresh] rebuilding @ webpack-internal:///./node_modules/next/dist/client/components/react-dev-overlay/pages/hot-reloader-client.js:221
[   40242ms] [LOG] [Fast Refresh] rebuilding @ webpack-internal:///./node_modules/next/dist/client/components/react-dev-overlay/pages/hot-reloader-client.js:221
[   40291ms] [LOG] [Fast Refresh] rebuilding @ webpack-internal:///./node_modules/next/dist/client/components/react-dev-overlay/pages/hot-reloader-client.js:221
[   40342ms] [LOG] [Fast Refresh] rebuilding @ webpack-internal:///./node_modules/next/dist/client/components/react-dev-overlay/pages/hot-reloader-client.js:221
[   40393ms] [LOG] [Fast Refresh] rebuilding @ webpack-internal:///./node_modules/next/dist/client/components/react-dev-overlay/pages/hot-reloader-client.js:221
[   40444ms] [LOG] [Fast Refresh] rebuilding @ webpack-internal:///./node_modules/next/dist/client/components/react-dev-overlay/pages/hot-reloader-client.js:221
[   40495ms] [LOG] [Fast Refresh] rebuilding @ webpack-internal:///./node_modules/next/dist/client/components/react-dev-overlay/pages/hot-reloader-client.js:221
[   40546ms] [LOG] [Fast Refresh] rebuilding @ webpack-internal:///./node_modules/next/dist/client/components/react-dev-overlay/pages/hot-reloader-client.js:221
[   40597ms] [LOG] [Fast Refresh] rebuilding @ webpack-internal:///./node_modules/next/dist/client/components/react-dev-overlay/pages/hot-reloader-client.js:221
[   40647ms] [LOG] [Fast Refresh] rebuilding @ webpack-internal:///./node_modules/next/dist/client/components/react-dev-overlay/pages/hot-reloader-client.js:221
[   40698ms] [LOG] [Fast Refresh] rebuilding @ webpack-internal:///./node_modules/next/dist/client/components/react-dev-overlay/pages/hot-reloader-client.js:221
[   40749ms] [LOG] [Fast Refresh] rebuilding @ webpack-internal:///./node_modules/next/dist/client/components/react-dev-overlay/pages/hot-reloader-client.js:221
[   40800ms] [LOG] [Fast Refresh] rebuilding @ webpack-internal:///./node_modules/next/dist/client/components/react-dev-overlay/pages/hot-reloader-client.js:221
[   40851ms] [LOG] [Fast Refresh] rebuilding @ webpack-internal:///./node_modules/next/dist/client/components/react-dev-overlay/pages/hot-reloader-client.js:221
[   40902ms] [LOG] [Fast Refresh] rebuilding @ webpack-internal:///./node_modules/next/dist/client/components/react-dev-overlay/pages/hot-reloader-client.js:221
[   40953ms] [LOG] [Fast Refresh] rebuilding @ webpack-internal:///./node_modules/next/dist/client/components/react-dev-overlay/pages/hot-reloader-client.js:221
[   41003ms] [LOG] [Fast Refresh] rebuilding @ webpack-internal:///./node_modules/next/dist/client/components/react-dev-overlay/pages/hot-reloader-client.js:221
[   41055ms] [LOG] [Fast Refresh] rebuilding @ webpack-internal:///./node_modules/next/dist/client/components/react-dev-overlay/pages/hot-reloader-client.js:221
[   41106ms] [LOG] [Fast Refresh] rebuilding @ webpack-internal:///./node_modules/next/dist/client/components/react-dev-overlay/pages/hot-reloader-client.js:221
[   41157ms] [LOG] [Fast Refresh] rebuilding @ webpack-internal:///./node_modules/next/dist/client/components/react-dev-overlay/pages/hot-reloader-client.js:221
[   41207ms] [LOG] [Fast Refresh] rebuilding @ webpack-internal:///./node_modules/next/dist/client/components/react-dev-overlay/pages/hot-reloader-client.js:221
[   41258ms] [LOG] [Fast Refresh] rebuilding @ webpack-internal:///./node_modules/next/dist/client/components/react-dev-overlay/pages/hot-reloader-client.js:221
[   41309ms] [LOG] [Fast Refresh] rebuilding @ webpack-internal:///./node_modules/next/dist/client/components/react-dev-overlay/pages/hot-reloader-client.js:221
[   41360ms] [LOG] [Fast Refresh] rebuilding @ webpack-internal:///./node_modules/next/dist/client/components/react-dev-overlay/pages/hot-reloader-client.js:221
[   41411ms] [LOG] [Fast Refresh] rebuilding @ webpack-internal:///./node_modules/next/dist/client/components/react-dev-overlay/pages/hot-reloader-client.js:221
[   41462ms] [LOG] [Fast Refresh] rebuilding @ webpack-internal:///./node_modules/next/dist/client/components/react-dev-overlay/pages/hot-reloader-client.js:221
[   41513ms] [LOG] [Fast Refresh] rebuilding @ webpack-internal:///./node_modules/next/dist/client/components/react-dev-overlay/pages/hot-reloader-client.js:221
[   41564ms] [LOG] [Fast Refresh] rebuilding @ webpack-internal:///./node_modules/next/dist/client/components/react-dev-overlay/pages/hot-reloader-client.js:221
[   41615ms] [LOG] [Fast Refresh] rebuilding @ webpack-internal:///./node_modules/next/dist/client/components/react-dev-overlay/pages/hot-reloader-client.js:221
[   41666ms] [LOG] [Fast Refresh] rebuilding @ webpack-internal:///./node_modules/next/dist/client/components/react-dev-overlay/pages/hot-reloader-client.js:221
[   41717ms] [LOG] [Fast Refresh] rebuilding @ webpack-internal:///./node_modules/next/dist/client/components/react-dev-overlay/pages/hot-reloader-client.js:221
[   41767ms] [LOG] [Fast Refresh] rebuilding @ webpack-internal:///./node_modules/next/dist/client/components/react-dev-overlay/pages/hot-reloader-client.js:221
[   41819ms] [LOG] [Fast Refresh] rebuilding @ webpack-internal:///./node_modules/next/dist/client/components/react-dev-overlay/pages/hot-reloader-client.js:221
[   41869ms] [LOG] [Fast Refresh] rebuilding @ webpack-internal:///./node_modules/next/dist/client/components/react-dev-overlay/pages/hot-reloader-client.js:221
[   41920ms] [LOG] [Fast Refresh] rebuilding @ webpack-internal:///./node_modules/next/dist/client/components/react-dev-overlay/pages/hot-reloader-client.js:221
[   41971ms] [LOG] [Fast Refresh] rebuilding @ webpack-internal:///./node_modules/next/dist/client/components/react-dev-overlay/pages/hot-reloader-client.js:221
[   42022ms] [LOG] [Fast Refresh] rebuilding @ webpack-internal:///./node_modules/next/dist/client/components/react-dev-overlay/pages/hot-reloader-client.js:221
[   42073ms] [LOG] [Fast Refresh] rebuilding @ webpack-internal:///./node_modules/next/dist/client/components/react-dev-overlay/pages/hot-reloader-client.js:221
[   42125ms] [LOG] [Fast Refresh] rebuilding @ webpack-internal:///./node_modules/next/dist/client/components/react-dev-overlay/pages/hot-reloader-client.js:221
[   42176ms] [LOG] [Fast Refresh] rebuilding @ webpack-internal:///./node_modules/next/dist/client/components/react-dev-overlay/pages/hot-reloader-client.js:221
[   42227ms] [LOG] [Fast Refresh] rebuilding @ webpack-internal:///./node_modules/next/dist/client/components/react-dev-overlay/pages/hot-reloader-client.js:221
[   42278ms] [LOG] [Fast Refresh] rebuilding @ webpack-internal:///./node_modules/next/dist/client/components/react-dev-overlay/pages/hot-reloader-client.js:221
[   42328ms] [LOG] [Fast Refresh] rebuilding @ webpack-internal:///./node_modules/next/dist/client/components/react-dev-overlay/pages/hot-reloader-client.js:221
[   42380ms] [LOG] [Fast Refresh] rebuilding @ webpack-internal:///./node_modules/next/dist/client/components/react-dev-overlay/pages/hot-reloader-client.js:221
[   42431ms] [LOG] [Fast Refresh] rebuilding @ webpack-internal:///./node_modules/next/dist/client/components/react-dev-overlay/pages/hot-reloader-client.js:221
[   42482ms] [LOG] [Fast Refresh] rebuilding @ webpack-internal:///./node_modules/next/dist/client/components/react-dev-overlay/pages/hot-reloader-client.js:221
[   42533ms] [LOG] [Fast Refresh] rebuilding @ webpack-internal:///./node_modules/next/dist/client/components/react-dev-overlay/pages/hot-reloader-client.js:221
[   42583ms] [LOG] [Fast Refresh] rebuilding @ webpack-internal:///./node_modules/next/dist/client/components/react-dev-overlay/pages/hot-reloader-client.js:221
[   42634ms] [LOG] [Fast Refresh] rebuilding @ webpack-internal:///./node_modules/next/dist/client/components/react-dev-overlay/pages/hot-reloader-client.js:221
[   42685ms] [LOG] [Fast Refresh] rebuilding @ webpack-internal:///./node_modules/next/dist/client/components/react-dev-overlay/pages/hot-reloader-client.js:221
[   42737ms] [LOG] [Fast Refresh] rebuilding @ webpack-internal:///./node_modules/next/dist/client/components/react-dev-overlay/pages/hot-reloader-client.js:221
[   42786ms] [LOG] [Fast Refresh] rebuilding @ webpack-internal:///./node_modules/next/dist/client/components/react-dev-overlay/pages/hot-reloader-client.js:221
[   42837ms] [LOG] [Fast Refresh] rebuilding @ webpack-internal:///./node_modules/next/dist/client/components/react-dev-overlay/pages/hot-reloader-client.js:221
[   42889ms] [LOG] [Fast Refresh] rebuilding @ webpack-internal:///./node_modules/next/dist/client/components/react-dev-overlay/pages/hot-reloader-client.js:221
[   42940ms] [LOG] [Fast Refresh] rebuilding @ webpack-internal:///./node_modules/next/dist/client/components/react-dev-overlay/pages/hot-reloader-client.js:221
[   42990ms] [LOG] [Fast Refresh] rebuilding @ webpack-internal:///./node_modules/next/dist/client/components/react-dev-overlay/pages/hot-reloader-client.js:221
[   43040ms] [LOG] [Fast Refresh] rebuilding @ webpack-internal:///./node_modules/next/dist/client/components/react-dev-overlay/pages/hot-reloader-client.js:221
[   43091ms] [LOG] [Fast Refresh] rebuilding @ webpack-internal:///./node_modules/next/dist/client/components/react-dev-overlay/pages/hot-reloader-client.js:221
[   43142ms] [LOG] [Fast Refresh] rebuilding @ webpack-internal:///./node_modules/next/dist/client/components/react-dev-overlay/pages/hot-reloader-client.js:221
[   43194ms] [LOG] [Fast Refresh] rebuilding @ webpack-internal:///./node_modules/next/dist/client/components/react-dev-overlay/pages/hot-reloader-client.js:221
[   43244ms] [LOG] [Fast Refresh] rebuilding @ webpack-internal:///./node_modules/next/dist/client/components/react-dev-overlay/pages/hot-reloader-client.js:221
[   43294ms] [LOG] [Fast Refresh] rebuilding @ webpack-internal:///./node_modules/next/dist/client/components/react-dev-overlay/pages/hot-reloader-client.js:221
[   43345ms] [LOG] [Fast Refresh] rebuilding @ webpack-internal:///./node_modules/next/dist/client/components/react-dev-overlay/pages/hot-reloader-client.js:221
[   43396ms] [LOG] [Fast Refresh] rebuilding @ webpack-internal:///./node_modules/next/dist/client/components/react-dev-overlay/pages/hot-reloader-client.js:221
[   43447ms] [LOG] [Fast Refresh] rebuilding @ webpack-internal:///./node_modules/next/dist/client/components/react-dev-overlay/pages/hot-reloader-client.js:221
[   43498ms] [LOG] [Fast Refresh] rebuilding @ webpack-internal:///./node_modules/next/dist/client/components/react-dev-overlay/pages/hot-reloader-client.js:221
[   43549ms] [LOG] [Fast Refresh] rebuilding @ webpack-internal:///./node_modules/next/dist/client/components/react-dev-overlay/pages/hot-reloader-client.js:221
[   43600ms] [LOG] [Fast Refresh] rebuilding @ webpack-internal:///./node_modules/next/dist/client/components/react-dev-overlay/pages/hot-reloader-client.js:221
[   43651ms] [LOG] [Fast Refresh] rebuilding @ webpack-internal:///./node_modules/next/dist/client/components/react-dev-overlay/pages/hot-reloader-client.js:221
[   43702ms] [LOG] [Fast Refresh] rebuilding @ webpack-internal:///./node_modules/next/dist/client/components/react-dev-overlay/pages/hot-reloader-client.js:221
[   43752ms] [LOG] [Fast Refresh] rebuilding @ webpack-internal:///./node_modules/next/dist/client/components/react-dev-overlay/pages/hot-reloader-client.js:221
[   43803ms] [LOG] [Fast Refresh] rebuilding @ webpack-internal:///./node_modules/next/dist/client/components/react-dev-overlay/pages/hot-reloader-client.js:221
[   43854ms] [LOG] [Fast Refresh] rebuilding @ webpack-internal:///./node_modules/next/dist/client/components/react-dev-overlay/pages/hot-reloader-client.js:221
[   43905ms] [LOG] [Fast Refresh] rebuilding @ webpack-internal:///./node_modules/next/dist/client/components/react-dev-overlay/pages/hot-reloader-client.js:221
[   43956ms] [LOG] [Fast Refresh] rebuilding @ webpack-internal:///./node_modules/next/dist/client/components/react-dev-overlay/pages/hot-reloader-client.js:221
[   44007ms] [LOG] [Fast Refresh] rebuilding @ webpack-internal:///./node_modules/next/dist/client/components/react-dev-overlay/pages/hot-reloader-client.js:221
[   44057ms] [LOG] [Fast Refresh] rebuilding @ webpack-internal:///./node_modules/next/dist/client/components/react-dev-overlay/pages/hot-reloader-client.js:221
[   44108ms] [LOG] [Fast Refresh] rebuilding @ webpack-internal:///./node_modules/next/dist/client/components/react-dev-overlay/pages/hot-reloader-client.js:221
[   44159ms] [LOG] [Fast Refresh] rebuilding @ webpack-internal:///./node_modules/next/dist/client/components/react-dev-overlay/pages/hot-reloader-client.js:221
[   44210ms] [LOG] [Fast Refresh] rebuilding @ webpack-internal:///./node_modules/next/dist/client/components/react-dev-overlay/pages/hot-reloader-client.js:221
[   44261ms] [LOG] [Fast Refresh] rebuilding @ webpack-internal:///./node_modules/next/dist/client/components/react-dev-overlay/pages/hot-reloader-client.js:221
[   44312ms] [LOG] [Fast Refresh] rebuilding @ webpack-internal:///./node_modules/next/dist/client/components/react-dev-overlay/pages/hot-reloader-client.js:221
[   44363ms] [LOG] [Fast Refresh] rebuilding @ webpack-internal:///./node_modules/next/dist/client/components/react-dev-overlay/pages/hot-reloader-client.js:221
[   44413ms] [LOG] [Fast Refresh] rebuilding @ webpack-internal:///./node_modules/next/dist/client/components/react-dev-overlay/pages/hot-reloader-client.js:221
[   44464ms] [LOG] [Fast Refresh] rebuilding @ webpack-internal:///./node_modules/next/dist/client/components/react-dev-overlay/pages/hot-reloader-client.js:221
[   44515ms] [LOG] [Fast Refresh] rebuilding @ webpack-internal:///./node_modules/next/dist/client/components/react-dev-overlay/pages/hot-reloader-client.js:221
[   44566ms] [LOG] [Fast Refresh] rebuilding @ webpack-internal:///./node_modules/next/dist/client/components/react-dev-overlay/pages/hot-reloader-client.js:221
[   44617ms] [LOG] [Fast Refresh] rebuilding @ webpack-internal:///./node_modules/next/dist/client/components/react-dev-overlay/pages/hot-reloader-client.js:221
[   44668ms] [LOG] [Fast Refresh] rebuilding @ webpack-internal:///./node_modules/next/dist/client/components/react-dev-overlay/pages/hot-reloader-client.js:221
[   44719ms] [LOG] [Fast Refresh] rebuilding @ webpack-internal:///./node_modules/next/dist/client/components/react-dev-overlay/pages/hot-reloader-client.js:221
[   44771ms] [LOG] [Fast Refresh] rebuilding @ webpack-internal:///./node_modules/next/dist/client/components/react-dev-overlay/pages/hot-reloader-client.js:221
[   44822ms] [LOG] [Fast Refresh] rebuilding @ webpack-internal:///./node_modules/next/dist/client/components/react-dev-overlay/pages/hot-reloader-client.js:221
[   44872ms] [LOG] [Fast Refresh] rebuilding @ webpack-internal:///./node_modules/next/dist/client/components/react-dev-overlay/pages/hot-reloader-client.js:221
[   44924ms] [LOG] [Fast Refresh] rebuilding @ webpack-internal:///./node_modules/next/dist/client/components/react-dev-overlay/pages/hot-reloader-client.js:221
[   44975ms] [LOG] [Fast Refresh] rebuilding @ webpack-internal:///./node_modules/next/dist/client/components/react-dev-overlay/pages/hot-reloader-client.js:221
[   45026ms] [LOG] [Fast Refresh] rebuilding @ webpack-internal:///./node_modules/next/dist/client/components/react-dev-overlay/pages/hot-reloader-client.js:221
[   45077ms] [LOG] [Fast Refresh] rebuilding @ webpack-internal:///./node_modules/next/dist/client/components/react-dev-overlay/pages/hot-reloader-client.js:221
[   45127ms] [LOG] [Fast Refresh] rebuilding @ webpack-internal:///./node_modules/next/dist/client/components/react-dev-overlay/pages/hot-reloader-client.js:221
[   45178ms] [LOG] [Fast Refresh] rebuilding @ webpack-internal:///./node_modules/next/dist/client/components/react-dev-overlay/pages/hot-reloader-client.js:221
[   45228ms] [LOG] [Fast Refresh] rebuilding @ webpack-internal:///./node_modules/next/dist/client/components/react-dev-overlay/pages/hot-reloader-client.js:221
[   45280ms] [LOG] [Fast Refresh] rebuilding @ webpack-internal:///./node_modules/next/dist/client/components/react-dev-overlay/pages/hot-reloader-client.js:221
[   45331ms] [LOG] [Fast Refresh] rebuilding @ webpack-internal:///./node_modules/next/dist/client/components/react-dev-overlay/pages/hot-reloader-client.js:221
[   45382ms] [LOG] [Fast Refresh] rebuilding @ webpack-internal:///./node_modules/next/dist/client/components/react-dev-overlay/pages/hot-reloader-client.js:221
[   45433ms] [LOG] [Fast Refresh] rebuilding @ webpack-internal:///./node_modules/next/dist/client/components/react-dev-overlay/pages/hot-reloader-client.js:221
[   45483ms] [LOG] [Fast Refresh] rebuilding @ webpack-internal:///./node_modules/next/dist/client/components/react-dev-overlay/pages/hot-reloader-client.js:221
[   45534ms] [LOG] [Fast Refresh] rebuilding @ webpack-internal:///./node_modules/next/dist/client/components/react-dev-overlay/pages/hot-reloader-client.js:221
[   45585ms] [LOG] [Fast Refresh] rebuilding @ webpack-internal:///./node_modules/next/dist/client/components/react-dev-overlay/pages/hot-reloader-client.js:221
[   45636ms] [LOG] [Fast Refresh] rebuilding @ webpack-internal:///./node_modules/next/dist/client/components/react-dev-overlay/pages/hot-reloader-client.js:221
[   45687ms] [LOG] [Fast Refresh] rebuilding @ webpack-internal:///./node_modules/next/dist/client/components/react-dev-overlay/pages/hot-reloader-client.js:221
[   45738ms] [LOG] [Fast Refresh] rebuilding @ webpack-internal:///./node_modules/next/dist/client/components/react-dev-overlay/pages/hot-reloader-client.js:221
[   45789ms] [LOG] [Fast Refresh] rebuilding @ webpack-internal:///./node_modules/next/dist/client/components/react-dev-overlay/pages/hot-reloader-client.js:221
[   45839ms] [LOG] [Fast Refresh] rebuilding @ webpack-internal:///./node_modules/next/dist/client/components/react-dev-overlay/pages/hot-reloader-client.js:221
[   45890ms] [LOG] [Fast Refresh] rebuilding @ webpack-internal:///./node_modules/next/dist/client/components/react-dev-overlay/pages/hot-reloader-client.js:221
[   45941ms] [LOG] [Fast Refresh] rebuilding @ webpack-internal:///./node_modules/next/dist/client/components/react-dev-overlay/pages/hot-reloader-client.js:221
[   45992ms] [LOG] [Fast Refresh] rebuilding @ webpack-internal:///./node_modules/next/dist/client/components/react-dev-overlay/pages/hot-reloader-client.js:221
[   46043ms] [LOG] [Fast Refresh] rebuilding @ webpack-internal:///./node_modules/next/dist/client/components/react-dev-overlay/pages/hot-reloader-client.js:221
[   46094ms] [LOG] [Fast Refresh] rebuilding @ webpack-internal:///./node_modules/next/dist/client/components/react-dev-overlay/pages/hot-reloader-client.js:221
[   46144ms] [LOG] [Fast Refresh] rebuilding @ webpack-internal:///./node_modules/next/dist/client/components/react-dev-overlay/pages/hot-reloader-client.js:221
[   46196ms] [LOG] [Fast Refresh] rebuilding @ webpack-internal:///./node_modules/next/dist/client/components/react-dev-overlay/pages/hot-reloader-client.js:221
[   46246ms] [LOG] [Fast Refresh] rebuilding @ webpack-internal:///./node_modules/next/dist/client/components/react-dev-overlay/pages/hot-reloader-client.js:221
[   46298ms] [LOG] [Fast Refresh] rebuilding @ webpack-internal:///./node_modules/next/dist/client/components/react-dev-overlay/pages/hot-reloader-client.js:221
[   46349ms] [LOG] [Fast Refresh] rebuilding @ webpack-internal:///./node_modules/next/dist/client/components/react-dev-overlay/pages/hot-reloader-client.js:221
[   46400ms] [LOG] [Fast Refresh] rebuilding @ webpack-internal:///./node_modules/next/dist/client/components/react-dev-overlay/pages/hot-reloader-client.js:221
[   46451ms] [LOG] [Fast Refresh] rebuilding @ webpack-internal:///./node_modules/next/dist/client/components/react-dev-overlay/pages/hot-reloader-client.js:221
[   46502ms] [LOG] [Fast Refresh] rebuilding @ webpack-internal:///./node_modules/next/dist/client/components/react-dev-overlay/pages/hot-reloader-client.js:221
[   46553ms] [LOG] [Fast Refresh] rebuilding @ webpack-internal:///./node_modules/next/dist/client/components/react-dev-overlay/pages/hot-reloader-client.js:221
[   46604ms] [LOG] [Fast Refresh] rebuilding @ webpack-internal:///./node_modules/next/dist/client/components/react-dev-overlay/pages/hot-reloader-client.js:221
[   46655ms] [LOG] [Fast Refresh] rebuilding @ webpack-internal:///./node_modules/next/dist/client/components/react-dev-overlay/pages/hot-reloader-client.js:221
[   46706ms] [LOG] [Fast Refresh] rebuilding @ webpack-internal:///./node_modules/next/dist/client/components/react-dev-overlay/pages/hot-reloader-client.js:221
[   46756ms] [LOG] [Fast Refresh] rebuilding @ webpack-internal:///./node_modules/next/dist/client/components/react-dev-overlay/pages/hot-reloader-client.js:221
[   46806ms] [LOG] [Fast Refresh] rebuilding @ webpack-internal:///./node_modules/next/dist/client/components/react-dev-overlay/pages/hot-reloader-client.js:221
[   46857ms] [LOG] [Fast Refresh] rebuilding @ webpack-internal:///./node_modules/next/dist/client/components/react-dev-overlay/pages/hot-reloader-client.js:221
[   46908ms] [LOG] [Fast Refresh] rebuilding @ webpack-internal:///./node_modules/next/dist/client/components/react-dev-overlay/pages/hot-reloader-client.js:221
[   46959ms] [LOG] [Fast Refresh] rebuilding @ webpack-internal:///./node_modules/next/dist/client/components/react-dev-overlay/pages/hot-reloader-client.js:221
[   47010ms] [LOG] [Fast Refresh] rebuilding @ webpack-internal:///./node_modules/next/dist/client/components/react-dev-overlay/pages/hot-reloader-client.js:221
[   47061ms] [LOG] [Fast Refresh] rebuilding @ webpack-internal:///./node_modules/next/dist/client/components/react-dev-overlay/pages/hot-reloader-client.js:221
[   47112ms] [LOG] [Fast Refresh] rebuilding @ webpack-internal:///./node_modules/next/dist/client/components/react-dev-overlay/pages/hot-reloader-client.js:221
[   47163ms] [LOG] [Fast Refresh] rebuilding @ webpack-internal:///./node_modules/next/dist/client/components/react-dev-overlay/pages/hot-reloader-client.js:221
[   47214ms] [LOG] [Fast Refresh] rebuilding @ webpack-internal:///./node_modules/next/dist/client/components/react-dev-overlay/pages/hot-reloader-client.js:221
[   47264ms] [LOG] [Fast Refresh] rebuilding @ webpack-internal:///./node_modules/next/dist/client/components/react-dev-overlay/pages/hot-reloader-client.js:221
[   47315ms] [LOG] [Fast Refresh] rebuilding @ webpack-internal:///./node_modules/next/dist/client/components/react-dev-overlay/pages/hot-reloader-client.js:221
[   47366ms] [LOG] [Fast Refresh] rebuilding @ webpack-internal:///./node_modules/next/dist/client/components/react-dev-overlay/pages/hot-reloader-client.js:221
[   47417ms] [LOG] [Fast Refresh] rebuilding @ webpack-internal:///./node_modules/next/dist/client/components/react-dev-overlay/pages/hot-reloader-client.js:221
[   47468ms] [LOG] [Fast Refresh] rebuilding @ webpack-internal:///./node_modules/next/dist/client/components/react-dev-overlay/pages/hot-reloader-client.js:221
[   47519ms] [LOG] [Fast Refresh] rebuilding @ webpack-internal:///./node_modules/next/dist/client/components/react-dev-overlay/pages/hot-reloader-client.js:221
[   47570ms] [LOG] [Fast Refresh] rebuilding @ webpack-internal:///./node_modules/next/dist/client/components/react-dev-overlay/pages/hot-reloader-client.js:221
[   47621ms] [LOG] [Fast Refresh] rebuilding @ webpack-internal:///./node_modules/next/dist/client/components/react-dev-overlay/pages/hot-reloader-client.js:221
[   47672ms] [LOG] [Fast Refresh] rebuilding @ webpack-internal:///./node_modules/next/dist/client/components/react-dev-overlay/pages/hot-reloader-client.js:221
[   47723ms] [LOG] [Fast Refresh] rebuilding @ webpack-internal:///./node_modules/next/dist/client/components/react-dev-overlay/pages/hot-reloader-client.js:221
[   47773ms] [LOG] [Fast Refresh] rebuilding @ webpack-internal:///./node_modules/next/dist/client/components/react-dev-overlay/pages/hot-reloader-client.js:221
[   47823ms] [LOG] [Fast Refresh] rebuilding @ webpack-internal:///./node_modules/next/dist/client/components/react-dev-overlay/pages/hot-reloader-client.js:221
[   47874ms] [LOG] [Fast Refresh] rebuilding @ webpack-internal:///./node_modules/next/dist/client/components/react-dev-overlay/pages/hot-reloader-client.js:221
[   47926ms] [LOG] [Fast Refresh] rebuilding @ webpack-internal:///./node_modules/next/dist/client/components/react-dev-overlay/pages/hot-reloader-client.js:221
[   47976ms] [LOG] [Fast Refresh] rebuilding @ webpack-internal:///./node_modules/next/dist/client/components/react-dev-overlay/pages/hot-reloader-client.js:221
[   48027ms] [LOG] [Fast Refresh] rebuilding @ webpack-internal:///./node_modules/next/dist/client/components/react-dev-overlay/pages/hot-reloader-client.js:221
[   48078ms] [LOG] [Fast Refresh] rebuilding @ webpack-internal:///./node_modules/next/dist/client/components/react-dev-overlay/pages/hot-reloader-client.js:221
[   48129ms] [LOG] [Fast Refresh] rebuilding @ webpack-internal:///./node_modules/next/dist/client/components/react-dev-overlay/pages/hot-reloader-client.js:221
[   48181ms] [LOG] [Fast Refresh] rebuilding @ webpack-internal:///./node_modules/next/dist/client/components/react-dev-overlay/pages/hot-reloader-client.js:221
[   48231ms] [LOG] [Fast Refresh] rebuilding @ webpack-internal:///./node_modules/next/dist/client/components/react-dev-overlay/pages/hot-reloader-client.js:221
[   48282ms] [LOG] [Fast Refresh] rebuilding @ webpack-internal:///./node_modules/next/dist/client/components/react-dev-overlay/pages/hot-reloader-client.js:221
[   48333ms] [LOG] [Fast Refresh] rebuilding @ webpack-internal:///./node_modules/next/dist/client/components/react-dev-overlay/pages/hot-reloader-client.js:221
[   48384ms] [LOG] [Fast Refresh] rebuilding @ webpack-internal:///./node_modules/next/dist/client/components/react-dev-overlay/pages/hot-reloader-client.js:221
[   48436ms] [LOG] [Fast Refresh] rebuilding @ webpack-internal:///./node_modules/next/dist/client/components/react-dev-overlay/pages/hot-reloader-client.js:221
[   48487ms] [LOG] [Fast Refresh] rebuilding @ webpack-internal:///./node_modules/next/dist/client/components/react-dev-overlay/pages/hot-reloader-client.js:221
[   48538ms] [LOG] [Fast Refresh] rebuilding @ webpack-internal:///./node_modules/next/dist/client/components/react-dev-overlay/pages/hot-reloader-client.js:221
[   48589ms] [LOG] [Fast Refresh] rebuilding @ webpack-internal:///./node_modules/next/dist/client/components/react-dev-overlay/pages/hot-reloader-client.js:221
[   48639ms] [LOG] [Fast Refresh] rebuilding @ webpack-internal:///./node_modules/next/dist/client/components/react-dev-overlay/pages/hot-reloader-client.js:221
[   48690ms] [LOG] [Fast Refresh] rebuilding @ webpack-internal:///./node_modules/next/dist/client/components/react-dev-overlay/pages/hot-reloader-client.js:221
[   48741ms] [LOG] [Fast Refresh] rebuilding @ webpack-internal:///./node_modules/next/dist/client/components/react-dev-overlay/pages/hot-reloader-client.js:221
[   48792ms] [LOG] [Fast Refresh] rebuilding @ webpack-internal:///./node_modules/next/dist/client/components/react-dev-overlay/pages/hot-reloader-client.js:221
[   48843ms] [LOG] [Fast Refresh] rebuilding @ webpack-internal:///./node_modules/next/dist/client/components/react-dev-overlay/pages/hot-reloader-client.js:221
[   48894ms] [LOG] [Fast Refresh] rebuilding @ webpack-internal:///./node_modules/next/dist/client/components/react-dev-overlay/pages/hot-reloader-client.js:221
[   48945ms] [LOG] [Fast Refresh] rebuilding @ webpack-internal:///./node_modules/next/dist/client/components/react-dev-overlay/pages/hot-reloader-client.js:221
[   48996ms] [LOG] [Fast Refresh] rebuilding @ webpack-internal:///./node_modules/next/dist/client/components/react-dev-overlay/pages/hot-reloader-client.js:221
[   49047ms] [LOG] [Fast Refresh] rebuilding @ webpack-internal:///./node_modules/next/dist/client/components/react-dev-overlay/pages/hot-reloader-client.js:221
[   49098ms] [LOG] [Fast Refresh] rebuilding @ webpack-internal:///./node_modules/next/dist/client/components/react-dev-overlay/pages/hot-reloader-client.js:221
[   49148ms] [LOG] [Fast Refresh] rebuilding @ webpack-internal:///./node_modules/next/dist/client/components/react-dev-overlay/pages/hot-reloader-client.js:221
[   49198ms] [LOG] [Fast Refresh] rebuilding @ webpack-internal:///./node_modules/next/dist/client/components/react-dev-overlay/pages/hot-reloader-client.js:221
[   49249ms] [LOG] [Fast Refresh] rebuilding @ webpack-internal:///./node_modules/next/dist/client/components/react-dev-overlay/pages/hot-reloader-client.js:221
[   49300ms] [LOG] [Fast Refresh] rebuilding @ webpack-internal:///./node_modules/next/dist/client/components/react-dev-overlay/pages/hot-reloader-client.js:221
[   49352ms] [LOG] [Fast Refresh] rebuilding @ webpack-internal:///./node_modules/next/dist/client/components/react-dev-overlay/pages/hot-reloader-client.js:221
[   49403ms] [LOG] [Fast Refresh] rebuilding @ webpack-internal:///./node_modules/next/dist/client/components/react-dev-overlay/pages/hot-reloader-client.js:221
[   49454ms] [LOG] [Fast Refresh] rebuilding @ webpack-internal:///./node_modules/next/dist/client/components/react-dev-overlay/pages/hot-reloader-client.js:221
[   49505ms] [LOG] [Fast Refresh] rebuilding @ webpack-internal:///./node_modules/next/dist/client/components/react-dev-overlay/pages/hot-reloader-client.js:221
[   49555ms] [LOG] [Fast Refresh] rebuilding @ webpack-internal:///./node_modules/next/dist/client/components/react-dev-overlay/pages/hot-reloader-client.js:221
[   49607ms] [LOG] [Fast Refresh] rebuilding @ webpack-internal:///./node_modules/next/dist/client/components/react-dev-overlay/pages/hot-reloader-client.js:221
[   49657ms] [LOG] [Fast Refresh] rebuilding @ webpack-internal:///./node_modules/next/dist/client/components/react-dev-overlay/pages/hot-reloader-client.js:221
[   49708ms] [LOG] [Fast Refresh] rebuilding @ webpack-internal:///./node_modules/next/dist/client/components/react-dev-overlay/pages/hot-reloader-client.js:221
[   49758ms] [LOG] [Fast Refresh] rebuilding @ webpack-internal:///./node_modules/next/dist/client/components/react-dev-overlay/pages/hot-reloader-client.js:221
[   49810ms] [LOG] [Fast Refresh] rebuilding @ webpack-internal:///./node_modules/next/dist/client/components/react-dev-overlay/pages/hot-reloader-client.js:221
[   49860ms] [LOG] [Fast Refresh] rebuilding @ webpack-internal:///./node_modules/next/dist/client/components/react-dev-overlay/pages/hot-reloader-client.js:221
[   49911ms] [LOG] [Fast Refresh] rebuilding @ webpack-internal:///./node_modules/next/dist/client/components/react-dev-overlay/pages/hot-reloader-client.js:221
[   49961ms] [LOG] [Fast Refresh] rebuilding @ webpack-internal:///./node_modules/next/dist/client/components/react-dev-overlay/pages/hot-reloader-client.js:221
[   50012ms] [LOG] [Fast Refresh] rebuilding @ webpack-internal:///./node_modules/next/dist/client/components/react-dev-overlay/pages/hot-reloader-client.js:221
[   50063ms] [LOG] [Fast Refresh] rebuilding @ webpack-internal:///./node_modules/next/dist/client/components/react-dev-overlay/pages/hot-reloader-client.js:221
[   50113ms] [LOG] [Fast Refresh] rebuilding @ webpack-internal:///./node_modules/next/dist/client/components/react-dev-overlay/pages/hot-reloader-client.js:221
[   50164ms] [LOG] [Fast Refresh] rebuilding @ webpack-internal:///./node_modules/next/dist/client/components/react-dev-overlay/pages/hot-reloader-client.js:221
[   50215ms] [LOG] [Fast Refresh] rebuilding @ webpack-internal:///./node_modules/next/dist/client/components/react-dev-overlay/pages/hot-reloader-client.js:221
[   50266ms] [LOG] [Fast Refresh] rebuilding @ webpack-internal:///./node_modules/next/dist/client/components/react-dev-overlay/pages/hot-reloader-client.js:221
[   50317ms] [LOG] [Fast Refresh] rebuilding @ webpack-internal:///./node_modules/next/dist/client/components/react-dev-overlay/pages/hot-reloader-client.js:221
[   50367ms] [LOG] [Fast Refresh] rebuilding @ webpack-internal:///./node_modules/next/dist/client/components/react-dev-overlay/pages/hot-reloader-client.js:221
[   50418ms] [LOG] [Fast Refresh] rebuilding @ webpack-internal:///./node_modules/next/dist/client/components/react-dev-overlay/pages/hot-reloader-client.js:221
[   50469ms] [LOG] [Fast Refresh] rebuilding @ webpack-internal:///./node_modules/next/dist/client/components/react-dev-overlay/pages/hot-reloader-client.js:221
[   50520ms] [LOG] [Fast Refresh] rebuilding @ webpack-internal:///./node_modules/next/dist/client/components/react-dev-overlay/pages/hot-reloader-client.js:221
[   50570ms] [LOG] [Fast Refresh] rebuilding @ webpack-internal:///./node_modules/next/dist/client/components/react-dev-overlay/pages/hot-reloader-client.js:221
[   50622ms] [LOG] [Fast Refresh] rebuilding @ webpack-internal:///./node_modules/next/dist/client/components/react-dev-overlay/pages/hot-reloader-client.js:221
[   50673ms] [LOG] [Fast Refresh] rebuilding @ webpack-internal:///./node_modules/next/dist/client/components/react-dev-overlay/pages/hot-reloader-client.js:221
[   50724ms] [LOG] [Fast Refresh] rebuilding @ webpack-internal:///./node_modules/next/dist/client/components/react-dev-overlay/pages/hot-reloader-client.js:221
[   50775ms] [LOG] [Fast Refresh] rebuilding @ webpack-internal:///./node_modules/next/dist/client/components/react-dev-overlay/pages/hot-reloader-client.js:221
[   50826ms] [LOG] [Fast Refresh] rebuilding @ webpack-internal:///./node_modules/next/dist/client/components/react-dev-overlay/pages/hot-reloader-client.js:221
[   50876ms] [LOG] [Fast Refresh] rebuilding @ webpack-internal:///./node_modules/next/dist/client/components/react-dev-overlay/pages/hot-reloader-client.js:221
[   50927ms] [LOG] [Fast Refresh] rebuilding @ webpack-internal:///./node_modules/next/dist/client/components/react-dev-overlay/pages/hot-reloader-client.js:221
[   50979ms] [LOG] [Fast Refresh] rebuilding @ webpack-internal:///./node_modules/next/dist/client/components/react-dev-overlay/pages/hot-reloader-client.js:221
[   51029ms] [LOG] [Fast Refresh] rebuilding @ webpack-internal:///./node_modules/next/dist/client/components/react-dev-overlay/pages/hot-reloader-client.js:221
[   51080ms] [LOG] [Fast Refresh] rebuilding @ webpack-internal:///./node_modules/next/dist/client/components/react-dev-overlay/pages/hot-reloader-client.js:221
[   51131ms] [LOG] [Fast Refresh] rebuilding @ webpack-internal:///./node_modules/next/dist/client/components/react-dev-overlay/pages/hot-reloader-client.js:221
[   51182ms] [LOG] [Fast Refresh] rebuilding @ webpack-internal:///./node_modules/next/dist/client/components/react-dev-overlay/pages/hot-reloader-client.js:221
[   51233ms] [LOG] [Fast Refresh] rebuilding @ webpack-internal:///./node_modules/next/dist/client/components/react-dev-overlay/pages/hot-reloader-client.js:221
[   51284ms] [LOG] [Fast Refresh] rebuilding @ webpack-internal:///./node_modules/next/dist/client/components/react-dev-overlay/pages/hot-reloader-client.js:221
[   51336ms] [LOG] [Fast Refresh] rebuilding @ webpack-internal:///./node_modules/next/dist/client/components/react-dev-overlay/pages/hot-reloader-client.js:221
[   51386ms] [LOG] [Fast Refresh] rebuilding @ webpack-internal:///./node_modules/next/dist/client/components/react-dev-overlay/pages/hot-reloader-client.js:221
[   51437ms] [LOG] [Fast Refresh] rebuilding @ webpack-internal:///./node_modules/next/dist/client/components/react-dev-overlay/pages/hot-reloader-client.js:221
[   51489ms] [LOG] [Fast Refresh] rebuilding @ webpack-internal:///./node_modules/next/dist/client/components/react-dev-overlay/pages/hot-reloader-client.js:221
[   51539ms] [LOG] [Fast Refresh] rebuilding @ webpack-internal:///./node_modules/next/dist/client/components/react-dev-overlay/pages/hot-reloader-client.js:221
[   51590ms] [LOG] [Fast Refresh] rebuilding @ webpack-internal:///./node_modules/next/dist/client/components/react-dev-overlay/pages/hot-reloader-client.js:221
[   51641ms] [LOG] [Fast Refresh] rebuilding @ webpack-internal:///./node_modules/next/dist/client/components/react-dev-overlay/pages/hot-reloader-client.js:221
[   51692ms] [LOG] [Fast Refresh] rebuilding @ webpack-internal:///./node_modules/next/dist/client/components/react-dev-overlay/pages/hot-reloader-client.js:221
[   51744ms] [LOG] [Fast Refresh] rebuilding @ webpack-internal:///./node_modules/next/dist/client/components/react-dev-overlay/pages/hot-reloader-client.js:221
[   51794ms] [LOG] [Fast Refresh] rebuilding @ webpack-internal:///./node_modules/next/dist/client/components/react-dev-overlay/pages/hot-reloader-client.js:221
[   51846ms] [LOG] [Fast Refresh] rebuilding @ webpack-internal:///./node_modules/next/dist/client/components/react-dev-overlay/pages/hot-reloader-client.js:221
[   51896ms] [LOG] [Fast Refresh] rebuilding @ webpack-internal:///./node_modules/next/dist/client/components/react-dev-overlay/pages/hot-reloader-client.js:221
[   51947ms] [LOG] [Fast Refresh] rebuilding @ webpack-internal:///./node_modules/next/dist/client/components/react-dev-overlay/pages/hot-reloader-client.js:221
[   51998ms] [LOG] [Fast Refresh] rebuilding @ webpack-internal:///./node_modules/next/dist/client/components/react-dev-overlay/pages/hot-reloader-client.js:221
[   52049ms] [LOG] [Fast Refresh] rebuilding @ webpack-internal:///./node_modules/next/dist/client/components/react-dev-overlay/pages/hot-reloader-client.js:221
[   52100ms] [LOG] [Fast Refresh] rebuilding @ webpack-internal:///./node_modules/next/dist/client/components/react-dev-overlay/pages/hot-reloader-client.js:221
[   52151ms] [LOG] [Fast Refresh] rebuilding @ webpack-internal:///./node_modules/next/dist/client/components/react-dev-overlay/pages/hot-reloader-client.js:221
[   52202ms] [LOG] [Fast Refresh] rebuilding @ webpack-internal:///./node_modules/next/dist/client/components/react-dev-overlay/pages/hot-reloader-client.js:221
[   52253ms] [LOG] [Fast Refresh] rebuilding @ webpack-internal:///./node_modules/next/dist/client/components/react-dev-overlay/pages/hot-reloader-client.js:221
[   52304ms] [LOG] [Fast Refresh] rebuilding @ webpack-internal:///./node_modules/next/dist/client/components/react-dev-overlay/pages/hot-reloader-client.js:221
[   52355ms] [LOG] [Fast Refresh] rebuilding @ webpack-internal:///./node_modules/next/dist/client/components/react-dev-overlay/pages/hot-reloader-client.js:221
[   52406ms] [LOG] [Fast Refresh] rebuilding @ webpack-internal:///./node_modules/next/dist/client/components/react-dev-overlay/pages/hot-reloader-client.js:221
[   52456ms] [LOG] [Fast Refresh] rebuilding @ webpack-internal:///./node_modules/next/dist/client/components/react-dev-overlay/pages/hot-reloader-client.js:221
[   52507ms] [LOG] [Fast Refresh] rebuilding @ webpack-internal:///./node_modules/next/dist/client/components/react-dev-overlay/pages/hot-reloader-client.js:221
[   52558ms] [LOG] [Fast Refresh] rebuilding @ webpack-internal:///./node_modules/next/dist/client/components/react-dev-overlay/pages/hot-reloader-client.js:221
[   52609ms] [LOG] [Fast Refresh] rebuilding @ webpack-internal:///./node_modules/next/dist/client/components/react-dev-overlay/pages/hot-reloader-client.js:221
[   52660ms] [LOG] [Fast Refresh] rebuilding @ webpack-internal:///./node_modules/next/dist/client/components/react-dev-overlay/pages/hot-reloader-client.js:221
[   52711ms] [LOG] [Fast Refresh] rebuilding @ webpack-internal:///./node_modules/next/dist/client/components/react-dev-overlay/pages/hot-reloader-client.js:221
[   52762ms] [LOG] [Fast Refresh] rebuilding @ webpack-internal:///./node_modules/next/dist/client/components/react-dev-overlay/pages/hot-reloader-client.js:221
[   52813ms] [LOG] [Fast Refresh] rebuilding @ webpack-internal:///./node_modules/next/dist/client/components/react-dev-overlay/pages/hot-reloader-client.js:221
[   52864ms] [LOG] [Fast Refresh] rebuilding @ webpack-internal:///./node_modules/next/dist/client/components/react-dev-overlay/pages/hot-reloader-client.js:221
[   52915ms] [LOG] [Fast Refresh] rebuilding @ webpack-internal:///./node_modules/next/dist/client/components/react-dev-overlay/pages/hot-reloader-client.js:221
[   52966ms] [LOG] [Fast Refresh] rebuilding @ webpack-internal:///./node_modules/next/dist/client/components/react-dev-overlay/pages/hot-reloader-client.js:221
[   53017ms] [LOG] [Fast Refresh] rebuilding @ webpack-internal:///./node_modules/next/dist/client/components/react-dev-overlay/pages/hot-reloader-client.js:221
[   53068ms] [LOG] [Fast Refresh] rebuilding @ webpack-internal:///./node_modules/next/dist/client/components/react-dev-overlay/pages/hot-reloader-client.js:221
[   53119ms] [LOG] [Fast Refresh] rebuilding @ webpack-internal:///./node_modules/next/dist/client/components/react-dev-overlay/pages/hot-reloader-client.js:221
[   53170ms] [LOG] [Fast Refresh] rebuilding @ webpack-internal:///./node_modules/next/dist/client/components/react-dev-overlay/pages/hot-reloader-client.js:221
[   53221ms] [LOG] [Fast Refresh] rebuilding @ webpack-internal:///./node_modules/next/dist/client/components/react-dev-overlay/pages/hot-reloader-client.js:221
[   53272ms] [LOG] [Fast Refresh] rebuilding @ webpack-internal:///./node_modules/next/dist/client/components/react-dev-overlay/pages/hot-reloader-client.js:221
[   53322ms] [LOG] [Fast Refresh] rebuilding @ webpack-internal:///./node_modules/next/dist/client/components/react-dev-overlay/pages/hot-reloader-client.js:221
[   53374ms] [LOG] [Fast Refresh] rebuilding @ webpack-internal:///./node_modules/next/dist/client/components/react-dev-overlay/pages/hot-reloader-client.js:221
[   53424ms] [LOG] [Fast Refresh] rebuilding @ webpack-internal:///./node_modules/next/dist/client/components/react-dev-overlay/pages/hot-reloader-client.js:221
[   53475ms] [LOG] [Fast Refresh] rebuilding @ webpack-internal:///./node_modules/next/dist/client/components/react-dev-overlay/pages/hot-reloader-client.js:221
[   53527ms] [LOG] [Fast Refresh] rebuilding @ webpack-internal:///./node_modules/next/dist/client/components/react-dev-overlay/pages/hot-reloader-client.js:221
[   53577ms] [LOG] [Fast Refresh] rebuilding @ webpack-internal:///./node_modules/next/dist/client/components/react-dev-overlay/pages/hot-reloader-client.js:221
[   53629ms] [LOG] [Fast Refresh] rebuilding @ webpack-internal:///./node_modules/next/dist/client/components/react-dev-overlay/pages/hot-reloader-client.js:221
[   53680ms] [LOG] [Fast Refresh] rebuilding @ webpack-internal:///./node_modules/next/dist/client/components/react-dev-overlay/pages/hot-reloader-client.js:221
[   53731ms] [LOG] [Fast Refresh] rebuilding @ webpack-internal:///./node_modules/next/dist/client/components/react-dev-overlay/pages/hot-reloader-client.js:221
[   53782ms] [LOG] [Fast Refresh] rebuilding @ webpack-internal:///./node_modules/next/dist/client/components/react-dev-overlay/pages/hot-reloader-client.js:221
[   53832ms] [LOG] [Fast Refresh] rebuilding @ webpack-internal:///./node_modules/next/dist/client/components/react-dev-overlay/pages/hot-reloader-client.js:221
[   53882ms] [LOG] [Fast Refresh] rebuilding @ webpack-internal:///./node_modules/next/dist/client/components/react-dev-overlay/pages/hot-reloader-client.js:221
[   53934ms] [LOG] [Fast Refresh] rebuilding @ webpack-internal:///./node_modules/next/dist/client/components/react-dev-overlay/pages/hot-reloader-client.js:221
[   53985ms] [LOG] [Fast Refresh] rebuilding @ webpack-internal:///./node_modules/next/dist/client/components/react-dev-overlay/pages/hot-reloader-client.js:221
[   54035ms] [LOG] [Fast Refresh] rebuilding @ webpack-internal:///./node_modules/next/dist/client/components/react-dev-overlay/pages/hot-reloader-client.js:221
[   54085ms] [LOG] [Fast Refresh] rebuilding @ webpack-internal:///./node_modules/next/dist/client/components/react-dev-overlay/pages/hot-reloader-client.js:221
[   54137ms] [LOG] [Fast Refresh] rebuilding @ webpack-internal:///./node_modules/next/dist/client/components/react-dev-overlay/pages/hot-reloader-client.js:221
[   54187ms] [LOG] [Fast Refresh] rebuilding @ webpack-internal:///./node_modules/next/dist/client/components/react-dev-overlay/pages/hot-reloader-client.js:221
[   54237ms] [LOG] [Fast Refresh] rebuilding @ webpack-internal:///./node_modules/next/dist/client/components/react-dev-overlay/pages/hot-reloader-client.js:221
[   54287ms] [LOG] [Fast Refresh] rebuilding @ webpack-internal:///./node_modules/next/dist/client/components/react-dev-overlay/pages/hot-reloader-client.js:221
[   54339ms] [LOG] [Fast Refresh] rebuilding @ webpack-internal:///./node_modules/next/dist/client/components/react-dev-overlay/pages/hot-reloader-client.js:221
[   54390ms] [LOG] [Fast Refresh] rebuilding @ webpack-internal:///./node_modules/next/dist/client/components/react-dev-overlay/pages/hot-reloader-client.js:221
[   54441ms] [LOG] [Fast Refresh] rebuilding @ webpack-internal:///./node_modules/next/dist/client/components/react-dev-overlay/pages/hot-reloader-client.js:221
[   54492ms] [LOG] [Fast Refresh] rebuilding @ webpack-internal:///./node_modules/next/dist/client/components/react-dev-overlay/pages/hot-reloader-client.js:221
[   54542ms] [LOG] [Fast Refresh] rebuilding @ webpack-internal:///./node_modules/next/dist/client/components/react-dev-overlay/pages/hot-reloader-client.js:221
[   54593ms] [LOG] [Fast Refresh] rebuilding @ webpack-internal:///./node_modules/next/dist/client/components/react-dev-overlay/pages/hot-reloader-client.js:221
[   54643ms] [LOG] [Fast Refresh] rebuilding @ webpack-internal:///./node_modules/next/dist/client/components/react-dev-overlay/pages/hot-reloader-client.js:221
[   54694ms] [LOG] [Fast Refresh] rebuilding @ webpack-internal:///./node_modules/next/dist/client/components/react-dev-overlay/pages/hot-reloader-client.js:221
[   54744ms] [LOG] [Fast Refresh] rebuilding @ webpack-internal:///./node_modules/next/dist/client/components/react-dev-overlay/pages/hot-reloader-client.js:221
[   54794ms] [LOG] [Fast Refresh] rebuilding @ webpack-internal:///./node_modules/next/dist/client/components/react-dev-overlay/pages/hot-reloader-client.js:221
[   54845ms] [LOG] [Fast Refresh] rebuilding @ webpack-internal:///./node_modules/next/dist/client/components/react-dev-overlay/pages/hot-reloader-client.js:221
[   54896ms] [LOG] [Fast Refresh] rebuilding @ webpack-internal:///./node_modules/next/dist/client/components/react-dev-overlay/pages/hot-reloader-client.js:221
[   54947ms] [LOG] [Fast Refresh] rebuilding @ webpack-internal:///./node_modules/next/dist/client/components/react-dev-overlay/pages/hot-reloader-client.js:221
[   54998ms] [LOG] [Fast Refresh] rebuilding @ webpack-internal:///./node_modules/next/dist/client/components/react-dev-overlay/pages/hot-reloader-client.js:221
[   55049ms] [LOG] [Fast Refresh] rebuilding @ webpack-internal:///./node_modules/next/dist/client/components/react-dev-overlay/pages/hot-reloader-client.js:221
[   55099ms] [LOG] [Fast Refresh] rebuilding @ webpack-internal:///./node_modules/next/dist/client/components/react-dev-overlay/pages/hot-reloader-client.js:221
[   55150ms] [LOG] [Fast Refresh] rebuilding @ webpack-internal:///./node_modules/next/dist/client/components/react-dev-overlay/pages/hot-reloader-client.js:221
[   55202ms] [LOG] [Fast Refresh] rebuilding @ webpack-internal:///./node_modules/next/dist/client/components/react-dev-overlay/pages/hot-reloader-client.js:221
[   55252ms] [LOG] [Fast Refresh] rebuilding @ webpack-internal:///./node_modules/next/dist/client/components/react-dev-overlay/pages/hot-reloader-client.js:221
[   55304ms] [LOG] [Fast Refresh] rebuilding @ webpack-internal:///./node_modules/next/dist/client/components/react-dev-overlay/pages/hot-reloader-client.js:221
[   55355ms] [LOG] [Fast Refresh] rebuilding @ webpack-internal:///./node_modules/next/dist/client/components/react-dev-overlay/pages/hot-reloader-client.js:221
[   55406ms] [LOG] [Fast Refresh] rebuilding @ webpack-internal:///./node_modules/next/dist/client/components/react-dev-overlay/pages/hot-reloader-client.js:221
[   55457ms] [LOG] [Fast Refresh] rebuilding @ webpack-internal:///./node_modules/next/dist/client/components/react-dev-overlay/pages/hot-reloader-client.js:221
[   55508ms] [LOG] [Fast Refresh] rebuilding @ webpack-internal:///./node_modules/next/dist/client/components/react-dev-overlay/pages/hot-reloader-client.js:221
[   55559ms] [LOG] [Fast Refresh] rebuilding @ webpack-internal:///./node_modules/next/dist/client/components/react-dev-overlay/pages/hot-reloader-client.js:221
[   55610ms] [LOG] [Fast Refresh] rebuilding @ webpack-internal:///./node_modules/next/dist/client/components/react-dev-overlay/pages/hot-reloader-client.js:221
[   55661ms] [LOG] [Fast Refresh] rebuilding @ webpack-internal:///./node_modules/next/dist/client/components/react-dev-overlay/pages/hot-reloader-client.js:221
[   55711ms] [LOG] [Fast Refresh] rebuilding @ webpack-internal:///./node_modules/next/dist/client/components/react-dev-overlay/pages/hot-reloader-client.js:221
[   55762ms] [LOG] [Fast Refresh] rebuilding @ webpack-internal:///./node_modules/next/dist/client/components/react-dev-overlay/pages/hot-reloader-client.js:221
[   55812ms] [LOG] [Fast Refresh] rebuilding @ webpack-internal:///./node_modules/next/dist/client/components/react-dev-overlay/pages/hot-reloader-client.js:221
[   55863ms] [LOG] [Fast Refresh] rebuilding @ webpack-internal:///./node_modules/next/dist/client/components/react-dev-overlay/pages/hot-reloader-client.js:221
[   55914ms] [LOG] [Fast Refresh] rebuilding @ webpack-internal:///./node_modules/next/dist/client/components/react-dev-overlay/pages/hot-reloader-client.js:221
[   55965ms] [LOG] [Fast Refresh] rebuilding @ webpack-internal:///./node_modules/next/dist/client/components/react-dev-overlay/pages/hot-reloader-client.js:221
[   56016ms] [LOG] [Fast Refresh] rebuilding @ webpack-internal:///./node_modules/next/dist/client/components/react-dev-overlay/pages/hot-reloader-client.js:221
[   56068ms] [LOG] [Fast Refresh] rebuilding @ webpack-internal:///./node_modules/next/dist/client/components/react-dev-overlay/pages/hot-reloader-client.js:221
[   56119ms] [LOG] [Fast Refresh] rebuilding @ webpack-internal:///./node_modules/next/dist/client/components/react-dev-overlay/pages/hot-reloader-client.js:221
[   56169ms] [LOG] [Fast Refresh] rebuilding @ webpack-internal:///./node_modules/next/dist/client/components/react-dev-overlay/pages/hot-reloader-client.js:221
[   56221ms] [LOG] [Fast Refresh] rebuilding @ webpack-internal:///./node_modules/next/dist/client/components/react-dev-overlay/pages/hot-reloader-client.js:221
[   56272ms] [LOG] [Fast Refresh] rebuilding @ webpack-internal:///./node_modules/next/dist/client/components/react-dev-overlay/pages/hot-reloader-client.js:221
[   56322ms] [LOG] [Fast Refresh] rebuilding @ webpack-internal:///./node_modules/next/dist/client/components/react-dev-overlay/pages/hot-reloader-client.js:221
[   56373ms] [LOG] [Fast Refresh] rebuilding @ webpack-internal:///./node_modules/next/dist/client/components/react-dev-overlay/pages/hot-reloader-client.js:221
[   56424ms] [LOG] [Fast Refresh] rebuilding @ webpack-internal:///./node_modules/next/dist/client/components/react-dev-overlay/pages/hot-reloader-client.js:221
[   56476ms] [LOG] [Fast Refresh] rebuilding @ webpack-internal:///./node_modules/next/dist/client/components/react-dev-overlay/pages/hot-reloader-client.js:221
[   56526ms] [LOG] [Fast Refresh] rebuilding @ webpack-internal:///./node_modules/next/dist/client/components/react-dev-overlay/pages/hot-reloader-client.js:221
[   56578ms] [LOG] [Fast Refresh] rebuilding @ webpack-internal:///./node_modules/next/dist/client/components/react-dev-overlay/pages/hot-reloader-client.js:221
[   56629ms] [LOG] [Fast Refresh] rebuilding @ webpack-internal:///./node_modules/next/dist/client/components/react-dev-overlay/pages/hot-reloader-client.js:221
[   56680ms] [LOG] [Fast Refresh] rebuilding @ webpack-internal:///./node_modules/next/dist/client/components/react-dev-overlay/pages/hot-reloader-client.js:221
[   56731ms] [LOG] [Fast Refresh] rebuilding @ webpack-internal:///./node_modules/next/dist/client/components/react-dev-overlay/pages/hot-reloader-client.js:221
[   56782ms] [LOG] [Fast Refresh] rebuilding @ webpack-internal:///./node_modules/next/dist/client/components/react-dev-overlay/pages/hot-reloader-client.js:221
[   56832ms] [LOG] [Fast Refresh] rebuilding @ webpack-internal:///./node_modules/next/dist/client/components/react-dev-overlay/pages/hot-reloader-client.js:221
[   56884ms] [LOG] [Fast Refresh] rebuilding @ webpack-internal:///./node_modules/next/dist/client/components/react-dev-overlay/pages/hot-reloader-client.js:221
[   56934ms] [LOG] [Fast Refresh] rebuilding @ webpack-internal:///./node_modules/next/dist/client/components/react-dev-overlay/pages/hot-reloader-client.js:221
[   56986ms] [LOG] [Fast Refresh] rebuilding @ webpack-internal:///./node_modules/next/dist/client/components/react-dev-overlay/pages/hot-reloader-client.js:221
[   57037ms] [LOG] [Fast Refresh] rebuilding @ webpack-internal:///./node_modules/next/dist/client/components/react-dev-overlay/pages/hot-reloader-client.js:221
[   57088ms] [LOG] [Fast Refresh] rebuilding @ webpack-internal:///./node_modules/next/dist/client/components/react-dev-overlay/pages/hot-reloader-client.js:221
[   57139ms] [LOG] [Fast Refresh] rebuilding @ webpack-internal:///./node_modules/next/dist/client/components/react-dev-overlay/pages/hot-reloader-client.js:221
[   57190ms] [LOG] [Fast Refresh] rebuilding @ webpack-internal:///./node_modules/next/dist/client/components/react-dev-overlay/pages/hot-reloader-client.js:221
[   57240ms] [LOG] [Fast Refresh] rebuilding @ webpack-internal:///./node_modules/next/dist/client/components/react-dev-overlay/pages/hot-reloader-client.js:221
[   57292ms] [LOG] [Fast Refresh] rebuilding @ webpack-internal:///./node_modules/next/dist/client/components/react-dev-overlay/pages/hot-reloader-client.js:221
[   57343ms] [LOG] [Fast Refresh] rebuilding @ webpack-internal:///./node_modules/next/dist/client/components/react-dev-overlay/pages/hot-reloader-client.js:221
[   57394ms] [LOG] [Fast Refresh] rebuilding @ webpack-internal:///./node_modules/next/dist/client/components/react-dev-overlay/pages/hot-reloader-client.js:221
[   57445ms] [LOG] [Fast Refresh] rebuilding @ webpack-internal:///./node_modules/next/dist/client/components/react-dev-overlay/pages/hot-reloader-client.js:221
[   57496ms] [LOG] [Fast Refresh] rebuilding @ webpack-internal:///./node_modules/next/dist/client/components/react-dev-overlay/pages/hot-reloader-client.js:221
[   57547ms] [LOG] [Fast Refresh] rebuilding @ webpack-internal:///./node_modules/next/dist/client/components/react-dev-overlay/pages/hot-reloader-client.js:221
[   57597ms] [LOG] [Fast Refresh] rebuilding @ webpack-internal:///./node_modules/next/dist/client/components/react-dev-overlay/pages/hot-reloader-client.js:221
[   57648ms] [LOG] [Fast Refresh] rebuilding @ webpack-internal:///./node_modules/next/dist/client/components/react-dev-overlay/pages/hot-reloader-client.js:221
[   57700ms] [LOG] [Fast Refresh] rebuilding @ webpack-internal:///./node_modules/next/dist/client/components/react-dev-overlay/pages/hot-reloader-client.js:221
[   57750ms] [LOG] [Fast Refresh] rebuilding @ webpack-internal:///./node_modules/next/dist/client/components/react-dev-overlay/pages/hot-reloader-client.js:221
[   57800ms] [LOG] [Fast Refresh] rebuilding @ webpack-internal:///./node_modules/next/dist/client/components/react-dev-overlay/pages/hot-reloader-client.js:221
[   57851ms] [LOG] [Fast Refresh] rebuilding @ webpack-internal:///./node_modules/next/dist/client/components/react-dev-overlay/pages/hot-reloader-client.js:221
[   57902ms] [LOG] [Fast Refresh] rebuilding @ webpack-internal:///./node_modules/next/dist/client/components/react-dev-overlay/pages/hot-reloader-client.js:221
[   57953ms] [LOG] [Fast Refresh] rebuilding @ webpack-internal:///./node_modules/next/dist/client/components/react-dev-overlay/pages/hot-reloader-client.js:221
[   58004ms] [LOG] [Fast Refresh] rebuilding @ webpack-internal:///./node_modules/next/dist/client/components/react-dev-overlay/pages/hot-reloader-client.js:221
[   58056ms] [LOG] [Fast Refresh] rebuilding @ webpack-internal:///./node_modules/next/dist/client/components/react-dev-overlay/pages/hot-reloader-client.js:221
[   58107ms] [LOG] [Fast Refresh] rebuilding @ webpack-internal:///./node_modules/next/dist/client/components/react-dev-overlay/pages/hot-reloader-client.js:221
[   58157ms] [LOG] [Fast Refresh] rebuilding @ webpack-internal:///./node_modules/next/dist/client/components/react-dev-overlay/pages/hot-reloader-client.js:221
[   58208ms] [LOG] [Fast Refresh] rebuilding @ webpack-internal:///./node_modules/next/dist/client/components/react-dev-overlay/pages/hot-reloader-client.js:221
[   58260ms] [LOG] [Fast Refresh] rebuilding @ webpack-internal:///./node_modules/next/dist/client/components/react-dev-overlay/pages/hot-reloader-client.js:221
[   58310ms] [LOG] [Fast Refresh] rebuilding @ webpack-internal:///./node_modules/next/dist/client/components/react-dev-overlay/pages/hot-reloader-client.js:221
[   58361ms] [LOG] [Fast Refresh] rebuilding @ webpack-internal:///./node_modules/next/dist/client/components/react-dev-overlay/pages/hot-reloader-client.js:221
[   58412ms] [LOG] [Fast Refresh] rebuilding @ webpack-internal:///./node_modules/next/dist/client/components/react-dev-overlay/pages/hot-reloader-client.js:221
[   58463ms] [LOG] [Fast Refresh] rebuilding @ webpack-internal:///./node_modules/next/dist/client/components/react-dev-overlay/pages/hot-reloader-client.js:221
[   58514ms] [LOG] [Fast Refresh] rebuilding @ webpack-internal:///./node_modules/next/dist/client/components/react-dev-overlay/pages/hot-reloader-client.js:221
[   58565ms] [LOG] [Fast Refresh] rebuilding @ webpack-internal:///./node_modules/next/dist/client/components/react-dev-overlay/pages/hot-reloader-client.js:221
[   58616ms] [LOG] [Fast Refresh] rebuilding @ webpack-internal:///./node_modules/next/dist/client/components/react-dev-overlay/pages/hot-reloader-client.js:221
[   58666ms] [LOG] [Fast Refresh] rebuilding @ webpack-internal:///./node_modules/next/dist/client/components/react-dev-overlay/pages/hot-reloader-client.js:221
[   58718ms] [LOG] [Fast Refresh] rebuilding @ webpack-internal:///./node_modules/next/dist/client/components/react-dev-overlay/pages/hot-reloader-client.js:221
[   58768ms] [LOG] [Fast Refresh] rebuilding @ webpack-internal:///./node_modules/next/dist/client/components/react-dev-overlay/pages/hot-reloader-client.js:221
[   58819ms] [LOG] [Fast Refresh] rebuilding @ webpack-internal:///./node_modules/next/dist/client/components/react-dev-overlay/pages/hot-reloader-client.js:221
[   58871ms] [LOG] [Fast Refresh] rebuilding @ webpack-internal:///./node_modules/next/dist/client/components/react-dev-overlay/pages/hot-reloader-client.js:221
[   58921ms] [LOG] [Fast Refresh] rebuilding @ webpack-internal:///./node_modules/next/dist/client/components/react-dev-overlay/pages/hot-reloader-client.js:221
[   58972ms] [LOG] [Fast Refresh] rebuilding @ webpack-internal:///./node_modules/next/dist/client/components/react-dev-overlay/pages/hot-reloader-client.js:221
[   59024ms] [LOG] [Fast Refresh] rebuilding @ webpack-internal:///./node_modules/next/dist/client/components/react-dev-overlay/pages/hot-reloader-client.js:221
[   59074ms] [LOG] [Fast Refresh] rebuilding @ webpack-internal:///./node_modules/next/dist/client/components/react-dev-overlay/pages/hot-reloader-client.js:221
[   59126ms] [LOG] [Fast Refresh] rebuilding @ webpack-internal:///./node_modules/next/dist/client/components/react-dev-overlay/pages/hot-reloader-client.js:221
[   59177ms] [LOG] [Fast Refresh] rebuilding @ webpack-internal:///./node_modules/next/dist/client/components/react-dev-overlay/pages/hot-reloader-client.js:221
[   59228ms] [LOG] [Fast Refresh] rebuilding @ webpack-internal:///./node_modules/next/dist/client/components/react-dev-overlay/pages/hot-reloader-client.js:221
[   59278ms] [LOG] [Fast Refresh] rebuilding @ webpack-internal:///./node_modules/next/dist/client/components/react-dev-overlay/pages/hot-reloader-client.js:221
[   59331ms] [LOG] [Fast Refresh] rebuilding @ webpack-internal:///./node_modules/next/dist/client/components/react-dev-overlay/pages/hot-reloader-client.js:221
[   59381ms] [LOG] [Fast Refresh] rebuilding @ webpack-internal:///./node_modules/next/dist/client/components/react-dev-overlay/pages/hot-reloader-client.js:221
[   59432ms] [LOG] [Fast Refresh] rebuilding @ webpack-internal:///./node_modules/next/dist/client/components/react-dev-overlay/pages/hot-reloader-client.js:221
[   59483ms] [LOG] [Fast Refresh] rebuilding @ webpack-internal:///./node_modules/next/dist/client/components/react-dev-overlay/pages/hot-reloader-client.js:221
[   59534ms] [LOG] [Fast Refresh] rebuilding @ webpack-internal:///./node_modules/next/dist/client/components/react-dev-overlay/pages/hot-reloader-client.js:221
[   59585ms] [LOG] [Fast Refresh] rebuilding @ webpack-internal:///./node_modules/next/dist/client/components/react-dev-overlay/pages/hot-reloader-client.js:221
[   59636ms] [LOG] [Fast Refresh] rebuilding @ webpack-internal:///./node_modules/next/dist/client/components/react-dev-overlay/pages/hot-reloader-client.js:221
[   59687ms] [LOG] [Fast Refresh] rebuilding @ webpack-internal:///./node_modules/next/dist/client/components/react-dev-overlay/pages/hot-reloader-client.js:221
[   59738ms] [LOG] [Fast Refresh] rebuilding @ webpack-internal:///./node_modules/next/dist/client/components/react-dev-overlay/pages/hot-reloader-client.js:221
[   59789ms] [LOG] [Fast Refresh] rebuilding @ webpack-internal:///./node_modules/next/dist/client/components/react-dev-overlay/pages/hot-reloader-client.js:221
[   59840ms] [LOG] [Fast Refresh] rebuilding @ webpack-internal:///./node_modules/next/dist/client/components/react-dev-overlay/pages/hot-reloader-client.js:221
[   59891ms] [LOG] [Fast Refresh] rebuilding @ webpack-internal:///./node_modules/next/dist/client/components/react-dev-overlay/pages/hot-reloader-client.js:221
[   59942ms] [LOG] [Fast Refresh] rebuilding @ webpack-internal:///./node_modules/next/dist/client/components/react-dev-overlay/pages/hot-reloader-client.js:221
[   59992ms] [LOG] [Fast Refresh] rebuilding @ webpack-internal:///./node_modules/next/dist/client/components/react-dev-overlay/pages/hot-reloader-client.js:221
[   60044ms] [LOG] [Fast Refresh] rebuilding @ webpack-internal:///./node_modules/next/dist/client/components/react-dev-overlay/pages/hot-reloader-client.js:221
[   60094ms] [LOG] [Fast Refresh] rebuilding @ webpack-internal:///./node_modules/next/dist/client/components/react-dev-overlay/pages/hot-reloader-client.js:221
[   60145ms] [LOG] [Fast Refresh] rebuilding @ webpack-internal:///./node_modules/next/dist/client/components/react-dev-overlay/pages/hot-reloader-client.js:221
[   60196ms] [LOG] [Fast Refresh] rebuilding @ webpack-internal:///./node_modules/next/dist/client/components/react-dev-overlay/pages/hot-reloader-client.js:221
[   60247ms] [LOG] [Fast Refresh] rebuilding @ webpack-internal:///./node_modules/next/dist/client/components/react-dev-overlay/pages/hot-reloader-client.js:221
[   60297ms] [LOG] [Fast Refresh] rebuilding @ webpack-internal:///./node_modules/next/dist/client/components/react-dev-overlay/pages/hot-reloader-client.js:221
[   60348ms] [LOG] [Fast Refresh] rebuilding @ webpack-internal:///./node_modules/next/dist/client/components/react-dev-overlay/pages/hot-reloader-client.js:221
[   60399ms] [LOG] [Fast Refresh] rebuilding @ webpack-internal:///./node_modules/next/dist/client/components/react-dev-overlay/pages/hot-reloader-client.js:221
[   60450ms] [LOG] [Fast Refresh] rebuilding @ webpack-internal:///./node_modules/next/dist/client/components/react-dev-overlay/pages/hot-reloader-client.js:221
[   60501ms] [LOG] [Fast Refresh] rebuilding @ webpack-internal:///./node_modules/next/dist/client/components/react-dev-overlay/pages/hot-reloader-client.js:221
[   60552ms] [LOG] [Fast Refresh] rebuilding @ webpack-internal:///./node_modules/next/dist/client/components/react-dev-overlay/pages/hot-reloader-client.js:221
[   60603ms] [LOG] [Fast Refresh] rebuilding @ webpack-internal:///./node_modules/next/dist/client/components/react-dev-overlay/pages/hot-reloader-client.js:221
[   60654ms] [LOG] [Fast Refresh] rebuilding @ webpack-internal:///./node_modules/next/dist/client/components/react-dev-overlay/pages/hot-reloader-client.js:221
[   60705ms] [LOG] [Fast Refresh] rebuilding @ webpack-internal:///./node_modules/next/dist/client/components/react-dev-overlay/pages/hot-reloader-client.js:221
[   60756ms] [LOG] [Fast Refresh] rebuilding @ webpack-internal:///./node_modules/next/dist/client/components/react-dev-overlay/pages/hot-reloader-client.js:221
[   60807ms] [LOG] [Fast Refresh] rebuilding @ webpack-internal:///./node_modules/next/dist/client/components/react-dev-overlay/pages/hot-reloader-client.js:221
[   60858ms] [LOG] [Fast Refresh] rebuilding @ webpack-internal:///./node_modules/next/dist/client/components/react-dev-overlay/pages/hot-reloader-client.js:221
[   60908ms] [LOG] [Fast Refresh] rebuilding @ webpack-internal:///./node_modules/next/dist/client/components/react-dev-overlay/pages/hot-reloader-client.js:221
[   60959ms] [LOG] [Fast Refresh] rebuilding @ webpack-internal:///./node_modules/next/dist/client/components/react-dev-overlay/pages/hot-reloader-client.js:221
[   61011ms] [LOG] [Fast Refresh] rebuilding @ webpack-internal:///./node_modules/next/dist/client/components/react-dev-overlay/pages/hot-reloader-client.js:221
[   61062ms] [LOG] [Fast Refresh] rebuilding @ webpack-internal:///./node_modules/next/dist/client/components/react-dev-overlay/pages/hot-reloader-client.js:221
[   61112ms] [LOG] [Fast Refresh] rebuilding @ webpack-internal:///./node_modules/next/dist/client/components/react-dev-overlay/pages/hot-reloader-client.js:221
[   61164ms] [LOG] [Fast Refresh] rebuilding @ webpack-internal:///./node_modules/next/dist/client/components/react-dev-overlay/pages/hot-reloader-client.js:221
[   61214ms] [LOG] [Fast Refresh] rebuilding @ webpack-internal:///./node_modules/next/dist/client/components/react-dev-overlay/pages/hot-reloader-client.js:221
[   61265ms] [LOG] [Fast Refresh] rebuilding @ webpack-internal:///./node_modules/next/dist/client/components/react-dev-overlay/pages/hot-reloader-client.js:221
[   61315ms] [LOG] [Fast Refresh] rebuilding @ webpack-internal:///./node_modules/next/dist/client/components/react-dev-overlay/pages/hot-reloader-client.js:221
[   61366ms] [LOG] [Fast Refresh] rebuilding @ webpack-internal:///./node_modules/next/dist/client/components/react-dev-overlay/pages/hot-reloader-client.js:221
[   61417ms] [LOG] [Fast Refresh] rebuilding @ webpack-internal:///./node_modules/next/dist/client/components/react-dev-overlay/pages/hot-reloader-client.js:221
[   61467ms] [LOG] [Fast Refresh] rebuilding @ webpack-internal:///./node_modules/next/dist/client/components/react-dev-overlay/pages/hot-reloader-client.js:221
[   61518ms] [LOG] [Fast Refresh] rebuilding @ webpack-internal:///./node_modules/next/dist/client/components/react-dev-overlay/pages/hot-reloader-client.js:221
[   61569ms] [LOG] [Fast Refresh] rebuilding @ webpack-internal:///./node_modules/next/dist/client/components/react-dev-overlay/pages/hot-reloader-client.js:221
[   61620ms] [LOG] [Fast Refresh] rebuilding @ webpack-internal:///./node_modules/next/dist/client/components/react-dev-overlay/pages/hot-reloader-client.js:221
[   61671ms] [LOG] [Fast Refresh] rebuilding @ webpack-internal:///./node_modules/next/dist/client/components/react-dev-overlay/pages/hot-reloader-client.js:221
[   61722ms] [LOG] [Fast Refresh] rebuilding @ webpack-internal:///./node_modules/next/dist/client/components/react-dev-overlay/pages/hot-reloader-client.js:221
[   61772ms] [LOG] [Fast Refresh] rebuilding @ webpack-internal:///./node_modules/next/dist/client/components/react-dev-overlay/pages/hot-reloader-client.js:221
[   61823ms] [LOG] [Fast Refresh] rebuilding @ webpack-internal:///./node_modules/next/dist/client/components/react-dev-overlay/pages/hot-reloader-client.js:221
[   61874ms] [LOG] [Fast Refresh] rebuilding @ webpack-internal:///./node_modules/next/dist/client/components/react-dev-overlay/pages/hot-reloader-client.js:221
[   61925ms] [LOG] [Fast Refresh] rebuilding @ webpack-internal:///./node_modules/next/dist/client/components/react-dev-overlay/pages/hot-reloader-client.js:221
[   61976ms] [LOG] [Fast Refresh] rebuilding @ webpack-internal:///./node_modules/next/dist/client/components/react-dev-overlay/pages/hot-reloader-client.js:221
[   62027ms] [LOG] [Fast Refresh] rebuilding @ webpack-internal:///./node_modules/next/dist/client/components/react-dev-overlay/pages/hot-reloader-client.js:221
[   62078ms] [LOG] [Fast Refresh] rebuilding @ webpack-internal:///./node_modules/next/dist/client/components/react-dev-overlay/pages/hot-reloader-client.js:221
[   62129ms] [LOG] [Fast Refresh] rebuilding @ webpack-internal:///./node_modules/next/dist/client/components/react-dev-overlay/pages/hot-reloader-client.js:221
[   62180ms] [LOG] [Fast Refresh] rebuilding @ webpack-internal:///./node_modules/next/dist/client/components/react-dev-overlay/pages/hot-reloader-client.js:221
[   62231ms] [LOG] [Fast Refresh] rebuilding @ webpack-internal:///./node_modules/next/dist/client/components/react-dev-overlay/pages/hot-reloader-client.js:221
[   62282ms] [LOG] [Fast Refresh] rebuilding @ webpack-internal:///./node_modules/next/dist/client/components/react-dev-overlay/pages/hot-reloader-client.js:221
[   62333ms] [LOG] [Fast Refresh] rebuilding @ webpack-internal:///./node_modules/next/dist/client/components/react-dev-overlay/pages/hot-reloader-client.js:221
[   62384ms] [LOG] [Fast Refresh] rebuilding @ webpack-internal:///./node_modules/next/dist/client/components/react-dev-overlay/pages/hot-reloader-client.js:221
[   62435ms] [LOG] [Fast Refresh] rebuilding @ webpack-internal:///./node_modules/next/dist/client/components/react-dev-overlay/pages/hot-reloader-client.js:221
[   62486ms] [LOG] [Fast Refresh] rebuilding @ webpack-internal:///./node_modules/next/dist/client/components/react-dev-overlay/pages/hot-reloader-client.js:221
[   62537ms] [LOG] [Fast Refresh] rebuilding @ webpack-internal:///./node_modules/next/dist/client/components/react-dev-overlay/pages/hot-reloader-client.js:221
[   62588ms] [LOG] [Fast Refresh] rebuilding @ webpack-internal:///./node_modules/next/dist/client/components/react-dev-overlay/pages/hot-reloader-client.js:221
[   62638ms] [LOG] [Fast Refresh] rebuilding @ webpack-internal:///./node_modules/next/dist/client/components/react-dev-overlay/pages/hot-reloader-client.js:221
[   62689ms] [LOG] [Fast Refresh] rebuilding @ webpack-internal:///./node_modules/next/dist/client/components/react-dev-overlay/pages/hot-reloader-client.js:221
[   62740ms] [LOG] [Fast Refresh] rebuilding @ webpack-internal:///./node_modules/next/dist/client/components/react-dev-overlay/pages/hot-reloader-client.js:221
[   62791ms] [LOG] [Fast Refresh] rebuilding @ webpack-internal:///./node_modules/next/dist/client/components/react-dev-overlay/pages/hot-reloader-client.js:221
[   62842ms] [LOG] [Fast Refresh] rebuilding @ webpack-internal:///./node_modules/next/dist/client/components/react-dev-overlay/pages/hot-reloader-client.js:221
[   62893ms] [LOG] [Fast Refresh] rebuilding @ webpack-internal:///./node_modules/next/dist/client/components/react-dev-overlay/pages/hot-reloader-client.js:221
[   62943ms] [LOG] [Fast Refresh] rebuilding @ webpack-internal:///./node_modules/next/dist/client/components/react-dev-overlay/pages/hot-reloader-client.js:221
[   62995ms] [LOG] [Fast Refresh] rebuilding @ webpack-internal:///./node_modules/next/dist/client/components/react-dev-overlay/pages/hot-reloader-client.js:221
[   63045ms] [LOG] [Fast Refresh] rebuilding @ webpack-internal:///./node_modules/next/dist/client/components/react-dev-overlay/pages/hot-reloader-client.js:221
[   63095ms] [LOG] [Fast Refresh] rebuilding @ webpack-internal:///./node_modules/next/dist/client/components/react-dev-overlay/pages/hot-reloader-client.js:221
[   63146ms] [LOG] [Fast Refresh] rebuilding @ webpack-internal:///./node_modules/next/dist/client/components/react-dev-overlay/pages/hot-reloader-client.js:221
[   63197ms] [LOG] [Fast Refresh] rebuilding @ webpack-internal:///./node_modules/next/dist/client/components/react-dev-overlay/pages/hot-reloader-client.js:221
[   63248ms] [LOG] [Fast Refresh] rebuilding @ webpack-internal:///./node_modules/next/dist/client/components/react-dev-overlay/pages/hot-reloader-client.js:221
[   63298ms] [LOG] [Fast Refresh] rebuilding @ webpack-internal:///./node_modules/next/dist/client/components/react-dev-overlay/pages/hot-reloader-client.js:221
[   63349ms] [LOG] [Fast Refresh] rebuilding @ webpack-internal:///./node_modules/next/dist/client/components/react-dev-overlay/pages/hot-reloader-client.js:221
[   63400ms] [LOG] [Fast Refresh] rebuilding @ webpack-internal:///./node_modules/next/dist/client/components/react-dev-overlay/pages/hot-reloader-client.js:221
[   63451ms] [LOG] [Fast Refresh] rebuilding @ webpack-internal:///./node_modules/next/dist/client/components/react-dev-overlay/pages/hot-reloader-client.js:221
[   63501ms] [LOG] [Fast Refresh] rebuilding @ webpack-internal:///./node_modules/next/dist/client/components/react-dev-overlay/pages/hot-reloader-client.js:221
[   63551ms] [LOG] [Fast Refresh] rebuilding @ webpack-internal:///./node_modules/next/dist/client/components/react-dev-overlay/pages/hot-reloader-client.js:221
[   63603ms] [LOG] [Fast Refresh] rebuilding @ webpack-internal:///./node_modules/next/dist/client/components/react-dev-overlay/pages/hot-reloader-client.js:221
[   63653ms] [LOG] [Fast Refresh] rebuilding @ webpack-internal:///./node_modules/next/dist/client/components/react-dev-overlay/pages/hot-reloader-client.js:221
[   63705ms] [LOG] [Fast Refresh] rebuilding @ webpack-internal:///./node_modules/next/dist/client/components/react-dev-overlay/pages/hot-reloader-client.js:221
[   63756ms] [LOG] [Fast Refresh] rebuilding @ webpack-internal:///./node_modules/next/dist/client/components/react-dev-overlay/pages/hot-reloader-client.js:221
[   63806ms] [LOG] [Fast Refresh] rebuilding @ webpack-internal:///./node_modules/next/dist/client/components/react-dev-overlay/pages/hot-reloader-client.js:221
[   63857ms] [LOG] [Fast Refresh] rebuilding @ webpack-internal:///./node_modules/next/dist/client/components/react-dev-overlay/pages/hot-reloader-client.js:221
[   63908ms] [LOG] [Fast Refresh] rebuilding @ webpack-internal:///./node_modules/next/dist/client/components/react-dev-overlay/pages/hot-reloader-client.js:221
[   63959ms] [LOG] [Fast Refresh] rebuilding @ webpack-internal:///./node_modules/next/dist/client/components/react-dev-overlay/pages/hot-reloader-client.js:221
[   64010ms] [LOG] [Fast Refresh] rebuilding @ webpack-internal:///./node_modules/next/dist/client/components/react-dev-overlay/pages/hot-reloader-client.js:221
[   64062ms] [LOG] [Fast Refresh] rebuilding @ webpack-internal:///./node_modules/next/dist/client/components/react-dev-overlay/pages/hot-reloader-client.js:221
[   64112ms] [LOG] [Fast Refresh] rebuilding @ webpack-internal:///./node_modules/next/dist/client/components/react-dev-overlay/pages/hot-reloader-client.js:221
[   64162ms] [LOG] [Fast Refresh] rebuilding @ webpack-internal:///./node_modules/next/dist/client/components/react-dev-overlay/pages/hot-reloader-client.js:221
[   64212ms] [LOG] [Fast Refresh] rebuilding @ webpack-internal:///./node_modules/next/dist/client/components/react-dev-overlay/pages/hot-reloader-client.js:221
[   64263ms] [LOG] [Fast Refresh] rebuilding @ webpack-internal:///./node_modules/next/dist/client/components/react-dev-overlay/pages/hot-reloader-client.js:221
[   64313ms] [LOG] [Fast Refresh] rebuilding @ webpack-internal:///./node_modules/next/dist/client/components/react-dev-overlay/pages/hot-reloader-client.js:221
[   64365ms] [LOG] [Fast Refresh] rebuilding @ webpack-internal:///./node_modules/next/dist/client/components/react-dev-overlay/pages/hot-reloader-client.js:221
[   64416ms] [LOG] [Fast Refresh] rebuilding @ webpack-internal:///./node_modules/next/dist/client/components/react-dev-overlay/pages/hot-reloader-client.js:221
[   64467ms] [LOG] [Fast Refresh] rebuilding @ webpack-internal:///./node_modules/next/dist/client/components/react-dev-overlay/pages/hot-reloader-client.js:221
[   64518ms] [LOG] [Fast Refresh] rebuilding @ webpack-internal:///./node_modules/next/dist/client/components/react-dev-overlay/pages/hot-reloader-client.js:221
[   64569ms] [LOG] [Fast Refresh] rebuilding @ webpack-internal:///./node_modules/next/dist/client/components/react-dev-overlay/pages/hot-reloader-client.js:221
[   64620ms] [LOG] [Fast Refresh] rebuilding @ webpack-internal:///./node_modules/next/dist/client/components/react-dev-overlay/pages/hot-reloader-client.js:221
[   64670ms] [LOG] [Fast Refresh] rebuilding @ webpack-internal:///./node_modules/next/dist/client/components/react-dev-overlay/pages/hot-reloader-client.js:221
[   64722ms] [LOG] [Fast Refresh] rebuilding @ webpack-internal:///./node_modules/next/dist/client/components/react-dev-overlay/pages/hot-reloader-client.js:221
[   64773ms] [LOG] [Fast Refresh] rebuilding @ webpack-internal:///./node_modules/next/dist/client/components/react-dev-overlay/pages/hot-reloader-client.js:221
[   64823ms] [LOG] [Fast Refresh] rebuilding @ webpack-internal:///./node_modules/next/dist/client/components/react-dev-overlay/pages/hot-reloader-client.js:221
[   64875ms] [LOG] [Fast Refresh] rebuilding @ webpack-internal:///./node_modules/next/dist/client/components/react-dev-overlay/pages/hot-reloader-client.js:221
[   64924ms] [LOG] [Fast Refresh] rebuilding @ webpack-internal:///./node_modules/next/dist/client/components/react-dev-overlay/pages/hot-reloader-client.js:221
[   64975ms] [LOG] [Fast Refresh] rebuilding @ webpack-internal:///./node_modules/next/dist/client/components/react-dev-overlay/pages/hot-reloader-client.js:221
[   65026ms] [LOG] [Fast Refresh] rebuilding @ webpack-internal:///./node_modules/next/dist/client/components/react-dev-overlay/pages/hot-reloader-client.js:221
[   65077ms] [LOG] [Fast Refresh] rebuilding @ webpack-internal:///./node_modules/next/dist/client/components/react-dev-overlay/pages/hot-reloader-client.js:221
[   65128ms] [LOG] [Fast Refresh] rebuilding @ webpack-internal:///./node_modules/next/dist/client/components/react-dev-overlay/pages/hot-reloader-client.js:221
[   65180ms] [LOG] [Fast Refresh] rebuilding @ webpack-internal:///./node_modules/next/dist/client/components/react-dev-overlay/pages/hot-reloader-client.js:221
[   65230ms] [LOG] [Fast Refresh] rebuilding @ webpack-internal:///./node_modules/next/dist/client/components/react-dev-overlay/pages/hot-reloader-client.js:221
[   65281ms] [LOG] [Fast Refresh] rebuilding @ webpack-internal:///./node_modules/next/dist/client/components/react-dev-overlay/pages/hot-reloader-client.js:221
[   65332ms] [LOG] [Fast Refresh] rebuilding @ webpack-internal:///./node_modules/next/dist/client/components/react-dev-overlay/pages/hot-reloader-client.js:221
[   65383ms] [LOG] [Fast Refresh] rebuilding @ webpack-internal:///./node_modules/next/dist/client/components/react-dev-overlay/pages/hot-reloader-client.js:221
[   65434ms] [LOG] [Fast Refresh] rebuilding @ webpack-internal:///./node_modules/next/dist/client/components/react-dev-overlay/pages/hot-reloader-client.js:221
[   65484ms] [LOG] [Fast Refresh] rebuilding @ webpack-internal:///./node_modules/next/dist/client/components/react-dev-overlay/pages/hot-reloader-client.js:221
[   65535ms] [LOG] [Fast Refresh] rebuilding @ webpack-internal:///./node_modules/next/dist/client/components/react-dev-overlay/pages/hot-reloader-client.js:221
[   65585ms] [LOG] [Fast Refresh] rebuilding @ webpack-internal:///./node_modules/next/dist/client/components/react-dev-overlay/pages/hot-reloader-client.js:221
[   65636ms] [LOG] [Fast Refresh] rebuilding @ webpack-internal:///./node_modules/next/dist/client/components/react-dev-overlay/pages/hot-reloader-client.js:221
[   65688ms] [LOG] [Fast Refresh] rebuilding @ webpack-internal:///./node_modules/next/dist/client/components/react-dev-overlay/pages/hot-reloader-client.js:221
[   65739ms] [LOG] [Fast Refresh] rebuilding @ webpack-internal:///./node_modules/next/dist/client/components/react-dev-overlay/pages/hot-reloader-client.js:221
[   65789ms] [LOG] [Fast Refresh] rebuilding @ webpack-internal:///./node_modules/next/dist/client/components/react-dev-overlay/pages/hot-reloader-client.js:221
[   65840ms] [LOG] [Fast Refresh] rebuilding @ webpack-internal:///./node_modules/next/dist/client/components/react-dev-overlay/pages/hot-reloader-client.js:221
[   65890ms] [LOG] [Fast Refresh] rebuilding @ webpack-internal:///./node_modules/next/dist/client/components/react-dev-overlay/pages/hot-reloader-client.js:221
[   65941ms] [LOG] [Fast Refresh] rebuilding @ webpack-internal:///./node_modules/next/dist/client/components/react-dev-overlay/pages/hot-reloader-client.js:221
[   65992ms] [LOG] [Fast Refresh] rebuilding @ webpack-internal:///./node_modules/next/dist/client/components/react-dev-overlay/pages/hot-reloader-client.js:221
[   66043ms] [LOG] [Fast Refresh] rebuilding @ webpack-internal:///./node_modules/next/dist/client/components/react-dev-overlay/pages/hot-reloader-client.js:221
[   66094ms] [LOG] [Fast Refresh] rebuilding @ webpack-internal:///./node_modules/next/dist/client/components/react-dev-overlay/pages/hot-reloader-client.js:221
[   66145ms] [LOG] [Fast Refresh] rebuilding @ webpack-internal:///./node_modules/next/dist/client/components/react-dev-overlay/pages/hot-reloader-client.js:221
[   66196ms] [LOG] [Fast Refresh] rebuilding @ webpack-internal:///./node_modules/next/dist/client/components/react-dev-overlay/pages/hot-reloader-client.js:221
[   66247ms] [LOG] [Fast Refresh] rebuilding @ webpack-internal:///./node_modules/next/dist/client/components/react-dev-overlay/pages/hot-reloader-client.js:221
[   66297ms] [LOG] [Fast Refresh] rebuilding @ webpack-internal:///./node_modules/next/dist/client/components/react-dev-overlay/pages/hot-reloader-client.js:221
[   66348ms] [LOG] [Fast Refresh] rebuilding @ webpack-internal:///./node_modules/next/dist/client/components/react-dev-overlay/pages/hot-reloader-client.js:221
[   66400ms] [LOG] [Fast Refresh] rebuilding @ webpack-internal:///./node_modules/next/dist/client/components/react-dev-overlay/pages/hot-reloader-client.js:221
[   66450ms] [LOG] [Fast Refresh] rebuilding @ webpack-internal:///./node_modules/next/dist/client/components/react-dev-overlay/pages/hot-reloader-client.js:221
[   66501ms] [LOG] [Fast Refresh] rebuilding @ webpack-internal:///./node_modules/next/dist/client/components/react-dev-overlay/pages/hot-reloader-client.js:221
[   66552ms] [LOG] [Fast Refresh] rebuilding @ webpack-internal:///./node_modules/next/dist/client/components/react-dev-overlay/pages/hot-reloader-client.js:221
[   66603ms] [LOG] [Fast Refresh] rebuilding @ webpack-internal:///./node_modules/next/dist/client/components/react-dev-overlay/pages/hot-reloader-client.js:221
[   66654ms] [LOG] [Fast Refresh] rebuilding @ webpack-internal:///./node_modules/next/dist/client/components/react-dev-overlay/pages/hot-reloader-client.js:221
[   66705ms] [LOG] [Fast Refresh] rebuilding @ webpack-internal:///./node_modules/next/dist/client/components/react-dev-overlay/pages/hot-reloader-client.js:221
[   66755ms] [LOG] [Fast Refresh] rebuilding @ webpack-internal:///./node_modules/next/dist/client/components/react-dev-overlay/pages/hot-reloader-client.js:221
[   66806ms] [LOG] [Fast Refresh] rebuilding @ webpack-internal:///./node_modules/next/dist/client/components/react-dev-overlay/pages/hot-reloader-client.js:221
[   66857ms] [LOG] [Fast Refresh] rebuilding @ webpack-internal:///./node_modules/next/dist/client/components/react-dev-overlay/pages/hot-reloader-client.js:221
[   66907ms] [LOG] [Fast Refresh] rebuilding @ webpack-internal:///./node_modules/next/dist/client/components/react-dev-overlay/pages/hot-reloader-client.js:221
[   66957ms] [LOG] [Fast Refresh] rebuilding @ webpack-internal:///./node_modules/next/dist/client/components/react-dev-overlay/pages/hot-reloader-client.js:221
[   67008ms] [LOG] [Fast Refresh] rebuilding @ webpack-internal:///./node_modules/next/dist/client/components/react-dev-overlay/pages/hot-reloader-client.js:221
[   67059ms] [LOG] [Fast Refresh] rebuilding @ webpack-internal:///./node_modules/next/dist/client/components/react-dev-overlay/pages/hot-reloader-client.js:221
[   67110ms] [LOG] [Fast Refresh] rebuilding @ webpack-internal:///./node_modules/next/dist/client/components/react-dev-overlay/pages/hot-reloader-client.js:221
[   67168ms] [LOG] [Fast Refresh] rebuilding @ webpack-internal:///./node_modules/next/dist/client/components/react-dev-overlay/pages/hot-reloader-client.js:221
[   67212ms] [LOG] [Fast Refresh] rebuilding @ webpack-internal:///./node_modules/next/dist/client/components/react-dev-overlay/pages/hot-reloader-client.js:221
[   67263ms] [LOG] [Fast Refresh] rebuilding @ webpack-internal:///./node_modules/next/dist/client/components/react-dev-overlay/pages/hot-reloader-client.js:221
[   67314ms] [LOG] [Fast Refresh] rebuilding @ webpack-internal:///./node_modules/next/dist/client/components/react-dev-overlay/pages/hot-reloader-client.js:221
[   67365ms] [LOG] [Fast Refresh] rebuilding @ webpack-internal:///./node_modules/next/dist/client/components/react-dev-overlay/pages/hot-reloader-client.js:221
[   67415ms] [LOG] [Fast Refresh] rebuilding @ webpack-internal:///./node_modules/next/dist/client/components/react-dev-overlay/pages/hot-reloader-client.js:221
[   67467ms] [LOG] [Fast Refresh] rebuilding @ webpack-internal:///./node_modules/next/dist/client/components/react-dev-overlay/pages/hot-reloader-client.js:221
[   67518ms] [LOG] [Fast Refresh] rebuilding @ webpack-internal:///./node_modules/next/dist/client/components/react-dev-overlay/pages/hot-reloader-client.js:221
[   67568ms] [LOG] [Fast Refresh] rebuilding @ webpack-internal:///./node_modules/next/dist/client/components/react-dev-overlay/pages/hot-reloader-client.js:221
[   67619ms] [LOG] [Fast Refresh] rebuilding @ webpack-internal:///./node_modules/next/dist/client/components/react-dev-overlay/pages/hot-reloader-client.js:221
[   67670ms] [LOG] [Fast Refresh] rebuilding @ webpack-internal:///./node_modules/next/dist/client/components/react-dev-overlay/pages/hot-reloader-client.js:221
[   67721ms] [LOG] [Fast Refresh] rebuilding @ webpack-internal:///./node_modules/next/dist/client/components/react-dev-overlay/pages/hot-reloader-client.js:221
[   67772ms] [LOG] [Fast Refresh] rebuilding @ webpack-internal:///./node_modules/next/dist/client/components/react-dev-overlay/pages/hot-reloader-client.js:221
[   67823ms] [LOG] [Fast Refresh] rebuilding @ webpack-internal:///./node_modules/next/dist/client/components/react-dev-overlay/pages/hot-reloader-client.js:221
[   67874ms] [LOG] [Fast Refresh] rebuilding @ webpack-internal:///./node_modules/next/dist/client/components/react-dev-overlay/pages/hot-reloader-client.js:221
[   67925ms] [LOG] [Fast Refresh] rebuilding @ webpack-internal:///./node_modules/next/dist/client/components/react-dev-overlay/pages/hot-reloader-client.js:221
[   67976ms] [LOG] [Fast Refresh] rebuilding @ webpack-internal:///./node_modules/next/dist/client/components/react-dev-overlay/pages/hot-reloader-client.js:221
[   68027ms] [LOG] [Fast Refresh] rebuilding @ webpack-internal:///./node_modules/next/dist/client/components/react-dev-overlay/pages/hot-reloader-client.js:221
[   68078ms] [LOG] [Fast Refresh] rebuilding @ webpack-internal:///./node_modules/next/dist/client/components/react-dev-overlay/pages/hot-reloader-client.js:221
[   68129ms] [LOG] [Fast Refresh] rebuilding @ webpack-internal:///./node_modules/next/dist/client/components/react-dev-overlay/pages/hot-reloader-client.js:221
[   68180ms] [LOG] [Fast Refresh] rebuilding @ webpack-internal:///./node_modules/next/dist/client/components/react-dev-overlay/pages/hot-reloader-client.js:221
[   68231ms] [LOG] [Fast Refresh] rebuilding @ webpack-internal:///./node_modules/next/dist/client/components/react-dev-overlay/pages/hot-reloader-client.js:221
[   68282ms] [LOG] [Fast Refresh] rebuilding @ webpack-internal:///./node_modules/next/dist/client/components/react-dev-overlay/pages/hot-reloader-client.js:221
[   68333ms] [LOG] [Fast Refresh] rebuilding @ webpack-internal:///./node_modules/next/dist/client/components/react-dev-overlay/pages/hot-reloader-client.js:221
[   68384ms] [LOG] [Fast Refresh] rebuilding @ webpack-internal:///./node_modules/next/dist/client/components/react-dev-overlay/pages/hot-reloader-client.js:221
[   68435ms] [LOG] [Fast Refresh] rebuilding @ webpack-internal:///./node_modules/next/dist/client/components/react-dev-overlay/pages/hot-reloader-client.js:221
[   68486ms] [LOG] [Fast Refresh] rebuilding @ webpack-internal:///./node_modules/next/dist/client/components/react-dev-overlay/pages/hot-reloader-client.js:221
[   68537ms] [LOG] [Fast Refresh] rebuilding @ webpack-internal:///./node_modules/next/dist/client/components/react-dev-overlay/pages/hot-reloader-client.js:221
[   68588ms] [LOG] [Fast Refresh] rebuilding @ webpack-internal:///./node_modules/next/dist/client/components/react-dev-overlay/pages/hot-reloader-client.js:221
[   68639ms] [LOG] [Fast Refresh] rebuilding @ webpack-internal:///./node_modules/next/dist/client/components/react-dev-overlay/pages/hot-reloader-client.js:221
[   68690ms] [LOG] [Fast Refresh] rebuilding @ webpack-internal:///./node_modules/next/dist/client/components/react-dev-overlay/pages/hot-reloader-client.js:221
[   68741ms] [LOG] [Fast Refresh] rebuilding @ webpack-internal:///./node_modules/next/dist/client/components/react-dev-overlay/pages/hot-reloader-client.js:221
[   68791ms] [LOG] [Fast Refresh] rebuilding @ webpack-internal:///./node_modules/next/dist/client/components/react-dev-overlay/pages/hot-reloader-client.js:221
[   68842ms] [LOG] [Fast Refresh] rebuilding @ webpack-internal:///./node_modules/next/dist/client/components/react-dev-overlay/pages/hot-reloader-client.js:221
[   68893ms] [LOG] [Fast Refresh] rebuilding @ webpack-internal:///./node_modules/next/dist/client/components/react-dev-overlay/pages/hot-reloader-client.js:221
[   68944ms] [LOG] [Fast Refresh] rebuilding @ webpack-internal:///./node_modules/next/dist/client/components/react-dev-overlay/pages/hot-reloader-client.js:221
[   68996ms] [LOG] [Fast Refresh] rebuilding @ webpack-internal:///./node_modules/next/dist/client/components/react-dev-overlay/pages/hot-reloader-client.js:221
[   69046ms] [LOG] [Fast Refresh] rebuilding @ webpack-internal:///./node_modules/next/dist/client/components/react-dev-overlay/pages/hot-reloader-client.js:221
[   69098ms] [LOG] [Fast Refresh] rebuilding @ webpack-internal:///./node_modules/next/dist/client/components/react-dev-overlay/pages/hot-reloader-client.js:221
[   69149ms] [LOG] [Fast Refresh] rebuilding @ webpack-internal:///./node_modules/next/dist/client/components/react-dev-overlay/pages/hot-reloader-client.js:221
[   69200ms] [LOG] [Fast Refresh] rebuilding @ webpack-internal:///./node_modules/next/dist/client/components/react-dev-overlay/pages/hot-reloader-client.js:221
[   69250ms] [LOG] [Fast Refresh] rebuilding @ webpack-internal:///./node_modules/next/dist/client/components/react-dev-overlay/pages/hot-reloader-client.js:221
[   69301ms] [LOG] [Fast Refresh] rebuilding @ webpack-internal:///./node_modules/next/dist/client/components/react-dev-overlay/pages/hot-reloader-client.js:221
[   69351ms] [LOG] [Fast Refresh] rebuilding @ webpack-internal:///./node_modules/next/dist/client/components/react-dev-overlay/pages/hot-reloader-client.js:221
[   69403ms] [LOG] [Fast Refresh] rebuilding @ webpack-internal:///./node_modules/next/dist/client/components/react-dev-overlay/pages/hot-reloader-client.js:221
[   69453ms] [LOG] [Fast Refresh] rebuilding @ webpack-internal:///./node_modules/next/dist/client/components/react-dev-overlay/pages/hot-reloader-client.js:221
[   69504ms] [LOG] [Fast Refresh] rebuilding @ webpack-internal:///./node_modules/next/dist/client/components/react-dev-overlay/pages/hot-reloader-client.js:221
[   69554ms] [LOG] [Fast Refresh] rebuilding @ webpack-internal:///./node_modules/next/dist/client/components/react-dev-overlay/pages/hot-reloader-client.js:221
[   69605ms] [LOG] [Fast Refresh] rebuilding @ webpack-internal:///./node_modules/next/dist/client/components/react-dev-overlay/pages/hot-reloader-client.js:221
[   69656ms] [LOG] [Fast Refresh] rebuilding @ webpack-internal:///./node_modules/next/dist/client/components/react-dev-overlay/pages/hot-reloader-client.js:221
[   69707ms] [LOG] [Fast Refresh] rebuilding @ webpack-internal:///./node_modules/next/dist/client/components/react-dev-overlay/pages/hot-reloader-client.js:221
[   69757ms] [LOG] [Fast Refresh] rebuilding @ webpack-internal:///./node_modules/next/dist/client/components/react-dev-overlay/pages/hot-reloader-client.js:221
[   69808ms] [LOG] [Fast Refresh] rebuilding @ webpack-internal:///./node_modules/next/dist/client/components/react-dev-overlay/pages/hot-reloader-client.js:221
[   69859ms] [LOG] [Fast Refresh] rebuilding @ webpack-internal:///./node_modules/next/dist/client/components/react-dev-overlay/pages/hot-reloader-client.js:221
[   69910ms] [LOG] [Fast Refresh] rebuilding @ webpack-internal:///./node_modules/next/dist/client/components/react-dev-overlay/pages/hot-reloader-client.js:221
[   69961ms] [LOG] [Fast Refresh] rebuilding @ webpack-internal:///./node_modules/next/dist/client/components/react-dev-overlay/pages/hot-reloader-client.js:221
[   70012ms] [LOG] [Fast Refresh] rebuilding @ webpack-internal:///./node_modules/next/dist/client/components/react-dev-overlay/pages/hot-reloader-client.js:221
[   70063ms] [LOG] [Fast Refresh] rebuilding @ webpack-internal:///./node_modules/next/dist/client/components/react-dev-overlay/pages/hot-reloader-client.js:221
[   70114ms] [LOG] [Fast Refresh] rebuilding @ webpack-internal:///./node_modules/next/dist/client/components/react-dev-overlay/pages/hot-reloader-client.js:221
[   70165ms] [LOG] [Fast Refresh] rebuilding @ webpack-internal:///./node_modules/next/dist/client/components/react-dev-overlay/pages/hot-reloader-client.js:221
[   70216ms] [LOG] [Fast Refresh] rebuilding @ webpack-internal:///./node_modules/next/dist/client/components/react-dev-overlay/pages/hot-reloader-client.js:221
[   70267ms] [LOG] [Fast Refresh] rebuilding @ webpack-internal:///./node_modules/next/dist/client/components/react-dev-overlay/pages/hot-reloader-client.js:221
[   70318ms] [LOG] [Fast Refresh] rebuilding @ webpack-internal:///./node_modules/next/dist/client/components/react-dev-overlay/pages/hot-reloader-client.js:221
[   70369ms] [LOG] [Fast Refresh] rebuilding @ webpack-internal:///./node_modules/next/dist/client/components/react-dev-overlay/pages/hot-reloader-client.js:221
[   70421ms] [LOG] [Fast Refresh] rebuilding @ webpack-internal:///./node_modules/next/dist/client/components/react-dev-overlay/pages/hot-reloader-client.js:221
[   70471ms] [LOG] [Fast Refresh] rebuilding @ webpack-internal:///./node_modules/next/dist/client/components/react-dev-overlay/pages/hot-reloader-client.js:221
[   70523ms] [LOG] [Fast Refresh] rebuilding @ webpack-internal:///./node_modules/next/dist/client/components/react-dev-overlay/pages/hot-reloader-client.js:221
[   70573ms] [LOG] [Fast Refresh] rebuilding @ webpack-internal:///./node_modules/next/dist/client/components/react-dev-overlay/pages/hot-reloader-client.js:221
[   70625ms] [LOG] [Fast Refresh] rebuilding @ webpack-internal:///./node_modules/next/dist/client/components/react-dev-overlay/pages/hot-reloader-client.js:221
[   70675ms] [LOG] [Fast Refresh] rebuilding @ webpack-internal:///./node_modules/next/dist/client/components/react-dev-overlay/pages/hot-reloader-client.js:221
[   70727ms] [LOG] [Fast Refresh] rebuilding @ webpack-internal:///./node_modules/next/dist/client/components/react-dev-overlay/pages/hot-reloader-client.js:221
[   70777ms] [LOG] [Fast Refresh] rebuilding @ webpack-internal:///./node_modules/next/dist/client/components/react-dev-overlay/pages/hot-reloader-client.js:221
[   70827ms] [LOG] [Fast Refresh] rebuilding @ webpack-internal:///./node_modules/next/dist/client/components/react-dev-overlay/pages/hot-reloader-client.js:221
[   70878ms] [LOG] [Fast Refresh] rebuilding @ webpack-internal:///./node_modules/next/dist/client/components/react-dev-overlay/pages/hot-reloader-client.js:221
[   70930ms] [LOG] [Fast Refresh] rebuilding @ webpack-internal:///./node_modules/next/dist/client/components/react-dev-overlay/pages/hot-reloader-client.js:221
[   70980ms] [LOG] [Fast Refresh] rebuilding @ webpack-internal:///./node_modules/next/dist/client/components/react-dev-overlay/pages/hot-reloader-client.js:221
[   71031ms] [LOG] [Fast Refresh] rebuilding @ webpack-internal:///./node_modules/next/dist/client/components/react-dev-overlay/pages/hot-reloader-client.js:221
[   71082ms] [LOG] [Fast Refresh] rebuilding @ webpack-internal:///./node_modules/next/dist/client/components/react-dev-overlay/pages/hot-reloader-client.js:221
[   71133ms] [LOG] [Fast Refresh] rebuilding @ webpack-internal:///./node_modules/next/dist/client/components/react-dev-overlay/pages/hot-reloader-client.js:221
[   71184ms] [LOG] [Fast Refresh] rebuilding @ webpack-internal:///./node_modules/next/dist/client/components/react-dev-overlay/pages/hot-reloader-client.js:221
[   71235ms] [LOG] [Fast Refresh] rebuilding @ webpack-internal:///./node_modules/next/dist/client/components/react-dev-overlay/pages/hot-reloader-client.js:221
[   71286ms] [LOG] [Fast Refresh] rebuilding @ webpack-internal:///./node_modules/next/dist/client/components/react-dev-overlay/pages/hot-reloader-client.js:221
[   71337ms] [LOG] [Fast Refresh] rebuilding @ webpack-internal:///./node_modules/next/dist/client/components/react-dev-overlay/pages/hot-reloader-client.js:221
[   71388ms] [LOG] [Fast Refresh] rebuilding @ webpack-internal:///./node_modules/next/dist/client/components/react-dev-overlay/pages/hot-reloader-client.js:221
[   71439ms] [LOG] [Fast Refresh] rebuilding @ webpack-internal:///./node_modules/next/dist/client/components/react-dev-overlay/pages/hot-reloader-client.js:221
[   71490ms] [LOG] [Fast Refresh] rebuilding @ webpack-internal:///./node_modules/next/dist/client/components/react-dev-overlay/pages/hot-reloader-client.js:221
[   71541ms] [LOG] [Fast Refresh] rebuilding @ webpack-internal:///./node_modules/next/dist/client/components/react-dev-overlay/pages/hot-reloader-client.js:221
[   71592ms] [LOG] [Fast Refresh] rebuilding @ webpack-internal:///./node_modules/next/dist/client/components/react-dev-overlay/pages/hot-reloader-client.js:221
[   71643ms] [LOG] [Fast Refresh] rebuilding @ webpack-internal:///./node_modules/next/dist/client/components/react-dev-overlay/pages/hot-reloader-client.js:221
[   71694ms] [LOG] [Fast Refresh] rebuilding @ webpack-internal:///./node_modules/next/dist/client/components/react-dev-overlay/pages/hot-reloader-client.js:221
[   71744ms] [LOG] [Fast Refresh] rebuilding @ webpack-internal:///./node_modules/next/dist/client/components/react-dev-overlay/pages/hot-reloader-client.js:221
[   71795ms] [LOG] [Fast Refresh] rebuilding @ webpack-internal:///./node_modules/next/dist/client/components/react-dev-overlay/pages/hot-reloader-client.js:221
[   71846ms] [LOG] [Fast Refresh] rebuilding @ webpack-internal:///./node_modules/next/dist/client/components/react-dev-overlay/pages/hot-reloader-client.js:221
[   71897ms] [LOG] [Fast Refresh] rebuilding @ webpack-internal:///./node_modules/next/dist/client/components/react-dev-overlay/pages/hot-reloader-client.js:221
[   71948ms] [LOG] [Fast Refresh] rebuilding @ webpack-internal:///./node_modules/next/dist/client/components/react-dev-overlay/pages/hot-reloader-client.js:221
[   71999ms] [LOG] [Fast Refresh] rebuilding @ webpack-internal:///./node_modules/next/dist/client/components/react-dev-overlay/pages/hot-reloader-client.js:221
[   72050ms] [LOG] [Fast Refresh] rebuilding @ webpack-internal:///./node_modules/next/dist/client/components/react-dev-overlay/pages/hot-reloader-client.js:221
[   72101ms] [LOG] [Fast Refresh] rebuilding @ webpack-internal:///./node_modules/next/dist/client/components/react-dev-overlay/pages/hot-reloader-client.js:221
[   72151ms] [LOG] [Fast Refresh] rebuilding @ webpack-internal:///./node_modules/next/dist/client/components/react-dev-overlay/pages/hot-reloader-client.js:221
[   72203ms] [LOG] [Fast Refresh] rebuilding @ webpack-internal:///./node_modules/next/dist/client/components/react-dev-overlay/pages/hot-reloader-client.js:221
[   72253ms] [LOG] [Fast Refresh] rebuilding @ webpack-internal:///./node_modules/next/dist/client/components/react-dev-overlay/pages/hot-reloader-client.js:221
[   72305ms] [LOG] [Fast Refresh] rebuilding @ webpack-internal:///./node_modules/next/dist/client/components/react-dev-overlay/pages/hot-reloader-client.js:221
[   72356ms] [LOG] [Fast Refresh] rebuilding @ webpack-internal:///./node_modules/next/dist/client/components/react-dev-overlay/pages/hot-reloader-client.js:221
[   72406ms] [LOG] [Fast Refresh] rebuilding @ webpack-internal:///./node_modules/next/dist/client/components/react-dev-overlay/pages/hot-reloader-client.js:221
[   72457ms] [LOG] [Fast Refresh] rebuilding @ webpack-internal:///./node_modules/next/dist/client/components/react-dev-overlay/pages/hot-reloader-client.js:221
[   72508ms] [LOG] [Fast Refresh] rebuilding @ webpack-internal:///./node_modules/next/dist/client/components/react-dev-overlay/pages/hot-reloader-client.js:221
[   72559ms] [LOG] [Fast Refresh] rebuilding @ webpack-internal:///./node_modules/next/dist/client/components/react-dev-overlay/pages/hot-reloader-client.js:221
[   72610ms] [LOG] [Fast Refresh] rebuilding @ webpack-internal:///./node_modules/next/dist/client/components/react-dev-overlay/pages/hot-reloader-client.js:221
[   72661ms] [LOG] [Fast Refresh] rebuilding @ webpack-internal:///./node_modules/next/dist/client/components/react-dev-overlay/pages/hot-reloader-client.js:221
[   72712ms] [LOG] [Fast Refresh] rebuilding @ webpack-internal:///./node_modules/next/dist/client/components/react-dev-overlay/pages/hot-reloader-client.js:221
[   72763ms] [LOG] [Fast Refresh] rebuilding @ webpack-internal:///./node_modules/next/dist/client/components/react-dev-overlay/pages/hot-reloader-client.js:221
[   72814ms] [LOG] [Fast Refresh] rebuilding @ webpack-internal:///./node_modules/next/dist/client/components/react-dev-overlay/pages/hot-reloader-client.js:221
[   72865ms] [LOG] [Fast Refresh] rebuilding @ webpack-internal:///./node_modules/next/dist/client/components/react-dev-overlay/pages/hot-reloader-client.js:221
[   72916ms] [LOG] [Fast Refresh] rebuilding @ webpack-internal:///./node_modules/next/dist/client/components/react-dev-overlay/pages/hot-reloader-client.js:221
[   72967ms] [LOG] [Fast Refresh] rebuilding @ webpack-internal:///./node_modules/next/dist/client/components/react-dev-overlay/pages/hot-reloader-client.js:221
[   73018ms] [LOG] [Fast Refresh] rebuilding @ webpack-internal:///./node_modules/next/dist/client/components/react-dev-overlay/pages/hot-reloader-client.js:221
[   73069ms] [LOG] [Fast Refresh] rebuilding @ webpack-internal:///./node_modules/next/dist/client/components/react-dev-overlay/pages/hot-reloader-client.js:221
[   73120ms] [LOG] [Fast Refresh] rebuilding @ webpack-internal:///./node_modules/next/dist/client/components/react-dev-overlay/pages/hot-reloader-client.js:221
[   73171ms] [LOG] [Fast Refresh] rebuilding @ webpack-internal:///./node_modules/next/dist/client/components/react-dev-overlay/pages/hot-reloader-client.js:221
[   73222ms] [LOG] [Fast Refresh] rebuilding @ webpack-internal:///./node_modules/next/dist/client/components/react-dev-overlay/pages/hot-reloader-client.js:221
[   73273ms] [LOG] [Fast Refresh] rebuilding @ webpack-internal:///./node_modules/next/dist/client/components/react-dev-overlay/pages/hot-reloader-client.js:221
[   73324ms] [LOG] [Fast Refresh] rebuilding @ webpack-internal:///./node_modules/next/dist/client/components/react-dev-overlay/pages/hot-reloader-client.js:221
[   73375ms] [LOG] [Fast Refresh] rebuilding @ webpack-internal:///./node_modules/next/dist/client/components/react-dev-overlay/pages/hot-reloader-client.js:221
[   73426ms] [LOG] [Fast Refresh] rebuilding @ webpack-internal:///./node_modules/next/dist/client/components/react-dev-overlay/pages/hot-reloader-client.js:221
[   73477ms] [LOG] [Fast Refresh] rebuilding @ webpack-internal:///./node_modules/next/dist/client/components/react-dev-overlay/pages/hot-reloader-client.js:221
[   73528ms] [LOG] [Fast Refresh] rebuilding @ webpack-internal:///./node_modules/next/dist/client/components/react-dev-overlay/pages/hot-reloader-client.js:221
[   73579ms] [LOG] [Fast Refresh] rebuilding @ webpack-internal:///./node_modules/next/dist/client/components/react-dev-overlay/pages/hot-reloader-client.js:221
[   73630ms] [LOG] [Fast Refresh] rebuilding @ webpack-internal:///./node_modules/next/dist/client/components/react-dev-overlay/pages/hot-reloader-client.js:221
[   73681ms] [LOG] [Fast Refresh] rebuilding @ webpack-internal:///./node_modules/next/dist/client/components/react-dev-overlay/pages/hot-reloader-client.js:221
[   73731ms] [LOG] [Fast Refresh] rebuilding @ webpack-internal:///./node_modules/next/dist/client/components/react-dev-overlay/pages/hot-reloader-client.js:221
[   73782ms] [LOG] [Fast Refresh] rebuilding @ webpack-internal:///./node_modules/next/dist/client/components/react-dev-overlay/pages/hot-reloader-client.js:221
[   73833ms] [LOG] [Fast Refresh] rebuilding @ webpack-internal:///./node_modules/next/dist/client/components/react-dev-overlay/pages/hot-reloader-client.js:221
[   73884ms] [LOG] [Fast Refresh] rebuilding @ webpack-internal:///./node_modules/next/dist/client/components/react-dev-overlay/pages/hot-reloader-client.js:221
[   73935ms] [LOG] [Fast Refresh] rebuilding @ webpack-internal:///./node_modules/next/dist/client/components/react-dev-overlay/pages/hot-reloader-client.js:221
[   73986ms] [LOG] [Fast Refresh] rebuilding @ webpack-internal:///./node_modules/next/dist/client/components/react-dev-overlay/pages/hot-reloader-client.js:221
[   74036ms] [LOG] [Fast Refresh] rebuilding @ webpack-internal:///./node_modules/next/dist/client/components/react-dev-overlay/pages/hot-reloader-client.js:221
[   74086ms] [LOG] [Fast Refresh] rebuilding @ webpack-internal:///./node_modules/next/dist/client/components/react-dev-overlay/pages/hot-reloader-client.js:221
[   74138ms] [LOG] [Fast Refresh] rebuilding @ webpack-internal:///./node_modules/next/dist/client/components/react-dev-overlay/pages/hot-reloader-client.js:221
[   74188ms] [LOG] [Fast Refresh] rebuilding @ webpack-internal:///./node_modules/next/dist/client/components/react-dev-overlay/pages/hot-reloader-client.js:221
[   74239ms] [LOG] [Fast Refresh] rebuilding @ webpack-internal:///./node_modules/next/dist/client/components/react-dev-overlay/pages/hot-reloader-client.js:221
[   74290ms] [LOG] [Fast Refresh] rebuilding @ webpack-internal:///./node_modules/next/dist/client/components/react-dev-overlay/pages/hot-reloader-client.js:221
[   74341ms] [LOG] [Fast Refresh] rebuilding @ webpack-internal:///./node_modules/next/dist/client/components/react-dev-overlay/pages/hot-reloader-client.js:221
[   74392ms] [LOG] [Fast Refresh] rebuilding @ webpack-internal:///./node_modules/next/dist/client/components/react-dev-overlay/pages/hot-reloader-client.js:221
[   74442ms] [LOG] [Fast Refresh] rebuilding @ webpack-internal:///./node_modules/next/dist/client/components/react-dev-overlay/pages/hot-reloader-client.js:221
[   74493ms] [LOG] [Fast Refresh] rebuilding @ webpack-internal:///./node_modules/next/dist/client/components/react-dev-overlay/pages/hot-reloader-client.js:221
[   74544ms] [LOG] [Fast Refresh] rebuilding @ webpack-internal:///./node_modules/next/dist/client/components/react-dev-overlay/pages/hot-reloader-client.js:221
[   74595ms] [LOG] [Fast Refresh] rebuilding @ webpack-internal:///./node_modules/next/dist/client/components/react-dev-overlay/pages/hot-reloader-client.js:221
[   74646ms] [LOG] [Fast Refresh] rebuilding @ webpack-internal:///./node_modules/next/dist/client/components/react-dev-overlay/pages/hot-reloader-client.js:221
[   74697ms] [LOG] [Fast Refresh] rebuilding @ webpack-internal:///./node_modules/next/dist/client/components/react-dev-overlay/pages/hot-reloader-client.js:221
[   74747ms] [LOG] [Fast Refresh] rebuilding @ webpack-internal:///./node_modules/next/dist/client/components/react-dev-overlay/pages/hot-reloader-client.js:221
[   74798ms] [LOG] [Fast Refresh] rebuilding @ webpack-internal:///./node_modules/next/dist/client/components/react-dev-overlay/pages/hot-reloader-client.js:221
[   74849ms] [LOG] [Fast Refresh] rebuilding @ webpack-internal:///./node_modules/next/dist/client/components/react-dev-overlay/pages/hot-reloader-client.js:221
[   74900ms] [LOG] [Fast Refresh] rebuilding @ webpack-internal:///./node_modules/next/dist/client/components/react-dev-overlay/pages/hot-reloader-client.js:221
[   74951ms] [LOG] [Fast Refresh] rebuilding @ webpack-internal:///./node_modules/next/dist/client/components/react-dev-overlay/pages/hot-reloader-client.js:221
[   75002ms] [LOG] [Fast Refresh] rebuilding @ webpack-internal:///./node_modules/next/dist/client/components/react-dev-overlay/pages/hot-reloader-client.js:221
[   75053ms] [LOG] [Fast Refresh] rebuilding @ webpack-internal:///./node_modules/next/dist/client/components/react-dev-overlay/pages/hot-reloader-client.js:221
[   75104ms] [LOG] [Fast Refresh] rebuilding @ webpack-internal:///./node_modules/next/dist/client/components/react-dev-overlay/pages/hot-reloader-client.js:221
[   75155ms] [LOG] [Fast Refresh] rebuilding @ webpack-internal:///./node_modules/next/dist/client/components/react-dev-overlay/pages/hot-reloader-client.js:221
[   75206ms] [LOG] [Fast Refresh] rebuilding @ webpack-internal:///./node_modules/next/dist/client/components/react-dev-overlay/pages/hot-reloader-client.js:221
[   75256ms] [LOG] [Fast Refresh] rebuilding @ webpack-internal:///./node_modules/next/dist/client/components/react-dev-overlay/pages/hot-reloader-client.js:221
[   75307ms] [LOG] [Fast Refresh] rebuilding @ webpack-internal:///./node_modules/next/dist/client/components/react-dev-overlay/pages/hot-reloader-client.js:221
[   75358ms] [LOG] [Fast Refresh] rebuilding @ webpack-internal:///./node_modules/next/dist/client/components/react-dev-overlay/pages/hot-reloader-client.js:221
[   75409ms] [LOG] [Fast Refresh] rebuilding @ webpack-internal:///./node_modules/next/dist/client/components/react-dev-overlay/pages/hot-reloader-client.js:221
[   75459ms] [LOG] [Fast Refresh] rebuilding @ webpack-internal:///./node_modules/next/dist/client/components/react-dev-overlay/pages/hot-reloader-client.js:221
[   75509ms] [LOG] [Fast Refresh] rebuilding @ webpack-internal:///./node_modules/next/dist/client/components/react-dev-overlay/pages/hot-reloader-client.js:221
[   75560ms] [LOG] [Fast Refresh] rebuilding @ webpack-internal:///./node_modules/next/dist/client/components/react-dev-overlay/pages/hot-reloader-client.js:221
[   75611ms] [LOG] [Fast Refresh] rebuilding @ webpack-internal:///./node_modules/next/dist/client/components/react-dev-overlay/pages/hot-reloader-client.js:221
[   75662ms] [LOG] [Fast Refresh] rebuilding @ webpack-internal:///./node_modules/next/dist/client/components/react-dev-overlay/pages/hot-reloader-client.js:221
[   75713ms] [LOG] [Fast Refresh] rebuilding @ webpack-internal:///./node_modules/next/dist/client/components/react-dev-overlay/pages/hot-reloader-client.js:221
[   75764ms] [LOG] [Fast Refresh] rebuilding @ webpack-internal:///./node_modules/next/dist/client/components/react-dev-overlay/pages/hot-reloader-client.js:221
[   75815ms] [LOG] [Fast Refresh] rebuilding @ webpack-internal:///./node_modules/next/dist/client/components/react-dev-overlay/pages/hot-reloader-client.js:221
[   75866ms] [LOG] [Fast Refresh] rebuilding @ webpack-internal:///./node_modules/next/dist/client/components/react-dev-overlay/pages/hot-reloader-client.js:221
[   75917ms] [LOG] [Fast Refresh] rebuilding @ webpack-internal:///./node_modules/next/dist/client/components/react-dev-overlay/pages/hot-reloader-client.js:221
[   75967ms] [LOG] [Fast Refresh] rebuilding @ webpack-internal:///./node_modules/next/dist/client/components/react-dev-overlay/pages/hot-reloader-client.js:221
[   76018ms] [LOG] [Fast Refresh] rebuilding @ webpack-internal:///./node_modules/next/dist/client/components/react-dev-overlay/pages/hot-reloader-client.js:221
[   76070ms] [LOG] [Fast Refresh] rebuilding @ webpack-internal:///./node_modules/next/dist/client/components/react-dev-overlay/pages/hot-reloader-client.js:221
[   76121ms] [LOG] [Fast Refresh] rebuilding @ webpack-internal:///./node_modules/next/dist/client/components/react-dev-overlay/pages/hot-reloader-client.js:221
[   76172ms] [LOG] [Fast Refresh] rebuilding @ webpack-internal:///./node_modules/next/dist/client/components/react-dev-overlay/pages/hot-reloader-client.js:221
[   76223ms] [LOG] [Fast Refresh] rebuilding @ webpack-internal:///./node_modules/next/dist/client/components/react-dev-overlay/pages/hot-reloader-client.js:221
[   76273ms] [LOG] [Fast Refresh] rebuilding @ webpack-internal:///./node_modules/next/dist/client/components/react-dev-overlay/pages/hot-reloader-client.js:221
[   76325ms] [LOG] [Fast Refresh] rebuilding @ webpack-internal:///./node_modules/next/dist/client/components/react-dev-overlay/pages/hot-reloader-client.js:221
[   76376ms] [LOG] [Fast Refresh] rebuilding @ webpack-internal:///./node_modules/next/dist/client/components/react-dev-overlay/pages/hot-reloader-client.js:221
[   76427ms] [LOG] [Fast Refresh] rebuilding @ webpack-internal:///./node_modules/next/dist/client/components/react-dev-overlay/pages/hot-reloader-client.js:221
[   76478ms] [LOG] [Fast Refresh] rebuilding @ webpack-internal:///./node_modules/next/dist/client/components/react-dev-overlay/pages/hot-reloader-client.js:221
[   76528ms] [LOG] [Fast Refresh] rebuilding @ webpack-internal:///./node_modules/next/dist/client/components/react-dev-overlay/pages/hot-reloader-client.js:221
[   76580ms] [LOG] [Fast Refresh] rebuilding @ webpack-internal:///./node_modules/next/dist/client/components/react-dev-overlay/pages/hot-reloader-client.js:221
[   76630ms] [LOG] [Fast Refresh] rebuilding @ webpack-internal:///./node_modules/next/dist/client/components/react-dev-overlay/pages/hot-reloader-client.js:221
[   76681ms] [LOG] [Fast Refresh] rebuilding @ webpack-internal:///./node_modules/next/dist/client/components/react-dev-overlay/pages/hot-reloader-client.js:221
[   76732ms] [LOG] [Fast Refresh] rebuilding @ webpack-internal:///./node_modules/next/dist/client/components/react-dev-overlay/pages/hot-reloader-client.js:221
[   76783ms] [LOG] [Fast Refresh] rebuilding @ webpack-internal:///./node_modules/next/dist/client/components/react-dev-overlay/pages/hot-reloader-client.js:221
[   76834ms] [LOG] [Fast Refresh] rebuilding @ webpack-internal:///./node_modules/next/dist/client/components/react-dev-overlay/pages/hot-reloader-client.js:221
[   76885ms] [LOG] [Fast Refresh] rebuilding @ webpack-internal:///./node_modules/next/dist/client/components/react-dev-overlay/pages/hot-reloader-client.js:221
[   76935ms] [LOG] [Fast Refresh] rebuilding @ webpack-internal:///./node_modules/next/dist/client/components/react-dev-overlay/pages/hot-reloader-client.js:221
[   76987ms] [LOG] [Fast Refresh] rebuilding @ webpack-internal:///./node_modules/next/dist/client/components/react-dev-overlay/pages/hot-reloader-client.js:221
[   77038ms] [LOG] [Fast Refresh] rebuilding @ webpack-internal:///./node_modules/next/dist/client/components/react-dev-overlay/pages/hot-reloader-client.js:221
[   77088ms] [LOG] [Fast Refresh] rebuilding @ webpack-internal:///./node_modules/next/dist/client/components/react-dev-overlay/pages/hot-reloader-client.js:221
[   77139ms] [LOG] [Fast Refresh] rebuilding @ webpack-internal:///./node_modules/next/dist/client/components/react-dev-overlay/pages/hot-reloader-client.js:221
[   77190ms] [LOG] [Fast Refresh] rebuilding @ webpack-internal:///./node_modules/next/dist/client/components/react-dev-overlay/pages/hot-reloader-client.js:221
[   77241ms] [LOG] [Fast Refresh] rebuilding @ webpack-internal:///./node_modules/next/dist/client/components/react-dev-overlay/pages/hot-reloader-client.js:221
[   77292ms] [LOG] [Fast Refresh] rebuilding @ webpack-internal:///./node_modules/next/dist/client/components/react-dev-overlay/pages/hot-reloader-client.js:221
[   77343ms] [LOG] [Fast Refresh] rebuilding @ webpack-internal:///./node_modules/next/dist/client/components/react-dev-overlay/pages/hot-reloader-client.js:221
[   77394ms] [LOG] [Fast Refresh] rebuilding @ webpack-internal:///./node_modules/next/dist/client/components/react-dev-overlay/pages/hot-reloader-client.js:221
[   77444ms] [LOG] [Fast Refresh] rebuilding @ webpack-internal:///./node_modules/next/dist/client/components/react-dev-overlay/pages/hot-reloader-client.js:221
[   77494ms] [LOG] [Fast Refresh] rebuilding @ webpack-internal:///./node_modules/next/dist/client/components/react-dev-overlay/pages/hot-reloader-client.js:221
[   77545ms] [LOG] [Fast Refresh] rebuilding @ webpack-internal:///./node_modules/next/dist/client/components/react-dev-overlay/pages/hot-reloader-client.js:221
[   77597ms] [LOG] [Fast Refresh] rebuilding @ webpack-internal:///./node_modules/next/dist/client/components/react-dev-overlay/pages/hot-reloader-client.js:221
[   77647ms] [LOG] [Fast Refresh] rebuilding @ webpack-internal:///./node_modules/next/dist/client/components/react-dev-overlay/pages/hot-reloader-client.js:221
[   77698ms] [LOG] [Fast Refresh] rebuilding @ webpack-internal:///./node_modules/next/dist/client/components/react-dev-overlay/pages/hot-reloader-client.js:221
[   77748ms] [LOG] [Fast Refresh] rebuilding @ webpack-internal:///./node_modules/next/dist/client/components/react-dev-overlay/pages/hot-reloader-client.js:221
[   77800ms] [LOG] [Fast Refresh] rebuilding @ webpack-internal:///./node_modules/next/dist/client/components/react-dev-overlay/pages/hot-reloader-client.js:221
[   77850ms] [LOG] [Fast Refresh] rebuilding @ webpack-internal:///./node_modules/next/dist/client/components/react-dev-overlay/pages/hot-reloader-client.js:221
[   77901ms] [LOG] [Fast Refresh] rebuilding @ webpack-internal:///./node_modules/next/dist/client/components/react-dev-overlay/pages/hot-reloader-client.js:221
[   77953ms] [LOG] [Fast Refresh] rebuilding @ webpack-internal:///./node_modules/next/dist/client/components/react-dev-overlay/pages/hot-reloader-client.js:221
[   78003ms] [LOG] [Fast Refresh] rebuilding @ webpack-internal:///./node_modules/next/dist/client/components/react-dev-overlay/pages/hot-reloader-client.js:221
[   78054ms] [LOG] [Fast Refresh] rebuilding @ webpack-internal:///./node_modules/next/dist/client/components/react-dev-overlay/pages/hot-reloader-client.js:221
[   78105ms] [LOG] [Fast Refresh] rebuilding @ webpack-internal:///./node_modules/next/dist/client/components/react-dev-overlay/pages/hot-reloader-client.js:221
[   78156ms] [LOG] [Fast Refresh] rebuilding @ webpack-internal:///./node_modules/next/dist/client/components/react-dev-overlay/pages/hot-reloader-client.js:221
[   78207ms] [LOG] [Fast Refresh] rebuilding @ webpack-internal:///./node_modules/next/dist/client/components/react-dev-overlay/pages/hot-reloader-client.js:221
[   78258ms] [LOG] [Fast Refresh] rebuilding @ webpack-internal:///./node_modules/next/dist/client/components/react-dev-overlay/pages/hot-reloader-client.js:221
[   78308ms] [LOG] [Fast Refresh] rebuilding @ webpack-internal:///./node_modules/next/dist/client/components/react-dev-overlay/pages/hot-reloader-client.js:221
[   78359ms] [LOG] [Fast Refresh] rebuilding @ webpack-internal:///./node_modules/next/dist/client/components/react-dev-overlay/pages/hot-reloader-client.js:221
[   78411ms] [LOG] [Fast Refresh] rebuilding @ webpack-internal:///./node_modules/next/dist/client/components/react-dev-overlay/pages/hot-reloader-client.js:221
[   78461ms] [LOG] [Fast Refresh] rebuilding @ webpack-internal:///./node_modules/next/dist/client/components/react-dev-overlay/pages/hot-reloader-client.js:221
[   78512ms] [LOG] [Fast Refresh] rebuilding @ webpack-internal:///./node_modules/next/dist/client/components/react-dev-overlay/pages/hot-reloader-client.js:221
[   78564ms] [LOG] [Fast Refresh] rebuilding @ webpack-internal:///./node_modules/next/dist/client/components/react-dev-overlay/pages/hot-reloader-client.js:221
[   78614ms] [LOG] [Fast Refresh] rebuilding @ webpack-internal:///./node_modules/next/dist/client/components/react-dev-overlay/pages/hot-reloader-client.js:221
[   78665ms] [LOG] [Fast Refresh] rebuilding @ webpack-internal:///./node_modules/next/dist/client/components/react-dev-overlay/pages/hot-reloader-client.js:221
[   78716ms] [LOG] [Fast Refresh] rebuilding @ webpack-internal:///./node_modules/next/dist/client/components/react-dev-overlay/pages/hot-reloader-client.js:221
[   78767ms] [LOG] [Fast Refresh] rebuilding @ webpack-internal:///./node_modules/next/dist/client/components/react-dev-overlay/pages/hot-reloader-client.js:221
[   78817ms] [LOG] [Fast Refresh] rebuilding @ webpack-internal:///./node_modules/next/dist/client/components/react-dev-overlay/pages/hot-reloader-client.js:221
[   78868ms] [LOG] [Fast Refresh] rebuilding @ webpack-internal:///./node_modules/next/dist/client/components/react-dev-overlay/pages/hot-reloader-client.js:221
[   78919ms] [LOG] [Fast Refresh] rebuilding @ webpack-internal:///./node_modules/next/dist/client/components/react-dev-overlay/pages/hot-reloader-client.js:221
[   78970ms] [LOG] [Fast Refresh] rebuilding @ webpack-internal:///./node_modules/next/dist/client/components/react-dev-overlay/pages/hot-reloader-client.js:221
[   79021ms] [LOG] [Fast Refresh] rebuilding @ webpack-internal:///./node_modules/next/dist/client/components/react-dev-overlay/pages/hot-reloader-client.js:221
[   79071ms] [LOG] [Fast Refresh] rebuilding @ webpack-internal:///./node_modules/next/dist/client/components/react-dev-overlay/pages/hot-reloader-client.js:221
[   79122ms] [LOG] [Fast Refresh] rebuilding @ webpack-internal:///./node_modules/next/dist/client/components/react-dev-overlay/pages/hot-reloader-client.js:221
[   79173ms] [LOG] [Fast Refresh] rebuilding @ webpack-internal:///./node_modules/next/dist/client/components/react-dev-overlay/pages/hot-reloader-client.js:221
[   79225ms] [LOG] [Fast Refresh] rebuilding @ webpack-internal:///./node_modules/next/dist/client/components/react-dev-overlay/pages/hot-reloader-client.js:221
[   79276ms] [LOG] [Fast Refresh] rebuilding @ webpack-internal:///./node_modules/next/dist/client/components/react-dev-overlay/pages/hot-reloader-client.js:221
[   79327ms] [LOG] [Fast Refresh] rebuilding @ webpack-internal:///./node_modules/next/dist/client/components/react-dev-overlay/pages/hot-reloader-client.js:221
[   79378ms] [LOG] [Fast Refresh] rebuilding @ webpack-internal:///./node_modules/next/dist/client/components/react-dev-overlay/pages/hot-reloader-client.js:221
[   79429ms] [LOG] [Fast Refresh] rebuilding @ webpack-internal:///./node_modules/next/dist/client/components/react-dev-overlay/pages/hot-reloader-client.js:221
[   79480ms] [LOG] [Fast Refresh] rebuilding @ webpack-internal:///./node_modules/next/dist/client/components/react-dev-overlay/pages/hot-reloader-client.js:221
[   79530ms] [LOG] [Fast Refresh] rebuilding @ webpack-internal:///./node_modules/next/dist/client/components/react-dev-overlay/pages/hot-reloader-client.js:221
[   79581ms] [LOG] [Fast Refresh] rebuilding @ webpack-internal:///./node_modules/next/dist/client/components/react-dev-overlay/pages/hot-reloader-client.js:221
[   79633ms] [LOG] [Fast Refresh] rebuilding @ webpack-internal:///./node_modules/next/dist/client/components/react-dev-overlay/pages/hot-reloader-client.js:221
[   79683ms] [LOG] [Fast Refresh] rebuilding @ webpack-internal:///./node_modules/next/dist/client/components/react-dev-overlay/pages/hot-reloader-client.js:221
[   79735ms] [LOG] [Fast Refresh] rebuilding @ webpack-internal:///./node_modules/next/dist/client/components/react-dev-overlay/pages/hot-reloader-client.js:221
[   79786ms] [LOG] [Fast Refresh] rebuilding @ webpack-internal:///./node_modules/next/dist/client/components/react-dev-overlay/pages/hot-reloader-client.js:221
[   79837ms] [LOG] [Fast Refresh] rebuilding @ webpack-internal:///./node_modules/next/dist/client/components/react-dev-overlay/pages/hot-reloader-client.js:221
[   79888ms] [LOG] [Fast Refresh] rebuilding @ webpack-internal:///./node_modules/next/dist/client/components/react-dev-overlay/pages/hot-reloader-client.js:221
[   79939ms] [LOG] [Fast Refresh] rebuilding @ webpack-internal:///./node_modules/next/dist/client/components/react-dev-overlay/pages/hot-reloader-client.js:221
[   79990ms] [LOG] [Fast Refresh] rebuilding @ webpack-internal:///./node_modules/next/dist/client/components/react-dev-overlay/pages/hot-reloader-client.js:221
[   80041ms] [LOG] [Fast Refresh] rebuilding @ webpack-internal:///./node_modules/next/dist/client/components/react-dev-overlay/pages/hot-reloader-client.js:221
[   80092ms] [LOG] [Fast Refresh] rebuilding @ webpack-internal:///./node_modules/next/dist/client/components/react-dev-overlay/pages/hot-reloader-client.js:221
[   80143ms] [LOG] [Fast Refresh] rebuilding @ webpack-internal:///./node_modules/next/dist/client/components/react-dev-overlay/pages/hot-reloader-client.js:221
[   80194ms] [LOG] [Fast Refresh] rebuilding @ webpack-internal:///./node_modules/next/dist/client/components/react-dev-overlay/pages/hot-reloader-client.js:221
[   80226ms] [LOG] [Fast Refresh] done in 33ms @ webpack-internal:///./node_modules/next/dist/client/components/react-dev-overlay/pages/hot-reloader-client.js:190
[   80245ms] [LOG] [Fast Refresh] rebuilding @ webpack-internal:///./node_modules/next/dist/client/components/react-dev-overlay/pages/hot-reloader-client.js:221
[   80296ms] [LOG] [Fast Refresh] rebuilding @ webpack-internal:///./node_modules/next/dist/client/components/react-dev-overlay/pages/hot-reloader-client.js:221
[   80347ms] [LOG] [Fast Refresh] rebuilding @ webpack-internal:///./node_modules/next/dist/client/components/react-dev-overlay/pages/hot-reloader-client.js:221
[   80398ms] [LOG] [Fast Refresh] rebuilding @ webpack-internal:///./node_modules/next/dist/client/components/react-dev-overlay/pages/hot-reloader-client.js:221
[   80450ms] [LOG] [Fast Refresh] rebuilding @ webpack-internal:///./node_modules/next/dist/client/components/react-dev-overlay/pages/hot-reloader-client.js:221
[   80500ms] [LOG] [Fast Refresh] rebuilding @ webpack-internal:///./node_modules/next/dist/client/components/react-dev-overlay/pages/hot-reloader-client.js:221
[   80551ms] [LOG] [Fast Refresh] rebuilding @ webpack-internal:///./node_modules/next/dist/client/components/react-dev-overlay/pages/hot-reloader-client.js:221
[   80603ms] [LOG] [Fast Refresh] rebuilding @ webpack-internal:///./node_modules/next/dist/client/components/react-dev-overlay/pages/hot-reloader-client.js:221
[   80653ms] [LOG] [Fast Refresh] rebuilding @ webpack-internal:///./node_modules/next/dist/client/components/react-dev-overlay/pages/hot-reloader-client.js:221
[   80704ms] [LOG] [Fast Refresh] rebuilding @ webpack-internal:///./node_modules/next/dist/client/components/react-dev-overlay/pages/hot-reloader-client.js:221
[   80754ms] [LOG] [Fast Refresh] rebuilding @ webpack-internal:///./node_modules/next/dist/client/components/react-dev-overlay/pages/hot-reloader-client.js:221
[   80805ms] [LOG] [Fast Refresh] rebuilding @ webpack-internal:///./node_modules/next/dist/client/components/react-dev-overlay/pages/hot-reloader-client.js:221
[   80857ms] [LOG] [Fast Refresh] rebuilding @ webpack-internal:///./node_modules/next/dist/client/components/react-dev-overlay/pages/hot-reloader-client.js:221
[   80908ms] [LOG] [Fast Refresh] rebuilding @ webpack-internal:///./node_modules/next/dist/client/components/react-dev-overlay/pages/hot-reloader-client.js:221
[   80959ms] [LOG] [Fast Refresh] rebuilding @ webpack-internal:///./node_modules/next/dist/client/components/react-dev-overlay/pages/hot-reloader-client.js:221
[   81010ms] [LOG] [Fast Refresh] rebuilding @ webpack-internal:///./node_modules/next/dist/client/components/react-dev-overlay/pages/hot-reloader-client.js:221
[   81060ms] [LOG] [Fast Refresh] rebuilding @ webpack-internal:///./node_modules/next/dist/client/components/react-dev-overlay/pages/hot-reloader-client.js:221
[   81111ms] [LOG] [Fast Refresh] rebuilding @ webpack-internal:///./node_modules/next/dist/client/components/react-dev-overlay/pages/hot-reloader-client.js:221
[   81163ms] [LOG] [Fast Refresh] rebuilding @ webpack-internal:///./node_modules/next/dist/client/components/react-dev-overlay/pages/hot-reloader-client.js:221
[   81213ms] [LOG] [Fast Refresh] rebuilding @ webpack-internal:///./node_modules/next/dist/client/components/react-dev-overlay/pages/hot-reloader-client.js:221
[   81263ms] [LOG] [Fast Refresh] rebuilding @ webpack-internal:///./node_modules/next/dist/client/components/react-dev-overlay/pages/hot-reloader-client.js:221
[   81313ms] [LOG] [Fast Refresh] rebuilding @ webpack-internal:///./node_modules/next/dist/client/components/react-dev-overlay/pages/hot-reloader-client.js:221
[   81364ms] [LOG] [Fast Refresh] rebuilding @ webpack-internal:///./node_modules/next/dist/client/components/react-dev-overlay/pages/hot-reloader-client.js:221
[   81415ms] [LOG] [Fast Refresh] rebuilding @ webpack-internal:///./node_modules/next/dist/client/components/react-dev-overlay/pages/hot-reloader-client.js:221
[   81466ms] [LOG] [Fast Refresh] rebuilding @ webpack-internal:///./node_modules/next/dist/client/components/react-dev-overlay/pages/hot-reloader-client.js:221
[   81517ms] [LOG] [Fast Refresh] rebuilding @ webpack-internal:///./node_modules/next/dist/client/components/react-dev-overlay/pages/hot-reloader-client.js:221
[   81568ms] [LOG] [Fast Refresh] rebuilding @ webpack-internal:///./node_modules/next/dist/client/components/react-dev-overlay/pages/hot-reloader-client.js:221
[   81619ms] [LOG] [Fast Refresh] rebuilding @ webpack-internal:///./node_modules/next/dist/client/components/react-dev-overlay/pages/hot-reloader-client.js:221
[   81670ms] [LOG] [Fast Refresh] rebuilding @ webpack-internal:///./node_modules/next/dist/client/components/react-dev-overlay/pages/hot-reloader-client.js:221
[   81721ms] [LOG] [Fast Refresh] rebuilding @ webpack-internal:///./node_modules/next/dist/client/components/react-dev-overlay/pages/hot-reloader-client.js:221
[   81772ms] [LOG] [Fast Refresh] rebuilding @ webpack-internal:///./node_modules/next/dist/client/components/react-dev-overlay/pages/hot-reloader-client.js:221
[   81823ms] [LOG] [Fast Refresh] rebuilding @ webpack-internal:///./node_modules/next/dist/client/components/react-dev-overlay/pages/hot-reloader-client.js:221
[   81873ms] [LOG] [Fast Refresh] rebuilding @ webpack-internal:///./node_modules/next/dist/client/components/react-dev-overlay/pages/hot-reloader-client.js:221
[   81925ms] [LOG] [Fast Refresh] rebuilding @ webpack-internal:///./node_modules/next/dist/client/components/react-dev-overlay/pages/hot-reloader-client.js:221
[   81975ms] [LOG] [Fast Refresh] rebuilding @ webpack-internal:///./node_modules/next/dist/client/components/react-dev-overlay/pages/hot-reloader-client.js:221
[   82026ms] [LOG] [Fast Refresh] rebuilding @ webpack-internal:///./node_modules/next/dist/client/components/react-dev-overlay/pages/hot-reloader-client.js:221
[   82077ms] [LOG] [Fast Refresh] rebuilding @ webpack-internal:///./node_modules/next/dist/client/components/react-dev-overlay/pages/hot-reloader-client.js:221
[   82128ms] [LOG] [Fast Refresh] rebuilding @ webpack-internal:///./node_modules/next/dist/client/components/react-dev-overlay/pages/hot-reloader-client.js:221
[   82178ms] [LOG] [Fast Refresh] rebuilding @ webpack-internal:///./node_modules/next/dist/client/components/react-dev-overlay/pages/hot-reloader-client.js:221
[   82229ms] [LOG] [Fast Refresh] rebuilding @ webpack-internal:///./node_modules/next/dist/client/components/react-dev-overlay/pages/hot-reloader-client.js:221
[   82281ms] [LOG] [Fast Refresh] rebuilding @ webpack-internal:///./node_modules/next/dist/client/components/react-dev-overlay/pages/hot-reloader-client.js:221
[   82332ms] [LOG] [Fast Refresh] rebuilding @ webpack-internal:///./node_modules/next/dist/client/components/react-dev-overlay/pages/hot-reloader-client.js:221
[   82383ms] [LOG] [Fast Refresh] rebuilding @ webpack-internal:///./node_modules/next/dist/client/components/react-dev-overlay/pages/hot-reloader-client.js:221
[   82434ms] [LOG] [Fast Refresh] rebuilding @ webpack-internal:///./node_modules/next/dist/client/components/react-dev-overlay/pages/hot-reloader-client.js:221
[   82484ms] [LOG] [Fast Refresh] rebuilding @ webpack-internal:///./node_modules/next/dist/client/components/react-dev-overlay/pages/hot-reloader-client.js:221
[   82535ms] [LOG] [Fast Refresh] rebuilding @ webpack-internal:///./node_modules/next/dist/client/components/react-dev-overlay/pages/hot-reloader-client.js:221
[   82587ms] [LOG] [Fast Refresh] rebuilding @ webpack-internal:///./node_modules/next/dist/client/components/react-dev-overlay/pages/hot-reloader-client.js:221
[   82638ms] [LOG] [Fast Refresh] rebuilding @ webpack-internal:///./node_modules/next/dist/client/components/react-dev-overlay/pages/hot-reloader-client.js:221
[   82689ms] [LOG] [Fast Refresh] rebuilding @ webpack-internal:///./node_modules/next/dist/client/components/react-dev-overlay/pages/hot-reloader-client.js:221
[   82739ms] [LOG] [Fast Refresh] rebuilding @ webpack-internal:///./node_modules/next/dist/client/components/react-dev-overlay/pages/hot-reloader-client.js:221
[   82790ms] [LOG] [Fast Refresh] rebuilding @ webpack-internal:///./node_modules/next/dist/client/components/react-dev-overlay/pages/hot-reloader-client.js:221
[   82841ms] [LOG] [Fast Refresh] rebuilding @ webpack-internal:///./node_modules/next/dist/client/components/react-dev-overlay/pages/hot-reloader-client.js:221
[   82892ms] [LOG] [Fast Refresh] rebuilding @ webpack-internal:///./node_modules/next/dist/client/components/react-dev-overlay/pages/hot-reloader-client.js:221
[   82943ms] [LOG] [Fast Refresh] rebuilding @ webpack-internal:///./node_modules/next/dist/client/components/react-dev-overlay/pages/hot-reloader-client.js:221
[   82994ms] [LOG] [Fast Refresh] rebuilding @ webpack-internal:///./node_modules/next/dist/client/components/react-dev-overlay/pages/hot-reloader-client.js:221
[   83045ms] [LOG] [Fast Refresh] rebuilding @ webpack-internal:///./node_modules/next/dist/client/components/react-dev-overlay/pages/hot-reloader-client.js:221
[   83095ms] [LOG] [Fast Refresh] rebuilding @ webpack-internal:///./node_modules/next/dist/client/components/react-dev-overlay/pages/hot-reloader-client.js:221
[   83147ms] [LOG] [Fast Refresh] rebuilding @ webpack-internal:///./node_modules/next/dist/client/components/react-dev-overlay/pages/hot-reloader-client.js:221
[   83198ms] [LOG] [Fast Refresh] rebuilding @ webpack-internal:///./node_modules/next/dist/client/components/react-dev-overlay/pages/hot-reloader-client.js:221
[   83247ms] [LOG] [Fast Refresh] rebuilding @ webpack-internal:///./node_modules/next/dist/client/components/react-dev-overlay/pages/hot-reloader-client.js:221
[   83298ms] [LOG] [Fast Refresh] rebuilding @ webpack-internal:///./node_modules/next/dist/client/components/react-dev-overlay/pages/hot-reloader-client.js:221
[   83348ms] [LOG] [Fast Refresh] rebuilding @ webpack-internal:///./node_modules/next/dist/client/components/react-dev-overlay/pages/hot-reloader-client.js:221
[   83399ms] [LOG] [Fast Refresh] rebuilding @ webpack-internal:///./node_modules/next/dist/client/components/react-dev-overlay/pages/hot-reloader-client.js:221
[   83450ms] [LOG] [Fast Refresh] rebuilding @ webpack-internal:///./node_modules/next/dist/client/components/react-dev-overlay/pages/hot-reloader-client.js:221
[   83501ms] [LOG] [Fast Refresh] rebuilding @ webpack-internal:///./node_modules/next/dist/client/components/react-dev-overlay/pages/hot-reloader-client.js:221
[   83552ms] [LOG] [Fast Refresh] rebuilding @ webpack-internal:///./node_modules/next/dist/client/components/react-dev-overlay/pages/hot-reloader-client.js:221
[   83603ms] [LOG] [Fast Refresh] rebuilding @ webpack-internal:///./node_modules/next/dist/client/components/react-dev-overlay/pages/hot-reloader-client.js:221
[   83654ms] [LOG] [Fast Refresh] rebuilding @ webpack-internal:///./node_modules/next/dist/client/components/react-dev-overlay/pages/hot-reloader-client.js:221
[   83705ms] [LOG] [Fast Refresh] rebuilding @ webpack-internal:///./node_modules/next/dist/client/components/react-dev-overlay/pages/hot-reloader-client.js:221
[   83756ms] [LOG] [Fast Refresh] rebuilding @ webpack-internal:///./node_modules/next/dist/client/components/react-dev-overlay/pages/hot-reloader-client.js:221
[   83806ms] [LOG] [Fast Refresh] rebuilding @ webpack-internal:///./node_modules/next/dist/client/components/react-dev-overlay/pages/hot-reloader-client.js:221
[   83857ms] [LOG] [Fast Refresh] rebuilding @ webpack-internal:///./node_modules/next/dist/client/components/react-dev-overlay/pages/hot-reloader-client.js:221
[   83908ms] [LOG] [Fast Refresh] rebuilding @ webpack-internal:///./node_modules/next/dist/client/components/react-dev-overlay/pages/hot-reloader-client.js:221
[   83960ms] [LOG] [Fast Refresh] rebuilding @ webpack-internal:///./node_modules/next/dist/client/components/react-dev-overlay/pages/hot-reloader-client.js:221
[   84010ms] [LOG] [Fast Refresh] rebuilding @ webpack-internal:///./node_modules/next/dist/client/components/react-dev-overlay/pages/hot-reloader-client.js:221
[   84061ms] [LOG] [Fast Refresh] rebuilding @ webpack-internal:///./node_modules/next/dist/client/components/react-dev-overlay/pages/hot-reloader-client.js:221
[   84111ms] [LOG] [Fast Refresh] rebuilding @ webpack-internal:///./node_modules/next/dist/client/components/react-dev-overlay/pages/hot-reloader-client.js:221
[   84162ms] [LOG] [Fast Refresh] rebuilding @ webpack-internal:///./node_modules/next/dist/client/components/react-dev-overlay/pages/hot-reloader-client.js:221
[   84213ms] [LOG] [Fast Refresh] rebuilding @ webpack-internal:///./node_modules/next/dist/client/components/react-dev-overlay/pages/hot-reloader-client.js:221
[   84265ms] [LOG] [Fast Refresh] rebuilding @ webpack-internal:///./node_modules/next/dist/client/components/react-dev-overlay/pages/hot-reloader-client.js:221
[   84315ms] [LOG] [Fast Refresh] rebuilding @ webpack-internal:///./node_modules/next/dist/client/components/react-dev-overlay/pages/hot-reloader-client.js:221
[   84366ms] [LOG] [Fast Refresh] rebuilding @ webpack-internal:///./node_modules/next/dist/client/components/react-dev-overlay/pages/hot-reloader-client.js:221
[   84417ms] [LOG] [Fast Refresh] rebuilding @ webpack-internal:///./node_modules/next/dist/client/components/react-dev-overlay/pages/hot-reloader-client.js:221
[   84468ms] [LOG] [Fast Refresh] rebuilding @ webpack-internal:///./node_modules/next/dist/client/components/react-dev-overlay/pages/hot-reloader-client.js:221
[   84519ms] [LOG] [Fast Refresh] rebuilding @ webpack-internal:///./node_modules/next/dist/client/components/react-dev-overlay/pages/hot-reloader-client.js:221
[   84570ms] [LOG] [Fast Refresh] rebuilding @ webpack-internal:///./node_modules/next/dist/client/components/react-dev-overlay/pages/hot-reloader-client.js:221
[   84620ms] [LOG] [Fast Refresh] rebuilding @ webpack-internal:///./node_modules/next/dist/client/components/react-dev-overlay/pages/hot-reloader-client.js:221
[   84670ms] [LOG] [Fast Refresh] rebuilding @ webpack-internal:///./node_modules/next/dist/client/components/react-dev-overlay/pages/hot-reloader-client.js:221
[   84722ms] [LOG] [Fast Refresh] rebuilding @ webpack-internal:///./node_modules/next/dist/client/components/react-dev-overlay/pages/hot-reloader-client.js:221
[   84773ms] [LOG] [Fast Refresh] rebuilding @ webpack-internal:///./node_modules/next/dist/client/components/react-dev-overlay/pages/hot-reloader-client.js:221
[   84824ms] [LOG] [Fast Refresh] rebuilding @ webpack-internal:///./node_modules/next/dist/client/components/react-dev-overlay/pages/hot-reloader-client.js:221
[   84875ms] [LOG] [Fast Refresh] rebuilding @ webpack-internal:///./node_modules/next/dist/client/components/react-dev-overlay/pages/hot-reloader-client.js:221
[   84926ms] [LOG] [Fast Refresh] rebuilding @ webpack-internal:///./node_modules/next/dist/client/components/react-dev-overlay/pages/hot-reloader-client.js:221
[   84976ms] [LOG] [Fast Refresh] rebuilding @ webpack-internal:///./node_modules/next/dist/client/components/react-dev-overlay/pages/hot-reloader-client.js:221
[   85027ms] [LOG] [Fast Refresh] rebuilding @ webpack-internal:///./node_modules/next/dist/client/components/react-dev-overlay/pages/hot-reloader-client.js:221
[   85078ms] [LOG] [Fast Refresh] rebuilding @ webpack-internal:///./node_modules/next/dist/client/components/react-dev-overlay/pages/hot-reloader-client.js:221
[   85129ms] [LOG] [Fast Refresh] rebuilding @ webpack-internal:///./node_modules/next/dist/client/components/react-dev-overlay/pages/hot-reloader-client.js:221
[   85179ms] [LOG] [Fast Refresh] rebuilding @ webpack-internal:///./node_modules/next/dist/client/components/react-dev-overlay/pages/hot-reloader-client.js:221
[   85230ms] [LOG] [Fast Refresh] rebuilding @ webpack-internal:///./node_modules/next/dist/client/components/react-dev-overlay/pages/hot-reloader-client.js:221
[   85281ms] [LOG] [Fast Refresh] rebuilding @ webpack-internal:///./node_modules/next/dist/client/components/react-dev-overlay/pages/hot-reloader-client.js:221
[   85332ms] [LOG] [Fast Refresh] rebuilding @ webpack-internal:///./node_modules/next/dist/client/components/react-dev-overlay/pages/hot-reloader-client.js:221
[   85383ms] [LOG] [Fast Refresh] rebuilding @ webpack-internal:///./node_modules/next/dist/client/components/react-dev-overlay/pages/hot-reloader-client.js:221
[   85434ms] [LOG] [Fast Refresh] rebuilding @ webpack-internal:///./node_modules/next/dist/client/components/react-dev-overlay/pages/hot-reloader-client.js:221
[   85485ms] [LOG] [Fast Refresh] rebuilding @ webpack-internal:///./node_modules/next/dist/client/components/react-dev-overlay/pages/hot-reloader-client.js:221
[   85536ms] [LOG] [Fast Refresh] rebuilding @ webpack-internal:///./node_modules/next/dist/client/components/react-dev-overlay/pages/hot-reloader-client.js:221
[   85587ms] [LOG] [Fast Refresh] rebuilding @ webpack-internal:///./node_modules/next/dist/client/components/react-dev-overlay/pages/hot-reloader-client.js:221
[   85638ms] [LOG] [Fast Refresh] rebuilding @ webpack-internal:///./node_modules/next/dist/client/components/react-dev-overlay/pages/hot-reloader-client.js:221
[   85689ms] [LOG] [Fast Refresh] rebuilding @ webpack-internal:///./node_modules/next/dist/client/components/react-dev-overlay/pages/hot-reloader-client.js:221
[   85739ms] [LOG] [Fast Refresh] rebuilding @ webpack-internal:///./node_modules/next/dist/client/components/react-dev-overlay/pages/hot-reloader-client.js:221
[   85790ms] [LOG] [Fast Refresh] rebuilding @ webpack-internal:///./node_modules/next/dist/client/components/react-dev-overlay/pages/hot-reloader-client.js:221
[   85840ms] [LOG] [Fast Refresh] rebuilding @ webpack-internal:///./node_modules/next/dist/client/components/react-dev-overlay/pages/hot-reloader-client.js:221
[   85891ms] [LOG] [Fast Refresh] rebuilding @ webpack-internal:///./node_modules/next/dist/client/components/react-dev-overlay/pages/hot-reloader-client.js:221
[   85942ms] [LOG] [Fast Refresh] rebuilding @ webpack-internal:///./node_modules/next/dist/client/components/react-dev-overlay/pages/hot-reloader-client.js:221
[   85993ms] [LOG] [Fast Refresh] rebuilding @ webpack-internal:///./node_modules/next/dist/client/components/react-dev-overlay/pages/hot-reloader-client.js:221
[   86043ms] [LOG] [Fast Refresh] rebuilding @ webpack-internal:///./node_modules/next/dist/client/components/react-dev-overlay/pages/hot-reloader-client.js:221
[   86094ms] [LOG] [Fast Refresh] rebuilding @ webpack-internal:///./node_modules/next/dist/client/components/react-dev-overlay/pages/hot-reloader-client.js:221
[   86145ms] [LOG] [Fast Refresh] rebuilding @ webpack-internal:///./node_modules/next/dist/client/components/react-dev-overlay/pages/hot-reloader-client.js:221
[   86196ms] [LOG] [Fast Refresh] rebuilding @ webpack-internal:///./node_modules/next/dist/client/components/react-dev-overlay/pages/hot-reloader-client.js:221
[   86247ms] [LOG] [Fast Refresh] rebuilding @ webpack-internal:///./node_modules/next/dist/client/components/react-dev-overlay/pages/hot-reloader-client.js:221
[   86298ms] [LOG] [Fast Refresh] rebuilding @ webpack-internal:///./node_modules/next/dist/client/components/react-dev-overlay/pages/hot-reloader-client.js:221
[   86349ms] [LOG] [Fast Refresh] rebuilding @ webpack-internal:///./node_modules/next/dist/client/components/react-dev-overlay/pages/hot-reloader-client.js:221
[   86400ms] [LOG] [Fast Refresh] rebuilding @ webpack-internal:///./node_modules/next/dist/client/components/react-dev-overlay/pages/hot-reloader-client.js:221
[   86451ms] [LOG] [Fast Refresh] rebuilding @ webpack-internal:///./node_modules/next/dist/client/components/react-dev-overlay/pages/hot-reloader-client.js:221
[   86502ms] [LOG] [Fast Refresh] rebuilding @ webpack-internal:///./node_modules/next/dist/client/components/react-dev-overlay/pages/hot-reloader-client.js:221
[   86553ms] [LOG] [Fast Refresh] rebuilding @ webpack-internal:///./node_modules/next/dist/client/components/react-dev-overlay/pages/hot-reloader-client.js:221
[   86604ms] [LOG] [Fast Refresh] rebuilding @ webpack-internal:///./node_modules/next/dist/client/components/react-dev-overlay/pages/hot-reloader-client.js:221
[   86655ms] [LOG] [Fast Refresh] rebuilding @ webpack-internal:///./node_modules/next/dist/client/components/react-dev-overlay/pages/hot-reloader-client.js:221
[   86705ms] [LOG] [Fast Refresh] rebuilding @ webpack-internal:///./node_modules/next/dist/client/components/react-dev-overlay/pages/hot-reloader-client.js:221
[   86756ms] [LOG] [Fast Refresh] rebuilding @ webpack-internal:///./node_modules/next/dist/client/components/react-dev-overlay/pages/hot-reloader-client.js:221
[   86807ms] [LOG] [Fast Refresh] rebuilding @ webpack-internal:///./node_modules/next/dist/client/components/react-dev-overlay/pages/hot-reloader-client.js:221
[   86857ms] [LOG] [Fast Refresh] rebuilding @ webpack-internal:///./node_modules/next/dist/client/components/react-dev-overlay/pages/hot-reloader-client.js:221
[   86908ms] [LOG] [Fast Refresh] rebuilding @ webpack-internal:///./node_modules/next/dist/client/components/react-dev-overlay/pages/hot-reloader-client.js:221
[   86958ms] [LOG] [Fast Refresh] rebuilding @ webpack-internal:///./node_modules/next/dist/client/components/react-dev-overlay/pages/hot-reloader-client.js:221
[   87010ms] [LOG] [Fast Refresh] rebuilding @ webpack-internal:///./node_modules/next/dist/client/components/react-dev-overlay/pages/hot-reloader-client.js:221
[   87060ms] [LOG] [Fast Refresh] rebuilding @ webpack-internal:///./node_modules/next/dist/client/components/react-dev-overlay/pages/hot-reloader-client.js:221
[   87112ms] [LOG] [Fast Refresh] rebuilding @ webpack-internal:///./node_modules/next/dist/client/components/react-dev-overlay/pages/hot-reloader-client.js:221
[   87162ms] [LOG] [Fast Refresh] rebuilding @ webpack-internal:///./node_modules/next/dist/client/components/react-dev-overlay/pages/hot-reloader-client.js:221
[   87213ms] [LOG] [Fast Refresh] rebuilding @ webpack-internal:///./node_modules/next/dist/client/components/react-dev-overlay/pages/hot-reloader-client.js:221
[   87264ms] [LOG] [Fast Refresh] rebuilding @ webpack-internal:///./node_modules/next/dist/client/components/react-dev-overlay/pages/hot-reloader-client.js:221
[   87315ms] [LOG] [Fast Refresh] rebuilding @ webpack-internal:///./node_modules/next/dist/client/components/react-dev-overlay/pages/hot-reloader-client.js:221
[   87365ms] [LOG] [Fast Refresh] rebuilding @ webpack-internal:///./node_modules/next/dist/client/components/react-dev-overlay/pages/hot-reloader-client.js:221
[   87417ms] [LOG] [Fast Refresh] rebuilding @ webpack-internal:///./node_modules/next/dist/client/components/react-dev-overlay/pages/hot-reloader-client.js:221
[   87468ms] [LOG] [Fast Refresh] rebuilding @ webpack-internal:///./node_modules/next/dist/client/components/react-dev-overlay/pages/hot-reloader-client.js:221
[   87518ms] [LOG] [Fast Refresh] rebuilding @ webpack-internal:///./node_modules/next/dist/client/components/react-dev-overlay/pages/hot-reloader-client.js:221
[   87569ms] [LOG] [Fast Refresh] rebuilding @ webpack-internal:///./node_modules/next/dist/client/components/react-dev-overlay/pages/hot-reloader-client.js:221
[   87620ms] [LOG] [Fast Refresh] rebuilding @ webpack-internal:///./node_modules/next/dist/client/components/react-dev-overlay/pages/hot-reloader-client.js:221
[   87671ms] [LOG] [Fast Refresh] rebuilding @ webpack-internal:///./node_modules/next/dist/client/components/react-dev-overlay/pages/hot-reloader-client.js:221
[   87722ms] [LOG] [Fast Refresh] rebuilding @ webpack-internal:///./node_modules/next/dist/client/components/react-dev-overlay/pages/hot-reloader-client.js:221
[   87773ms] [LOG] [Fast Refresh] rebuilding @ webpack-internal:///./node_modules/next/dist/client/components/react-dev-overlay/pages/hot-reloader-client.js:221
[   87823ms] [LOG] [Fast Refresh] rebuilding @ webpack-internal:///./node_modules/next/dist/client/components/react-dev-overlay/pages/hot-reloader-client.js:221
[   87874ms] [LOG] [Fast Refresh] rebuilding @ webpack-internal:///./node_modules/next/dist/client/components/react-dev-overlay/pages/hot-reloader-client.js:221
[   87925ms] [LOG] [Fast Refresh] rebuilding @ webpack-internal:///./node_modules/next/dist/client/components/react-dev-overlay/pages/hot-reloader-client.js:221
[   87977ms] [LOG] [Fast Refresh] rebuilding @ webpack-internal:///./node_modules/next/dist/client/components/react-dev-overlay/pages/hot-reloader-client.js:221
[   88028ms] [LOG] [Fast Refresh] rebuilding @ webpack-internal:///./node_modules/next/dist/client/components/react-dev-overlay/pages/hot-reloader-client.js:221
[   88079ms] [LOG] [Fast Refresh] rebuilding @ webpack-internal:///./node_modules/next/dist/client/components/react-dev-overlay/pages/hot-reloader-client.js:221
[   88129ms] [LOG] [Fast Refresh] rebuilding @ webpack-internal:///./node_modules/next/dist/client/components/react-dev-overlay/pages/hot-reloader-client.js:221
[   88181ms] [LOG] [Fast Refresh] rebuilding @ webpack-internal:///./node_modules/next/dist/client/components/react-dev-overlay/pages/hot-reloader-client.js:221
[   88231ms] [LOG] [Fast Refresh] rebuilding @ webpack-internal:///./node_modules/next/dist/client/components/react-dev-overlay/pages/hot-reloader-client.js:221
[   88282ms] [LOG] [Fast Refresh] rebuilding @ webpack-internal:///./node_modules/next/dist/client/components/react-dev-overlay/pages/hot-reloader-client.js:221
[   88333ms] [LOG] [Fast Refresh] rebuilding @ webpack-internal:///./node_modules/next/dist/client/components/react-dev-overlay/pages/hot-reloader-client.js:221
[   88383ms] [LOG] [Fast Refresh] rebuilding @ webpack-internal:///./node_modules/next/dist/client/components/react-dev-overlay/pages/hot-reloader-client.js:221
[   88434ms] [LOG] [Fast Refresh] rebuilding @ webpack-internal:///./node_modules/next/dist/client/components/react-dev-overlay/pages/hot-reloader-client.js:221
[   88484ms] [LOG] [Fast Refresh] rebuilding @ webpack-internal:///./node_modules/next/dist/client/components/react-dev-overlay/pages/hot-reloader-client.js:221
[   88536ms] [LOG] [Fast Refresh] rebuilding @ webpack-internal:///./node_modules/next/dist/client/components/react-dev-overlay/pages/hot-reloader-client.js:221
[   88586ms] [LOG] [Fast Refresh] rebuilding @ webpack-internal:///./node_modules/next/dist/client/components/react-dev-overlay/pages/hot-reloader-client.js:221
[   88638ms] [LOG] [Fast Refresh] rebuilding @ webpack-internal:///./node_modules/next/dist/client/components/react-dev-overlay/pages/hot-reloader-client.js:221
[   88689ms] [LOG] [Fast Refresh] rebuilding @ webpack-internal:///./node_modules/next/dist/client/components/react-dev-overlay/pages/hot-reloader-client.js:221
[   88740ms] [LOG] [Fast Refresh] rebuilding @ webpack-internal:///./node_modules/next/dist/client/components/react-dev-overlay/pages/hot-reloader-client.js:221
[   88791ms] [LOG] [Fast Refresh] rebuilding @ webpack-internal:///./node_modules/next/dist/client/components/react-dev-overlay/pages/hot-reloader-client.js:221
[   88842ms] [LOG] [Fast Refresh] rebuilding @ webpack-internal:///./node_modules/next/dist/client/components/react-dev-overlay/pages/hot-reloader-client.js:221
[   88893ms] [LOG] [Fast Refresh] rebuilding @ webpack-internal:///./node_modules/next/dist/client/components/react-dev-overlay/pages/hot-reloader-client.js:221
[   88944ms] [LOG] [Fast Refresh] rebuilding @ webpack-internal:///./node_modules/next/dist/client/components/react-dev-overlay/pages/hot-reloader-client.js:221
[   88995ms] [LOG] [Fast Refresh] rebuilding @ webpack-internal:///./node_modules/next/dist/client/components/react-dev-overlay/pages/hot-reloader-client.js:221
[   89046ms] [LOG] [Fast Refresh] rebuilding @ webpack-internal:///./node_modules/next/dist/client/components/react-dev-overlay/pages/hot-reloader-client.js:221
[   89096ms] [LOG] [Fast Refresh] rebuilding @ webpack-internal:///./node_modules/next/dist/client/components/react-dev-overlay/pages/hot-reloader-client.js:221
[   89147ms] [LOG] [Fast Refresh] rebuilding @ webpack-internal:///./node_modules/next/dist/client/components/react-dev-overlay/pages/hot-reloader-client.js:221
[   89198ms] [LOG] [Fast Refresh] rebuilding @ webpack-internal:///./node_modules/next/dist/client/components/react-dev-overlay/pages/hot-reloader-client.js:221
[   89249ms] [LOG] [Fast Refresh] rebuilding @ webpack-internal:///./node_modules/next/dist/client/components/react-dev-overlay/pages/hot-reloader-client.js:221
[   89300ms] [LOG] [Fast Refresh] rebuilding @ webpack-internal:///./node_modules/next/dist/client/components/react-dev-overlay/pages/hot-reloader-client.js:221
[   89350ms] [LOG] [Fast Refresh] rebuilding @ webpack-internal:///./node_modules/next/dist/client/components/react-dev-overlay/pages/hot-reloader-client.js:221
[   89401ms] [LOG] [Fast Refresh] rebuilding @ webpack-internal:///./node_modules/next/dist/client/components/react-dev-overlay/pages/hot-reloader-client.js:221
[   89452ms] [LOG] [Fast Refresh] rebuilding @ webpack-internal:///./node_modules/next/dist/client/components/react-dev-overlay/pages/hot-reloader-client.js:221
[   89503ms] [LOG] [Fast Refresh] rebuilding @ webpack-internal:///./node_modules/next/dist/client/components/react-dev-overlay/pages/hot-reloader-client.js:221
[   89554ms] [LOG] [Fast Refresh] rebuilding @ webpack-internal:///./node_modules/next/dist/client/components/react-dev-overlay/pages/hot-reloader-client.js:221
[   89605ms] [LOG] [Fast Refresh] rebuilding @ webpack-internal:///./node_modules/next/dist/client/components/react-dev-overlay/pages/hot-reloader-client.js:221
[   89656ms] [LOG] [Fast Refresh] rebuilding @ webpack-internal:///./node_modules/next/dist/client/components/react-dev-overlay/pages/hot-reloader-client.js:221
[   89706ms] [LOG] [Fast Refresh] rebuilding @ webpack-internal:///./node_modules/next/dist/client/components/react-dev-overlay/pages/hot-reloader-client.js:221
[   89758ms] [LOG] [Fast Refresh] rebuilding @ webpack-internal:///./node_modules/next/dist/client/components/react-dev-overlay/pages/hot-reloader-client.js:221
[   89809ms] [LOG] [Fast Refresh] rebuilding @ webpack-internal:///./node_modules/next/dist/client/components/react-dev-overlay/pages/hot-reloader-client.js:221
[   89859ms] [LOG] [Fast Refresh] rebuilding @ webpack-internal:///./node_modules/next/dist/client/components/react-dev-overlay/pages/hot-reloader-client.js:221
[   89911ms] [LOG] [Fast Refresh] rebuilding @ webpack-internal:///./node_modules/next/dist/client/components/react-dev-overlay/pages/hot-reloader-client.js:221
[   89961ms] [LOG] [Fast Refresh] rebuilding @ webpack-internal:///./node_modules/next/dist/client/components/react-dev-overlay/pages/hot-reloader-client.js:221
[   90012ms] [LOG] [Fast Refresh] rebuilding @ webpack-internal:///./node_modules/next/dist/client/components/react-dev-overlay/pages/hot-reloader-client.js:221
[   90063ms] [LOG] [Fast Refresh] rebuilding @ webpack-internal:///./node_modules/next/dist/client/components/react-dev-overlay/pages/hot-reloader-client.js:221
[   90114ms] [LOG] [Fast Refresh] rebuilding @ webpack-internal:///./node_modules/next/dist/client/components/react-dev-overlay/pages/hot-reloader-client.js:221
[   90165ms] [LOG] [Fast Refresh] rebuilding @ webpack-internal:///./node_modules/next/dist/client/components/react-dev-overlay/pages/hot-reloader-client.js:221
[   90215ms] [LOG] [Fast Refresh] rebuilding @ webpack-internal:///./node_modules/next/dist/client/components/react-dev-overlay/pages/hot-reloader-client.js:221
[   90266ms] [LOG] [Fast Refresh] rebuilding @ webpack-internal:///./node_modules/next/dist/client/components/react-dev-overlay/pages/hot-reloader-client.js:221
[   90317ms] [LOG] [Fast Refresh] rebuilding @ webpack-internal:///./node_modules/next/dist/client/components/react-dev-overlay/pages/hot-reloader-client.js:221
[   90368ms] [LOG] [Fast Refresh] rebuilding @ webpack-internal:///./node_modules/next/dist/client/components/react-dev-overlay/pages/hot-reloader-client.js:221
[   90419ms] [LOG] [Fast Refresh] rebuilding @ webpack-internal:///./node_modules/next/dist/client/components/react-dev-overlay/pages/hot-reloader-client.js:221
[   90470ms] [LOG] [Fast Refresh] rebuilding @ webpack-internal:///./node_modules/next/dist/client/components/react-dev-overlay/pages/hot-reloader-client.js:221
[   90521ms] [LOG] [Fast Refresh] rebuilding @ webpack-internal:///./node_modules/next/dist/client/components/react-dev-overlay/pages/hot-reloader-client.js:221
[   90572ms] [LOG] [Fast Refresh] rebuilding @ webpack-internal:///./node_modules/next/dist/client/components/react-dev-overlay/pages/hot-reloader-client.js:221
[   90623ms] [LOG] [Fast Refresh] rebuilding @ webpack-internal:///./node_modules/next/dist/client/components/react-dev-overlay/pages/hot-reloader-client.js:221
[   90673ms] [LOG] [Fast Refresh] rebuilding @ webpack-internal:///./node_modules/next/dist/client/components/react-dev-overlay/pages/hot-reloader-client.js:221
[   90724ms] [LOG] [Fast Refresh] rebuilding @ webpack-internal:///./node_modules/next/dist/client/components/react-dev-overlay/pages/hot-reloader-client.js:221
[   90775ms] [LOG] [Fast Refresh] rebuilding @ webpack-internal:///./node_modules/next/dist/client/components/react-dev-overlay/pages/hot-reloader-client.js:221
[   90826ms] [LOG] [Fast Refresh] rebuilding @ webpack-internal:///./node_modules/next/dist/client/components/react-dev-overlay/pages/hot-reloader-client.js:221
[   90877ms] [LOG] [Fast Refresh] rebuilding @ webpack-internal:///./node_modules/next/dist/client/components/react-dev-overlay/pages/hot-reloader-client.js:221
[   90928ms] [LOG] [Fast Refresh] rebuilding @ webpack-internal:///./node_modules/next/dist/client/components/react-dev-overlay/pages/hot-reloader-client.js:221
[   91075ms] [LOG] [Fast Refresh] rebuilding @ webpack-internal:///./node_modules/next/dist/client/components/react-dev-overlay/pages/hot-reloader-client.js:221
[   91109ms] [LOG] [Fast Refresh] rebuilding @ webpack-internal:///./node_modules/next/dist/client/components/react-dev-overlay/pages/hot-reloader-client.js:221
[   91138ms] [LOG] [Fast Refresh] rebuilding @ webpack-internal:///./node_modules/next/dist/client/components/react-dev-overlay/pages/hot-reloader-client.js:221
[   91181ms] [LOG] [Fast Refresh] rebuilding @ webpack-internal:///./node_modules/next/dist/client/components/react-dev-overlay/pages/hot-reloader-client.js:221
[   91232ms] [LOG] [Fast Refresh] rebuilding @ webpack-internal:///./node_modules/next/dist/client/components/react-dev-overlay/pages/hot-reloader-client.js:221
[   91283ms] [LOG] [Fast Refresh] rebuilding @ webpack-internal:///./node_modules/next/dist/client/components/react-dev-overlay/pages/hot-reloader-client.js:221
[   91334ms] [LOG] [Fast Refresh] rebuilding @ webpack-internal:///./node_modules/next/dist/client/components/react-dev-overlay/pages/hot-reloader-client.js:221
[   91385ms] [LOG] [Fast Refresh] rebuilding @ webpack-internal:///./node_modules/next/dist/client/components/react-dev-overlay/pages/hot-reloader-client.js:221
[   91435ms] [LOG] [Fast Refresh] rebuilding @ webpack-internal:///./node_modules/next/dist/client/components/react-dev-overlay/pages/hot-reloader-client.js:221
[   91486ms] [LOG] [Fast Refresh] rebuilding @ webpack-internal:///./node_modules/next/dist/client/components/react-dev-overlay/pages/hot-reloader-client.js:221
[   91537ms] [LOG] [Fast Refresh] rebuilding @ webpack-internal:///./node_modules/next/dist/client/components/react-dev-overlay/pages/hot-reloader-client.js:221
[   91588ms] [LOG] [Fast Refresh] rebuilding @ webpack-internal:///./node_modules/next/dist/client/components/react-dev-overlay/pages/hot-reloader-client.js:221
[   91639ms] [LOG] [Fast Refresh] rebuilding @ webpack-internal:///./node_modules/next/dist/client/components/react-dev-overlay/pages/hot-reloader-client.js:221
[   91690ms] [LOG] [Fast Refresh] rebuilding @ webpack-internal:///./node_modules/next/dist/client/components/react-dev-overlay/pages/hot-reloader-client.js:221
[   91741ms] [LOG] [Fast Refresh] rebuilding @ webpack-internal:///./node_modules/next/dist/client/components/react-dev-overlay/pages/hot-reloader-client.js:221
[   91792ms] [LOG] [Fast Refresh] rebuilding @ webpack-internal:///./node_modules/next/dist/client/components/react-dev-overlay/pages/hot-reloader-client.js:221
[   91843ms] [LOG] [Fast Refresh] rebuilding @ webpack-internal:///./node_modules/next/dist/client/components/react-dev-overlay/pages/hot-reloader-client.js:221
[   91894ms] [LOG] [Fast Refresh] rebuilding @ webpack-internal:///./node_modules/next/dist/client/components/react-dev-overlay/pages/hot-reloader-client.js:221
[   91945ms] [LOG] [Fast Refresh] rebuilding @ webpack-internal:///./node_modules/next/dist/client/components/react-dev-overlay/pages/hot-reloader-client.js:221
[   91997ms] [LOG] [Fast Refresh] rebuilding @ webpack-internal:///./node_modules/next/dist/client/components/react-dev-overlay/pages/hot-reloader-client.js:221
[   92047ms] [LOG] [Fast Refresh] rebuilding @ webpack-internal:///./node_modules/next/dist/client/components/react-dev-overlay/pages/hot-reloader-client.js:221
[   92099ms] [LOG] [Fast Refresh] rebuilding @ webpack-internal:///./node_modules/next/dist/client/components/react-dev-overlay/pages/hot-reloader-client.js:221
[   92150ms] [LOG] [Fast Refresh] rebuilding @ webpack-internal:///./node_modules/next/dist/client/components/react-dev-overlay/pages/hot-reloader-client.js:221
[   92200ms] [LOG] [Fast Refresh] rebuilding @ webpack-internal:///./node_modules/next/dist/client/components/react-dev-overlay/pages/hot-reloader-client.js:221
[   92250ms] [LOG] [Fast Refresh] rebuilding @ webpack-internal:///./node_modules/next/dist/client/components/react-dev-overlay/pages/hot-reloader-client.js:221
[   92301ms] [LOG] [Fast Refresh] rebuilding @ webpack-internal:///./node_modules/next/dist/client/components/react-dev-overlay/pages/hot-reloader-client.js:221
[   92352ms] [LOG] [Fast Refresh] rebuilding @ webpack-internal:///./node_modules/next/dist/client/components/react-dev-overlay/pages/hot-reloader-client.js:221
[   92403ms] [LOG] [Fast Refresh] rebuilding @ webpack-internal:///./node_modules/next/dist/client/components/react-dev-overlay/pages/hot-reloader-client.js:221
[   92454ms] [LOG] [Fast Refresh] rebuilding @ webpack-internal:///./node_modules/next/dist/client/components/react-dev-overlay/pages/hot-reloader-client.js:221
[   92505ms] [LOG] [Fast Refresh] rebuilding @ webpack-internal:///./node_modules/next/dist/client/components/react-dev-overlay/pages/hot-reloader-client.js:221
[   92555ms] [LOG] [Fast Refresh] rebuilding @ webpack-internal:///./node_modules/next/dist/client/components/react-dev-overlay/pages/hot-reloader-client.js:221
[   92607ms] [LOG] [Fast Refresh] rebuilding @ webpack-internal:///./node_modules/next/dist/client/components/react-dev-overlay/pages/hot-reloader-client.js:221
[   92657ms] [LOG] [Fast Refresh] rebuilding @ webpack-internal:///./node_modules/next/dist/client/components/react-dev-overlay/pages/hot-reloader-client.js:221
[   92708ms] [LOG] [Fast Refresh] rebuilding @ webpack-internal:///./node_modules/next/dist/client/components/react-dev-overlay/pages/hot-reloader-client.js:221
[   92760ms] [LOG] [Fast Refresh] rebuilding @ webpack-internal:///./node_modules/next/dist/client/components/react-dev-overlay/pages/hot-reloader-client.js:221
[   92811ms] [LOG] [Fast Refresh] rebuilding @ webpack-internal:///./node_modules/next/dist/client/components/react-dev-overlay/pages/hot-reloader-client.js:221
[   92861ms] [LOG] [Fast Refresh] rebuilding @ webpack-internal:///./node_modules/next/dist/client/components/react-dev-overlay/pages/hot-reloader-client.js:221
[   92913ms] [LOG] [Fast Refresh] rebuilding @ webpack-internal:///./node_modules/next/dist/client/components/react-dev-overlay/pages/hot-reloader-client.js:221
[   92964ms] [LOG] [Fast Refresh] rebuilding @ webpack-internal:///./node_modules/next/dist/client/components/react-dev-overlay/pages/hot-reloader-client.js:221
[   93015ms] [LOG] [Fast Refresh] rebuilding @ webpack-internal:///./node_modules/next/dist/client/components/react-dev-overlay/pages/hot-reloader-client.js:221
[   93066ms] [LOG] [Fast Refresh] rebuilding @ webpack-internal:///./node_modules/next/dist/client/components/react-dev-overlay/pages/hot-reloader-client.js:221
[   93117ms] [LOG] [Fast Refresh] rebuilding @ webpack-internal:///./node_modules/next/dist/client/components/react-dev-overlay/pages/hot-reloader-client.js:221
[   93168ms] [LOG] [Fast Refresh] rebuilding @ webpack-internal:///./node_modules/next/dist/client/components/react-dev-overlay/pages/hot-reloader-client.js:221
[   93219ms] [LOG] [Fast Refresh] rebuilding @ webpack-internal:///./node_modules/next/dist/client/components/react-dev-overlay/pages/hot-reloader-client.js:221
[   93270ms] [LOG] [Fast Refresh] rebuilding @ webpack-internal:///./node_modules/next/dist/client/components/react-dev-overlay/pages/hot-reloader-client.js:221
[   93321ms] [LOG] [Fast Refresh] rebuilding @ webpack-internal:///./node_modules/next/dist/client/components/react-dev-overlay/pages/hot-reloader-client.js:221
[   93372ms] [LOG] [Fast Refresh] rebuilding @ webpack-internal:///./node_modules/next/dist/client/components/react-dev-overlay/pages/hot-reloader-client.js:221
[   93422ms] [LOG] [Fast Refresh] rebuilding @ webpack-internal:///./node_modules/next/dist/client/components/react-dev-overlay/pages/hot-reloader-client.js:221
[   93473ms] [LOG] [Fast Refresh] rebuilding @ webpack-internal:///./node_modules/next/dist/client/components/react-dev-overlay/pages/hot-reloader-client.js:221
[   93525ms] [LOG] [Fast Refresh] rebuilding @ webpack-internal:///./node_modules/next/dist/client/components/react-dev-overlay/pages/hot-reloader-client.js:221
[   93575ms] [LOG] [Fast Refresh] rebuilding @ webpack-internal:///./node_modules/next/dist/client/components/react-dev-overlay/pages/hot-reloader-client.js:221
[   93626ms] [LOG] [Fast Refresh] rebuilding @ webpack-internal:///./node_modules/next/dist/client/components/react-dev-overlay/pages/hot-reloader-client.js:221
[   93677ms] [LOG] [Fast Refresh] rebuilding @ webpack-internal:///./node_modules/next/dist/client/components/react-dev-overlay/pages/hot-reloader-client.js:221
[   93728ms] [LOG] [Fast Refresh] rebuilding @ webpack-internal:///./node_modules/next/dist/client/components/react-dev-overlay/pages/hot-reloader-client.js:221
[   93778ms] [LOG] [Fast Refresh] rebuilding @ webpack-internal:///./node_modules/next/dist/client/components/react-dev-overlay/pages/hot-reloader-client.js:221
[   93829ms] [LOG] [Fast Refresh] rebuilding @ webpack-internal:///./node_modules/next/dist/client/components/react-dev-overlay/pages/hot-reloader-client.js:221
[   93880ms] [LOG] [Fast Refresh] rebuilding @ webpack-internal:///./node_modules/next/dist/client/components/react-dev-overlay/pages/hot-reloader-client.js:221
[   93931ms] [LOG] [Fast Refresh] rebuilding @ webpack-internal:///./node_modules/next/dist/client/components/react-dev-overlay/pages/hot-reloader-client.js:221
[   93982ms] [LOG] [Fast Refresh] rebuilding @ webpack-internal:///./node_modules/next/dist/client/components/react-dev-overlay/pages/hot-reloader-client.js:221
[   94033ms] [LOG] [Fast Refresh] rebuilding @ webpack-internal:///./node_modules/next/dist/client/components/react-dev-overlay/pages/hot-reloader-client.js:221
[   94083ms] [LOG] [Fast Refresh] rebuilding @ webpack-internal:///./node_modules/next/dist/client/components/react-dev-overlay/pages/hot-reloader-client.js:221
[   94134ms] [LOG] [Fast Refresh] rebuilding @ webpack-internal:///./node_modules/next/dist/client/components/react-dev-overlay/pages/hot-reloader-client.js:221
[   94186ms] [LOG] [Fast Refresh] rebuilding @ webpack-internal:///./node_modules/next/dist/client/components/react-dev-overlay/pages/hot-reloader-client.js:221
[   94236ms] [LOG] [Fast Refresh] rebuilding @ webpack-internal:///./node_modules/next/dist/client/components/react-dev-overlay/pages/hot-reloader-client.js:221
[   94288ms] [LOG] [Fast Refresh] rebuilding @ webpack-internal:///./node_modules/next/dist/client/components/react-dev-overlay/pages/hot-reloader-client.js:221
[   94338ms] [LOG] [Fast Refresh] rebuilding @ webpack-internal:///./node_modules/next/dist/client/components/react-dev-overlay/pages/hot-reloader-client.js:221
[   94388ms] [LOG] [Fast Refresh] rebuilding @ webpack-internal:///./node_modules/next/dist/client/components/react-dev-overlay/pages/hot-reloader-client.js:221
[   94440ms] [LOG] [Fast Refresh] rebuilding @ webpack-internal:///./node_modules/next/dist/client/components/react-dev-overlay/pages/hot-reloader-client.js:221
[   94490ms] [LOG] [Fast Refresh] rebuilding @ webpack-internal:///./node_modules/next/dist/client/components/react-dev-overlay/pages/hot-reloader-client.js:221
[   94542ms] [LOG] [Fast Refresh] rebuilding @ webpack-internal:///./node_modules/next/dist/client/components/react-dev-overlay/pages/hot-reloader-client.js:221
[   94592ms] [LOG] [Fast Refresh] rebuilding @ webpack-internal:///./node_modules/next/dist/client/components/react-dev-overlay/pages/hot-reloader-client.js:221
[   94643ms] [LOG] [Fast Refresh] rebuilding @ webpack-internal:///./node_modules/next/dist/client/components/react-dev-overlay/pages/hot-reloader-client.js:221
[   94694ms] [LOG] [Fast Refresh] rebuilding @ webpack-internal:///./node_modules/next/dist/client/components/react-dev-overlay/pages/hot-reloader-client.js:221
[   94745ms] [LOG] [Fast Refresh] rebuilding @ webpack-internal:///./node_modules/next/dist/client/components/react-dev-overlay/pages/hot-reloader-client.js:221
[   94797ms] [LOG] [Fast Refresh] rebuilding @ webpack-internal:///./node_modules/next/dist/client/components/react-dev-overlay/pages/hot-reloader-client.js:221
[   94847ms] [LOG] [Fast Refresh] rebuilding @ webpack-internal:///./node_modules/next/dist/client/components/react-dev-overlay/pages/hot-reloader-client.js:221
[   94897ms] [LOG] [Fast Refresh] rebuilding @ webpack-internal:///./node_modules/next/dist/client/components/react-dev-overlay/pages/hot-reloader-client.js:221
[   94949ms] [LOG] [Fast Refresh] rebuilding @ webpack-internal:///./node_modules/next/dist/client/components/react-dev-overlay/pages/hot-reloader-client.js:221
[   95000ms] [LOG] [Fast Refresh] rebuilding @ webpack-internal:///./node_modules/next/dist/client/components/react-dev-overlay/pages/hot-reloader-client.js:221
[   95051ms] [LOG] [Fast Refresh] rebuilding @ webpack-internal:///./node_modules/next/dist/client/components/react-dev-overlay/pages/hot-reloader-client.js:221
[   95102ms] [LOG] [Fast Refresh] rebuilding @ webpack-internal:///./node_modules/next/dist/client/components/react-dev-overlay/pages/hot-reloader-client.js:221
[   95153ms] [LOG] [Fast Refresh] rebuilding @ webpack-internal:///./node_modules/next/dist/client/components/react-dev-overlay/pages/hot-reloader-client.js:221
[   95204ms] [LOG] [Fast Refresh] rebuilding @ webpack-internal:///./node_modules/next/dist/client/components/react-dev-overlay/pages/hot-reloader-client.js:221
[   95254ms] [LOG] [Fast Refresh] rebuilding @ webpack-internal:///./node_modules/next/dist/client/components/react-dev-overlay/pages/hot-reloader-client.js:221
[   95305ms] [LOG] [Fast Refresh] rebuilding @ webpack-internal:///./node_modules/next/dist/client/components/react-dev-overlay/pages/hot-reloader-client.js:221
[   95356ms] [LOG] [Fast Refresh] rebuilding @ webpack-internal:///./node_modules/next/dist/client/components/react-dev-overlay/pages/hot-reloader-client.js:221
[   95406ms] [LOG] [Fast Refresh] rebuilding @ webpack-internal:///./node_modules/next/dist/client/components/react-dev-overlay/pages/hot-reloader-client.js:221
[   95457ms] [LOG] [Fast Refresh] rebuilding @ webpack-internal:///./node_modules/next/dist/client/components/react-dev-overlay/pages/hot-reloader-client.js:221
[   95508ms] [LOG] [Fast Refresh] rebuilding @ webpack-internal:///./node_modules/next/dist/client/components/react-dev-overlay/pages/hot-reloader-client.js:221
[   95560ms] [LOG] [Fast Refresh] rebuilding @ webpack-internal:///./node_modules/next/dist/client/components/react-dev-overlay/pages/hot-reloader-client.js:221
[   95610ms] [LOG] [Fast Refresh] rebuilding @ webpack-internal:///./node_modules/next/dist/client/components/react-dev-overlay/pages/hot-reloader-client.js:221
[   95660ms] [LOG] [Fast Refresh] rebuilding @ webpack-internal:///./node_modules/next/dist/client/components/react-dev-overlay/pages/hot-reloader-client.js:221
[   95711ms] [LOG] [Fast Refresh] rebuilding @ webpack-internal:///./node_modules/next/dist/client/components/react-dev-overlay/pages/hot-reloader-client.js:221
[   95762ms] [LOG] [Fast Refresh] rebuilding @ webpack-internal:///./node_modules/next/dist/client/components/react-dev-overlay/pages/hot-reloader-client.js:221
[   95813ms] [LOG] [Fast Refresh] rebuilding @ webpack-internal:///./node_modules/next/dist/client/components/react-dev-overlay/pages/hot-reloader-client.js:221
[   95863ms] [LOG] [Fast Refresh] rebuilding @ webpack-internal:///./node_modules/next/dist/client/components/react-dev-overlay/pages/hot-reloader-client.js:221
[   95915ms] [LOG] [Fast Refresh] rebuilding @ webpack-internal:///./node_modules/next/dist/client/components/react-dev-overlay/pages/hot-reloader-client.js:221
[   95966ms] [LOG] [Fast Refresh] rebuilding @ webpack-internal:///./node_modules/next/dist/client/components/react-dev-overlay/pages/hot-reloader-client.js:221
[   96016ms] [LOG] [Fast Refresh] rebuilding @ webpack-internal:///./node_modules/next/dist/client/components/react-dev-overlay/pages/hot-reloader-client.js:221
[   96067ms] [LOG] [Fast Refresh] rebuilding @ webpack-internal:///./node_modules/next/dist/client/components/react-dev-overlay/pages/hot-reloader-client.js:221
[   96118ms] [LOG] [Fast Refresh] rebuilding @ webpack-internal:///./node_modules/next/dist/client/components/react-dev-overlay/pages/hot-reloader-client.js:221
[   96169ms] [LOG] [Fast Refresh] rebuilding @ webpack-internal:///./node_modules/next/dist/client/components/react-dev-overlay/pages/hot-reloader-client.js:221
[   96220ms] [LOG] [Fast Refresh] rebuilding @ webpack-internal:///./node_modules/next/dist/client/components/react-dev-overlay/pages/hot-reloader-client.js:221
[   96271ms] [LOG] [Fast Refresh] rebuilding @ webpack-internal:///./node_modules/next/dist/client/components/react-dev-overlay/pages/hot-reloader-client.js:221
[   96322ms] [LOG] [Fast Refresh] rebuilding @ webpack-internal:///./node_modules/next/dist/client/components/react-dev-overlay/pages/hot-reloader-client.js:221
[   96373ms] [LOG] [Fast Refresh] rebuilding @ webpack-internal:///./node_modules/next/dist/client/components/react-dev-overlay/pages/hot-reloader-client.js:221
[   96424ms] [LOG] [Fast Refresh] rebuilding @ webpack-internal:///./node_modules/next/dist/client/components/react-dev-overlay/pages/hot-reloader-client.js:221
[   96475ms] [LOG] [Fast Refresh] rebuilding @ webpack-internal:///./node_modules/next/dist/client/components/react-dev-overlay/pages/hot-reloader-client.js:221
[   96526ms] [LOG] [Fast Refresh] rebuilding @ webpack-internal:///./node_modules/next/dist/client/components/react-dev-overlay/pages/hot-reloader-client.js:221
[   96577ms] [LOG] [Fast Refresh] rebuilding @ webpack-internal:///./node_modules/next/dist/client/components/react-dev-overlay/pages/hot-reloader-client.js:221
[   96628ms] [LOG] [Fast Refresh] rebuilding @ webpack-internal:///./node_modules/next/dist/client/components/react-dev-overlay/pages/hot-reloader-client.js:221
[   96679ms] [LOG] [Fast Refresh] rebuilding @ webpack-internal:///./node_modules/next/dist/client/components/react-dev-overlay/pages/hot-reloader-client.js:221
[   96730ms] [LOG] [Fast Refresh] rebuilding @ webpack-internal:///./node_modules/next/dist/client/components/react-dev-overlay/pages/hot-reloader-client.js:221
[   96781ms] [LOG] [Fast Refresh] rebuilding @ webpack-internal:///./node_modules/next/dist/client/components/react-dev-overlay/pages/hot-reloader-client.js:221
[   96832ms] [LOG] [Fast Refresh] rebuilding @ webpack-internal:///./node_modules/next/dist/client/components/react-dev-overlay/pages/hot-reloader-client.js:221
[   96883ms] [LOG] [Fast Refresh] rebuilding @ webpack-internal:///./node_modules/next/dist/client/components/react-dev-overlay/pages/hot-reloader-client.js:221
[   96934ms] [LOG] [Fast Refresh] rebuilding @ webpack-internal:///./node_modules/next/dist/client/components/react-dev-overlay/pages/hot-reloader-client.js:221
[   96985ms] [LOG] [Fast Refresh] rebuilding @ webpack-internal:///./node_modules/next/dist/client/components/react-dev-overlay/pages/hot-reloader-client.js:221
[   97036ms] [LOG] [Fast Refresh] rebuilding @ webpack-internal:///./node_modules/next/dist/client/components/react-dev-overlay/pages/hot-reloader-client.js:221
[   97087ms] [LOG] [Fast Refresh] rebuilding @ webpack-internal:///./node_modules/next/dist/client/components/react-dev-overlay/pages/hot-reloader-client.js:221
[   97137ms] [LOG] [Fast Refresh] rebuilding @ webpack-internal:///./node_modules/next/dist/client/components/react-dev-overlay/pages/hot-reloader-client.js:221
[   97188ms] [LOG] [Fast Refresh] rebuilding @ webpack-internal:///./node_modules/next/dist/client/components/react-dev-overlay/pages/hot-reloader-client.js:221
[   97239ms] [LOG] [Fast Refresh] rebuilding @ webpack-internal:///./node_modules/next/dist/client/components/react-dev-overlay/pages/hot-reloader-client.js:221
[   97290ms] [LOG] [Fast Refresh] rebuilding @ webpack-internal:///./node_modules/next/dist/client/components/react-dev-overlay/pages/hot-reloader-client.js:221
[   97341ms] [LOG] [Fast Refresh] rebuilding @ webpack-internal:///./node_modules/next/dist/client/components/react-dev-overlay/pages/hot-reloader-client.js:221
[   97391ms] [LOG] [Fast Refresh] rebuilding @ webpack-internal:///./node_modules/next/dist/client/components/react-dev-overlay/pages/hot-reloader-client.js:221
[   97443ms] [LOG] [Fast Refresh] rebuilding @ webpack-internal:///./node_modules/next/dist/client/components/react-dev-overlay/pages/hot-reloader-client.js:221
[   97494ms] [LOG] [Fast Refresh] rebuilding @ webpack-internal:///./node_modules/next/dist/client/components/react-dev-overlay/pages/hot-reloader-client.js:221
[   97544ms] [LOG] [Fast Refresh] rebuilding @ webpack-internal:///./node_modules/next/dist/client/components/react-dev-overlay/pages/hot-reloader-client.js:221
[   97595ms] [LOG] [Fast Refresh] rebuilding @ webpack-internal:///./node_modules/next/dist/client/components/react-dev-overlay/pages/hot-reloader-client.js:221
[   97646ms] [LOG] [Fast Refresh] rebuilding @ webpack-internal:///./node_modules/next/dist/client/components/react-dev-overlay/pages/hot-reloader-client.js:221
[   97697ms] [LOG] [Fast Refresh] rebuilding @ webpack-internal:///./node_modules/next/dist/client/components/react-dev-overlay/pages/hot-reloader-client.js:221
[   97749ms] [LOG] [Fast Refresh] rebuilding @ webpack-internal:///./node_modules/next/dist/client/components/react-dev-overlay/pages/hot-reloader-client.js:221
[   97799ms] [LOG] [Fast Refresh] rebuilding @ webpack-internal:///./node_modules/next/dist/client/components/react-dev-overlay/pages/hot-reloader-client.js:221
[   97850ms] [LOG] [Fast Refresh] rebuilding @ webpack-internal:///./node_modules/next/dist/client/components/react-dev-overlay/pages/hot-reloader-client.js:221
[   97902ms] [LOG] [Fast Refresh] rebuilding @ webpack-internal:///./node_modules/next/dist/client/components/react-dev-overlay/pages/hot-reloader-client.js:221
[   97952ms] [LOG] [Fast Refresh] rebuilding @ webpack-internal:///./node_modules/next/dist/client/components/react-dev-overlay/pages/hot-reloader-client.js:221
[   98003ms] [LOG] [Fast Refresh] rebuilding @ webpack-internal:///./node_modules/next/dist/client/components/react-dev-overlay/pages/hot-reloader-client.js:221
[   98054ms] [LOG] [Fast Refresh] rebuilding @ webpack-internal:///./node_modules/next/dist/client/components/react-dev-overlay/pages/hot-reloader-client.js:221
[   98104ms] [LOG] [Fast Refresh] rebuilding @ webpack-internal:///./node_modules/next/dist/client/components/react-dev-overlay/pages/hot-reloader-client.js:221
[   98155ms] [LOG] [Fast Refresh] rebuilding @ webpack-internal:///./node_modules/next/dist/client/components/react-dev-overlay/pages/hot-reloader-client.js:221
[   98206ms] [LOG] [Fast Refresh] rebuilding @ webpack-internal:///./node_modules/next/dist/client/components/react-dev-overlay/pages/hot-reloader-client.js:221
[   98257ms] [LOG] [Fast Refresh] rebuilding @ webpack-internal:///./node_modules/next/dist/client/components/react-dev-overlay/pages/hot-reloader-client.js:221
[   98307ms] [LOG] [Fast Refresh] rebuilding @ webpack-internal:///./node_modules/next/dist/client/components/react-dev-overlay/pages/hot-reloader-client.js:221
[   98358ms] [LOG] [Fast Refresh] rebuilding @ webpack-internal:///./node_modules/next/dist/client/components/react-dev-overlay/pages/hot-reloader-client.js:221
[   98408ms] [LOG] [Fast Refresh] rebuilding @ webpack-internal:///./node_modules/next/dist/client/components/react-dev-overlay/pages/hot-reloader-client.js:221
[   98459ms] [LOG] [Fast Refresh] rebuilding @ webpack-internal:///./node_modules/next/dist/client/components/react-dev-overlay/pages/hot-reloader-client.js:221
[   98510ms] [LOG] [Fast Refresh] rebuilding @ webpack-internal:///./node_modules/next/dist/client/components/react-dev-overlay/pages/hot-reloader-client.js:221
[   98562ms] [LOG] [Fast Refresh] rebuilding @ webpack-internal:///./node_modules/next/dist/client/components/react-dev-overlay/pages/hot-reloader-client.js:221
[   98612ms] [LOG] [Fast Refresh] rebuilding @ webpack-internal:///./node_modules/next/dist/client/components/react-dev-overlay/pages/hot-reloader-client.js:221
[   98663ms] [LOG] [Fast Refresh] rebuilding @ webpack-internal:///./node_modules/next/dist/client/components/react-dev-overlay/pages/hot-reloader-client.js:221
[   98714ms] [LOG] [Fast Refresh] rebuilding @ webpack-internal:///./node_modules/next/dist/client/components/react-dev-overlay/pages/hot-reloader-client.js:221
[   98765ms] [LOG] [Fast Refresh] rebuilding @ webpack-internal:///./node_modules/next/dist/client/components/react-dev-overlay/pages/hot-reloader-client.js:221
[   98816ms] [LOG] [Fast Refresh] rebuilding @ webpack-internal:///./node_modules/next/dist/client/components/react-dev-overlay/pages/hot-reloader-client.js:221
[   98867ms] [LOG] [Fast Refresh] rebuilding @ webpack-internal:///./node_modules/next/dist/client/components/react-dev-overlay/pages/hot-reloader-client.js:221
[   98918ms] [LOG] [Fast Refresh] rebuilding @ webpack-internal:///./node_modules/next/dist/client/components/react-dev-overlay/pages/hot-reloader-client.js:221
[   98969ms] [LOG] [Fast Refresh] rebuilding @ webpack-internal:///./node_modules/next/dist/client/components/react-dev-overlay/pages/hot-reloader-client.js:221
[   99019ms] [LOG] [Fast Refresh] rebuilding @ webpack-internal:///./node_modules/next/dist/client/components/react-dev-overlay/pages/hot-reloader-client.js:221
[   99070ms] [LOG] [Fast Refresh] rebuilding @ webpack-internal:///./node_modules/next/dist/client/components/react-dev-overlay/pages/hot-reloader-client.js:221
[   99120ms] [LOG] [Fast Refresh] rebuilding @ webpack-internal:///./node_modules/next/dist/client/components/react-dev-overlay/pages/hot-reloader-client.js:221
[   99170ms] [LOG] [Fast Refresh] rebuilding @ webpack-internal:///./node_modules/next/dist/client/components/react-dev-overlay/pages/hot-reloader-client.js:221
[   99234ms] [LOG] [Fast Refresh] rebuilding @ webpack-internal:///./node_modules/next/dist/client/components/react-dev-overlay/pages/hot-reloader-client.js:221
[   99273ms] [LOG] [Fast Refresh] rebuilding @ webpack-internal:///./node_modules/next/dist/client/components/react-dev-overlay/pages/hot-reloader-client.js:221
[   99323ms] [LOG] [Fast Refresh] rebuilding @ webpack-internal:///./node_modules/next/dist/client/components/react-dev-overlay/pages/hot-reloader-client.js:221
[   99374ms] [LOG] [Fast Refresh] rebuilding @ webpack-internal:///./node_modules/next/dist/client/components/react-dev-overlay/pages/hot-reloader-client.js:221
[   99425ms] [LOG] [Fast Refresh] rebuilding @ webpack-internal:///./node_modules/next/dist/client/components/react-dev-overlay/pages/hot-reloader-client.js:221
[   99476ms] [LOG] [Fast Refresh] rebuilding @ webpack-internal:///./node_modules/next/dist/client/components/react-dev-overlay/pages/hot-reloader-client.js:221
[   99527ms] [LOG] [Fast Refresh] rebuilding @ webpack-internal:///./node_modules/next/dist/client/components/react-dev-overlay/pages/hot-reloader-client.js:221
[   99578ms] [LOG] [Fast Refresh] rebuilding @ webpack-internal:///./node_modules/next/dist/client/components/react-dev-overlay/pages/hot-reloader-client.js:221
[   99629ms] [LOG] [Fast Refresh] rebuilding @ webpack-internal:///./node_modules/next/dist/client/components/react-dev-overlay/pages/hot-reloader-client.js:221
[   99680ms] [LOG] [Fast Refresh] rebuilding @ webpack-internal:///./node_modules/next/dist/client/components/react-dev-overlay/pages/hot-reloader-client.js:221
[   99731ms] [LOG] [Fast Refresh] rebuilding @ webpack-internal:///./node_modules/next/dist/client/components/react-dev-overlay/pages/hot-reloader-client.js:221
[   99782ms] [LOG] [Fast Refresh] rebuilding @ webpack-internal:///./node_modules/next/dist/client/components/react-dev-overlay/pages/hot-reloader-client.js:221
[   99833ms] [LOG] [Fast Refresh] rebuilding @ webpack-internal:///./node_modules/next/dist/client/components/react-dev-overlay/pages/hot-reloader-client.js:221
[   99884ms] [LOG] [Fast Refresh] rebuilding @ webpack-internal:///./node_modules/next/dist/client/components/react-dev-overlay/pages/hot-reloader-client.js:221
[   99934ms] [LOG] [Fast Refresh] rebuilding @ webpack-internal:///./node_modules/next/dist/client/components/react-dev-overlay/pages/hot-reloader-client.js:221
[   99986ms] [LOG] [Fast Refresh] rebuilding @ webpack-internal:///./node_modules/next/dist/client/components/react-dev-overlay/pages/hot-reloader-client.js:221
[  100036ms] [LOG] [Fast Refresh] rebuilding @ webpack-internal:///./node_modules/next/dist/client/components/react-dev-overlay/pages/hot-reloader-client.js:221
[  100087ms] [LOG] [Fast Refresh] rebuilding @ webpack-internal:///./node_modules/next/dist/client/components/react-dev-overlay/pages/hot-reloader-client.js:221
[  100139ms] [LOG] [Fast Refresh] rebuilding @ webpack-internal:///./node_modules/next/dist/client/components/react-dev-overlay/pages/hot-reloader-client.js:221
[  100190ms] [LOG] [Fast Refresh] rebuilding @ webpack-internal:///./node_modules/next/dist/client/components/react-dev-overlay/pages/hot-reloader-client.js:221
[  100240ms] [LOG] [Fast Refresh] rebuilding @ webpack-internal:///./node_modules/next/dist/client/components/react-dev-overlay/pages/hot-reloader-client.js:221
[  100292ms] [LOG] [Fast Refresh] rebuilding @ webpack-internal:///./node_modules/next/dist/client/components/react-dev-overlay/pages/hot-reloader-client.js:221
[  100343ms] [LOG] [Fast Refresh] rebuilding @ webpack-internal:///./node_modules/next/dist/client/components/react-dev-overlay/pages/hot-reloader-client.js:221
[  100394ms] [LOG] [Fast Refresh] rebuilding @ webpack-internal:///./node_modules/next/dist/client/components/react-dev-overlay/pages/hot-reloader-client.js:221
[  100445ms] [LOG] [Fast Refresh] rebuilding @ webpack-internal:///./node_modules/next/dist/client/components/react-dev-overlay/pages/hot-reloader-client.js:221
[  100496ms] [LOG] [Fast Refresh] rebuilding @ webpack-internal:///./node_modules/next/dist/client/components/react-dev-overlay/pages/hot-reloader-client.js:221
[  100547ms] [LOG] [Fast Refresh] rebuilding @ webpack-internal:///./node_modules/next/dist/client/components/react-dev-overlay/pages/hot-reloader-client.js:221
[  100598ms] [LOG] [Fast Refresh] rebuilding @ webpack-internal:///./node_modules/next/dist/client/components/react-dev-overlay/pages/hot-reloader-client.js:221
[  100671ms] [LOG] [Fast Refresh] rebuilding @ webpack-internal:///./node_modules/next/dist/client/components/react-dev-overlay/pages/hot-reloader-client.js:221
[  100723ms] [LOG] [Fast Refresh] rebuilding @ webpack-internal:///./node_modules/next/dist/client/components/react-dev-overlay/pages/hot-reloader-client.js:221
[  100844ms] [LOG] [Fast Refresh] rebuilding @ webpack-internal:///./node_modules/next/dist/client/components/react-dev-overlay/pages/hot-reloader-client.js:221
[  100892ms] [LOG] [Fast Refresh] rebuilding @ webpack-internal:///./node_modules/next/dist/client/components/react-dev-overlay/pages/hot-reloader-client.js:221
[  100955ms] [LOG] [Fast Refresh] rebuilding @ webpack-internal:///./node_modules/next/dist/client/components/react-dev-overlay/pages/hot-reloader-client.js:221
[  101034ms] [LOG] [Fast Refresh] rebuilding @ webpack-internal:///./node_modules/next/dist/client/components/react-dev-overlay/pages/hot-reloader-client.js:221
[  101107ms] [LOG] [Fast Refresh] rebuilding @ webpack-internal:///./node_modules/next/dist/client/components/react-dev-overlay/pages/hot-reloader-client.js:221
[  101146ms] [LOG] [Fast Refresh] rebuilding @ webpack-internal:///./node_modules/next/dist/client/components/react-dev-overlay/pages/hot-reloader-client.js:221
[  101197ms] [LOG] [Fast Refresh] rebuilding @ webpack-internal:///./node_modules/next/dist/client/components/react-dev-overlay/pages/hot-reloader-client.js:221
[  101248ms] [LOG] [Fast Refresh] rebuilding @ webpack-internal:///./node_modules/next/dist/client/components/react-dev-overlay/pages/hot-reloader-client.js:221
[  101299ms] [LOG] [Fast Refresh] rebuilding @ webpack-internal:///./node_modules/next/dist/client/components/react-dev-overlay/pages/hot-reloader-client.js:221
[  101350ms] [LOG] [Fast Refresh] rebuilding @ webpack-internal:///./node_modules/next/dist/client/components/react-dev-overlay/pages/hot-reloader-client.js:221
[  101401ms] [LOG] [Fast Refresh] rebuilding @ webpack-internal:///./node_modules/next/dist/client/components/react-dev-overlay/pages/hot-reloader-client.js:221
[  101451ms] [LOG] [Fast Refresh] rebuilding @ webpack-internal:///./node_modules/next/dist/client/components/react-dev-overlay/pages/hot-reloader-client.js:221
[  101502ms] [LOG] [Fast Refresh] rebuilding @ webpack-internal:///./node_modules/next/dist/client/components/react-dev-overlay/pages/hot-reloader-client.js:221
[  101553ms] [LOG] [Fast Refresh] rebuilding @ webpack-internal:///./node_modules/next/dist/client/components/react-dev-overlay/pages/hot-reloader-client.js:221
[  101604ms] [LOG] [Fast Refresh] rebuilding @ webpack-internal:///./node_modules/next/dist/client/components/react-dev-overlay/pages/hot-reloader-client.js:221
[  101655ms] [LOG] [Fast Refresh] rebuilding @ webpack-internal:///./node_modules/next/dist/client/components/react-dev-overlay/pages/hot-reloader-client.js:221
[  101706ms] [LOG] [Fast Refresh] rebuilding @ webpack-internal:///./node_modules/next/dist/client/components/react-dev-overlay/pages/hot-reloader-client.js:221
[  101756ms] [LOG] [Fast Refresh] rebuilding @ webpack-internal:///./node_modules/next/dist/client/components/react-dev-overlay/pages/hot-reloader-client.js:221
[  101807ms] [LOG] [Fast Refresh] rebuilding @ webpack-internal:///./node_modules/next/dist/client/components/react-dev-overlay/pages/hot-reloader-client.js:221
[  101858ms] [LOG] [Fast Refresh] rebuilding @ webpack-internal:///./node_modules/next/dist/client/components/react-dev-overlay/pages/hot-reloader-client.js:221
[  101909ms] [LOG] [Fast Refresh] rebuilding @ webpack-internal:///./node_modules/next/dist/client/components/react-dev-overlay/pages/hot-reloader-client.js:221
[  101960ms] [LOG] [Fast Refresh] rebuilding @ webpack-internal:///./node_modules/next/dist/client/components/react-dev-overlay/pages/hot-reloader-client.js:221
[  102011ms] [LOG] [Fast Refresh] rebuilding @ webpack-internal:///./node_modules/next/dist/client/components/react-dev-overlay/pages/hot-reloader-client.js:221
[  102062ms] [LOG] [Fast Refresh] rebuilding @ webpack-internal:///./node_modules/next/dist/client/components/react-dev-overlay/pages/hot-reloader-client.js:221
[  102112ms] [LOG] [Fast Refresh] rebuilding @ webpack-internal:///./node_modules/next/dist/client/components/react-dev-overlay/pages/hot-reloader-client.js:221
[  102163ms] [LOG] [Fast Refresh] rebuilding @ webpack-internal:///./node_modules/next/dist/client/components/react-dev-overlay/pages/hot-reloader-client.js:221
[  102214ms] [LOG] [Fast Refresh] rebuilding @ webpack-internal:///./node_modules/next/dist/client/components/react-dev-overlay/pages/hot-reloader-client.js:221
[  102265ms] [LOG] [Fast Refresh] rebuilding @ webpack-internal:///./node_modules/next/dist/client/components/react-dev-overlay/pages/hot-reloader-client.js:221
[  102316ms] [LOG] [Fast Refresh] rebuilding @ webpack-internal:///./node_modules/next/dist/client/components/react-dev-overlay/pages/hot-reloader-client.js:221
[  102366ms] [LOG] [Fast Refresh] rebuilding @ webpack-internal:///./node_modules/next/dist/client/components/react-dev-overlay/pages/hot-reloader-client.js:221
[  102418ms] [LOG] [Fast Refresh] rebuilding @ webpack-internal:///./node_modules/next/dist/client/components/react-dev-overlay/pages/hot-reloader-client.js:221
[  102469ms] [LOG] [Fast Refresh] rebuilding @ webpack-internal:///./node_modules/next/dist/client/components/react-dev-overlay/pages/hot-reloader-client.js:221
[  102519ms] [LOG] [Fast Refresh] rebuilding @ webpack-internal:///./node_modules/next/dist/client/components/react-dev-overlay/pages/hot-reloader-client.js:221
[  102571ms] [LOG] [Fast Refresh] rebuilding @ webpack-internal:///./node_modules/next/dist/client/components/react-dev-overlay/pages/hot-reloader-client.js:221
[  102622ms] [LOG] [Fast Refresh] rebuilding @ webpack-internal:///./node_modules/next/dist/client/components/react-dev-overlay/pages/hot-reloader-client.js:221
[  102673ms] [LOG] [Fast Refresh] rebuilding @ webpack-internal:///./node_modules/next/dist/client/components/react-dev-overlay/pages/hot-reloader-client.js:221
[  102723ms] [LOG] [Fast Refresh] rebuilding @ webpack-internal:///./node_modules/next/dist/client/components/react-dev-overlay/pages/hot-reloader-client.js:221
[  102774ms] [LOG] [Fast Refresh] rebuilding @ webpack-internal:///./node_modules/next/dist/client/components/react-dev-overlay/pages/hot-reloader-client.js:221
[  102825ms] [LOG] [Fast Refresh] rebuilding @ webpack-internal:///./node_modules/next/dist/client/components/react-dev-overlay/pages/hot-reloader-client.js:221
[  102877ms] [LOG] [Fast Refresh] rebuilding @ webpack-internal:///./node_modules/next/dist/client/components/react-dev-overlay/pages/hot-reloader-client.js:221
[  102927ms] [LOG] [Fast Refresh] rebuilding @ webpack-internal:///./node_modules/next/dist/client/components/react-dev-overlay/pages/hot-reloader-client.js:221
[  102978ms] [LOG] [Fast Refresh] rebuilding @ webpack-internal:///./node_modules/next/dist/client/components/react-dev-overlay/pages/hot-reloader-client.js:221
[  103029ms] [LOG] [Fast Refresh] rebuilding @ webpack-internal:///./node_modules/next/dist/client/components/react-dev-overlay/pages/hot-reloader-client.js:221
[  103080ms] [LOG] [Fast Refresh] rebuilding @ webpack-internal:///./node_modules/next/dist/client/components/react-dev-overlay/pages/hot-reloader-client.js:221
[  103131ms] [LOG] [Fast Refresh] rebuilding @ webpack-internal:///./node_modules/next/dist/client/components/react-dev-overlay/pages/hot-reloader-client.js:221
[  103182ms] [LOG] [Fast Refresh] rebuilding @ webpack-internal:///./node_modules/next/dist/client/components/react-dev-overlay/pages/hot-reloader-client.js:221
[  103233ms] [LOG] [Fast Refresh] rebuilding @ webpack-internal:///./node_modules/next/dist/client/components/react-dev-overlay/pages/hot-reloader-client.js:221
[  103284ms] [LOG] [Fast Refresh] rebuilding @ webpack-internal:///./node_modules/next/dist/client/components/react-dev-overlay/pages/hot-reloader-client.js:221
[  103335ms] [LOG] [Fast Refresh] rebuilding @ webpack-internal:///./node_modules/next/dist/client/components/react-dev-overlay/pages/hot-reloader-client.js:221
[  103386ms] [LOG] [Fast Refresh] rebuilding @ webpack-internal:///./node_modules/next/dist/client/components/react-dev-overlay/pages/hot-reloader-client.js:221
[  103437ms] [LOG] [Fast Refresh] rebuilding @ webpack-internal:///./node_modules/next/dist/client/components/react-dev-overlay/pages/hot-reloader-client.js:221
[  103488ms] [LOG] [Fast Refresh] rebuilding @ webpack-internal:///./node_modules/next/dist/client/components/react-dev-overlay/pages/hot-reloader-client.js:221
[  103540ms] [LOG] [Fast Refresh] rebuilding @ webpack-internal:///./node_modules/next/dist/client/components/react-dev-overlay/pages/hot-reloader-client.js:221
[  103594ms] [LOG] [Fast Refresh] rebuilding @ webpack-internal:///./node_modules/next/dist/client/components/react-dev-overlay/pages/hot-reloader-client.js:221
[  103640ms] [LOG] [Fast Refresh] rebuilding @ webpack-internal:///./node_modules/next/dist/client/components/react-dev-overlay/pages/hot-reloader-client.js:221
[  103691ms] [LOG] [Fast Refresh] rebuilding @ webpack-internal:///./node_modules/next/dist/client/components/react-dev-overlay/pages/hot-reloader-client.js:221
[  103742ms] [LOG] [Fast Refresh] rebuilding @ webpack-internal:///./node_modules/next/dist/client/components/react-dev-overlay/pages/hot-reloader-client.js:221
[  103792ms] [LOG] [Fast Refresh] rebuilding @ webpack-internal:///./node_modules/next/dist/client/components/react-dev-overlay/pages/hot-reloader-client.js:221
[  103843ms] [LOG] [Fast Refresh] rebuilding @ webpack-internal:///./node_modules/next/dist/client/components/react-dev-overlay/pages/hot-reloader-client.js:221
[  103894ms] [LOG] [Fast Refresh] rebuilding @ webpack-internal:///./node_modules/next/dist/client/components/react-dev-overlay/pages/hot-reloader-client.js:221
[  103945ms] [LOG] [Fast Refresh] rebuilding @ webpack-internal:///./node_modules/next/dist/client/components/react-dev-overlay/pages/hot-reloader-client.js:221
[  103997ms] [LOG] [Fast Refresh] rebuilding @ webpack-internal:///./node_modules/next/dist/client/components/react-dev-overlay/pages/hot-reloader-client.js:221
[  104047ms] [LOG] [Fast Refresh] rebuilding @ webpack-internal:///./node_modules/next/dist/client/components/react-dev-overlay/pages/hot-reloader-client.js:221
[  104098ms] [LOG] [Fast Refresh] rebuilding @ webpack-internal:///./node_modules/next/dist/client/components/react-dev-overlay/pages/hot-reloader-client.js:221
[  104148ms] [LOG] [Fast Refresh] rebuilding @ webpack-internal:///./node_modules/next/dist/client/components/react-dev-overlay/pages/hot-reloader-client.js:221
[  104199ms] [LOG] [Fast Refresh] rebuilding @ webpack-internal:///./node_modules/next/dist/client/components/react-dev-overlay/pages/hot-reloader-client.js:221
[  104250ms] [LOG] [Fast Refresh] rebuilding @ webpack-internal:///./node_modules/next/dist/client/components/react-dev-overlay/pages/hot-reloader-client.js:221
[  104301ms] [LOG] [Fast Refresh] rebuilding @ webpack-internal:///./node_modules/next/dist/client/components/react-dev-overlay/pages/hot-reloader-client.js:221
[  104352ms] [LOG] [Fast Refresh] rebuilding @ webpack-internal:///./node_modules/next/dist/client/components/react-dev-overlay/pages/hot-reloader-client.js:221
[  104403ms] [LOG] [Fast Refresh] rebuilding @ webpack-internal:///./node_modules/next/dist/client/components/react-dev-overlay/pages/hot-reloader-client.js:221
[  104454ms] [LOG] [Fast Refresh] rebuilding @ webpack-internal:///./node_modules/next/dist/client/components/react-dev-overlay/pages/hot-reloader-client.js:221
[  104506ms] [LOG] [Fast Refresh] rebuilding @ webpack-internal:///./node_modules/next/dist/client/components/react-dev-overlay/pages/hot-reloader-client.js:221
[  104556ms] [LOG] [Fast Refresh] rebuilding @ webpack-internal:///./node_modules/next/dist/client/components/react-dev-overlay/pages/hot-reloader-client.js:221
[  104607ms] [LOG] [Fast Refresh] rebuilding @ webpack-internal:///./node_modules/next/dist/client/components/react-dev-overlay/pages/hot-reloader-client.js:221
[  104657ms] [LOG] [Fast Refresh] rebuilding @ webpack-internal:///./node_modules/next/dist/client/components/react-dev-overlay/pages/hot-reloader-client.js:221
[  104709ms] [LOG] [Fast Refresh] rebuilding @ webpack-internal:///./node_modules/next/dist/client/components/react-dev-overlay/pages/hot-reloader-client.js:221
[  104760ms] [LOG] [Fast Refresh] rebuilding @ webpack-internal:///./node_modules/next/dist/client/components/react-dev-overlay/pages/hot-reloader-client.js:221
[  104811ms] [LOG] [Fast Refresh] rebuilding @ webpack-internal:///./node_modules/next/dist/client/components/react-dev-overlay/pages/hot-reloader-client.js:221
[  104861ms] [LOG] [Fast Refresh] rebuilding @ webpack-internal:///./node_modules/next/dist/client/components/react-dev-overlay/pages/hot-reloader-client.js:221
[  104912ms] [LOG] [Fast Refresh] rebuilding @ webpack-internal:///./node_modules/next/dist/client/components/react-dev-overlay/pages/hot-reloader-client.js:221
[  104963ms] [LOG] [Fast Refresh] rebuilding @ webpack-internal:///./node_modules/next/dist/client/components/react-dev-overlay/pages/hot-reloader-client.js:221
[  105014ms] [LOG] [Fast Refresh] rebuilding @ webpack-internal:///./node_modules/next/dist/client/components/react-dev-overlay/pages/hot-reloader-client.js:221
[  105065ms] [LOG] [Fast Refresh] rebuilding @ webpack-internal:///./node_modules/next/dist/client/components/react-dev-overlay/pages/hot-reloader-client.js:221
[  105116ms] [LOG] [Fast Refresh] rebuilding @ webpack-internal:///./node_modules/next/dist/client/components/react-dev-overlay/pages/hot-reloader-client.js:221
[  105167ms] [LOG] [Fast Refresh] rebuilding @ webpack-internal:///./node_modules/next/dist/client/components/react-dev-overlay/pages/hot-reloader-client.js:221
[  105218ms] [LOG] [Fast Refresh] rebuilding @ webpack-internal:///./node_modules/next/dist/client/components/react-dev-overlay/pages/hot-reloader-client.js:221
[  105269ms] [LOG] [Fast Refresh] rebuilding @ webpack-internal:///./node_modules/next/dist/client/components/react-dev-overlay/pages/hot-reloader-client.js:221
[  105320ms] [LOG] [Fast Refresh] rebuilding @ webpack-internal:///./node_modules/next/dist/client/components/react-dev-overlay/pages/hot-reloader-client.js:221
[  105370ms] [LOG] [Fast Refresh] rebuilding @ webpack-internal:///./node_modules/next/dist/client/components/react-dev-overlay/pages/hot-reloader-client.js:221
[  105421ms] [LOG] [Fast Refresh] rebuilding @ webpack-internal:///./node_modules/next/dist/client/components/react-dev-overlay/pages/hot-reloader-client.js:221
[  105473ms] [LOG] [Fast Refresh] rebuilding @ webpack-internal:///./node_modules/next/dist/client/components/react-dev-overlay/pages/hot-reloader-client.js:221
[  105524ms] [LOG] [Fast Refresh] rebuilding @ webpack-internal:///./node_modules/next/dist/client/components/react-dev-overlay/pages/hot-reloader-client.js:221
[  105575ms] [LOG] [Fast Refresh] rebuilding @ webpack-internal:///./node_modules/next/dist/client/components/react-dev-overlay/pages/hot-reloader-client.js:221
[  105626ms] [LOG] [Fast Refresh] rebuilding @ webpack-internal:///./node_modules/next/dist/client/components/react-dev-overlay/pages/hot-reloader-client.js:221
[  105677ms] [LOG] [Fast Refresh] rebuilding @ webpack-internal:///./node_modules/next/dist/client/components/react-dev-overlay/pages/hot-reloader-client.js:221
[  105728ms] [LOG] [Fast Refresh] rebuilding @ webpack-internal:///./node_modules/next/dist/client/components/react-dev-overlay/pages/hot-reloader-client.js:221
[  105779ms] [LOG] [Fast Refresh] rebuilding @ webpack-internal:///./node_modules/next/dist/client/components/react-dev-overlay/pages/hot-reloader-client.js:221
[  105830ms] [LOG] [Fast Refresh] rebuilding @ webpack-internal:///./node_modules/next/dist/client/components/react-dev-overlay/pages/hot-reloader-client.js:221
[  105881ms] [LOG] [Fast Refresh] rebuilding @ webpack-internal:///./node_modules/next/dist/client/components/react-dev-overlay/pages/hot-reloader-client.js:221
[  105932ms] [LOG] [Fast Refresh] rebuilding @ webpack-internal:///./node_modules/next/dist/client/components/react-dev-overlay/pages/hot-reloader-client.js:221
[  105983ms] [LOG] [Fast Refresh] rebuilding @ webpack-internal:///./node_modules/next/dist/client/components/react-dev-overlay/pages/hot-reloader-client.js:221
[  106034ms] [LOG] [Fast Refresh] rebuilding @ webpack-internal:///./node_modules/next/dist/client/components/react-dev-overlay/pages/hot-reloader-client.js:221
[  106084ms] [LOG] [Fast Refresh] rebuilding @ webpack-internal:///./node_modules/next/dist/client/components/react-dev-overlay/pages/hot-reloader-client.js:221
[  106136ms] [LOG] [Fast Refresh] rebuilding @ webpack-internal:///./node_modules/next/dist/client/components/react-dev-overlay/pages/hot-reloader-client.js:221
[  106187ms] [LOG] [Fast Refresh] rebuilding @ webpack-internal:///./node_modules/next/dist/client/components/react-dev-overlay/pages/hot-reloader-client.js:221
[  106237ms] [LOG] [Fast Refresh] rebuilding @ webpack-internal:///./node_modules/next/dist/client/components/react-dev-overlay/pages/hot-reloader-client.js:221
[  106289ms] [LOG] [Fast Refresh] rebuilding @ webpack-internal:///./node_modules/next/dist/client/components/react-dev-overlay/pages/hot-reloader-client.js:221
[  106339ms] [LOG] [Fast Refresh] rebuilding @ webpack-internal:///./node_modules/next/dist/client/components/react-dev-overlay/pages/hot-reloader-client.js:221
[  106390ms] [LOG] [Fast Refresh] rebuilding @ webpack-internal:///./node_modules/next/dist/client/components/react-dev-overlay/pages/hot-reloader-client.js:221
[  106442ms] [LOG] [Fast Refresh] rebuilding @ webpack-internal:///./node_modules/next/dist/client/components/react-dev-overlay/pages/hot-reloader-client.js:221
[  106493ms] [LOG] [Fast Refresh] rebuilding @ webpack-internal:///./node_modules/next/dist/client/components/react-dev-overlay/pages/hot-reloader-client.js:221
[  106543ms] [LOG] [Fast Refresh] rebuilding @ webpack-internal:///./node_modules/next/dist/client/components/react-dev-overlay/pages/hot-reloader-client.js:221
[  106595ms] [LOG] [Fast Refresh] rebuilding @ webpack-internal:///./node_modules/next/dist/client/components/react-dev-overlay/pages/hot-reloader-client.js:221
[  106646ms] [LOG] [Fast Refresh] rebuilding @ webpack-internal:///./node_modules/next/dist/client/components/react-dev-overlay/pages/hot-reloader-client.js:221
[  106696ms] [LOG] [Fast Refresh] rebuilding @ webpack-internal:///./node_modules/next/dist/client/components/react-dev-overlay/pages/hot-reloader-client.js:221
[  106747ms] [LOG] [Fast Refresh] rebuilding @ webpack-internal:///./node_modules/next/dist/client/components/react-dev-overlay/pages/hot-reloader-client.js:221
[  106798ms] [LOG] [Fast Refresh] rebuilding @ webpack-internal:///./node_modules/next/dist/client/components/react-dev-overlay/pages/hot-reloader-client.js:221
[  106848ms] [LOG] [Fast Refresh] rebuilding @ webpack-internal:///./node_modules/next/dist/client/components/react-dev-overlay/pages/hot-reloader-client.js:221
[  106900ms] [LOG] [Fast Refresh] rebuilding @ webpack-internal:///./node_modules/next/dist/client/components/react-dev-overlay/pages/hot-reloader-client.js:221
[  106951ms] [LOG] [Fast Refresh] rebuilding @ webpack-internal:///./node_modules/next/dist/client/components/react-dev-overlay/pages/hot-reloader-client.js:221
[  107002ms] [LOG] [Fast Refresh] rebuilding @ webpack-internal:///./node_modules/next/dist/client/components/react-dev-overlay/pages/hot-reloader-client.js:221
[  107053ms] [LOG] [Fast Refresh] rebuilding @ webpack-internal:///./node_modules/next/dist/client/components/react-dev-overlay/pages/hot-reloader-client.js:221
[  107104ms] [LOG] [Fast Refresh] rebuilding @ webpack-internal:///./node_modules/next/dist/client/components/react-dev-overlay/pages/hot-reloader-client.js:221
[  107155ms] [LOG] [Fast Refresh] rebuilding @ webpack-internal:///./node_modules/next/dist/client/components/react-dev-overlay/pages/hot-reloader-client.js:221
[  107205ms] [LOG] [Fast Refresh] rebuilding @ webpack-internal:///./node_modules/next/dist/client/components/react-dev-overlay/pages/hot-reloader-client.js:221
[  107256ms] [LOG] [Fast Refresh] rebuilding @ webpack-internal:///./node_modules/next/dist/client/components/react-dev-overlay/pages/hot-reloader-client.js:221
[  107307ms] [LOG] [Fast Refresh] rebuilding @ webpack-internal:///./node_modules/next/dist/client/components/react-dev-overlay/pages/hot-reloader-client.js:221
[  107358ms] [LOG] [Fast Refresh] rebuilding @ webpack-internal:///./node_modules/next/dist/client/components/react-dev-overlay/pages/hot-reloader-client.js:221
[  107409ms] [LOG] [Fast Refresh] rebuilding @ webpack-internal:///./node_modules/next/dist/client/components/react-dev-overlay/pages/hot-reloader-client.js:221
[  107459ms] [LOG] [Fast Refresh] rebuilding @ webpack-internal:///./node_modules/next/dist/client/components/react-dev-overlay/pages/hot-reloader-client.js:221
[  107510ms] [LOG] [Fast Refresh] rebuilding @ webpack-internal:///./node_modules/next/dist/client/components/react-dev-overlay/pages/hot-reloader-client.js:221
[  107561ms] [LOG] [Fast Refresh] rebuilding @ webpack-internal:///./node_modules/next/dist/client/components/react-dev-overlay/pages/hot-reloader-client.js:221
[  107611ms] [LOG] [Fast Refresh] rebuilding @ webpack-internal:///./node_modules/next/dist/client/components/react-dev-overlay/pages/hot-reloader-client.js:221
[  107662ms] [LOG] [Fast Refresh] rebuilding @ webpack-internal:///./node_modules/next/dist/client/components/react-dev-overlay/pages/hot-reloader-client.js:221
[  107713ms] [LOG] [Fast Refresh] rebuilding @ webpack-internal:///./node_modules/next/dist/client/components/react-dev-overlay/pages/hot-reloader-client.js:221
[  107764ms] [LOG] [Fast Refresh] rebuilding @ webpack-internal:///./node_modules/next/dist/client/components/react-dev-overlay/pages/hot-reloader-client.js:221
[  107815ms] [LOG] [Fast Refresh] rebuilding @ webpack-internal:///./node_modules/next/dist/client/components/react-dev-overlay/pages/hot-reloader-client.js:221
[  107866ms] [LOG] [Fast Refresh] rebuilding @ webpack-internal:///./node_modules/next/dist/client/components/react-dev-overlay/pages/hot-reloader-client.js:221
[  107917ms] [LOG] [Fast Refresh] rebuilding @ webpack-internal:///./node_modules/next/dist/client/components/react-dev-overlay/pages/hot-reloader-client.js:221
[  107968ms] [LOG] [Fast Refresh] rebuilding @ webpack-internal:///./node_modules/next/dist/client/components/react-dev-overlay/pages/hot-reloader-client.js:221
[  108019ms] [LOG] [Fast Refresh] rebuilding @ webpack-internal:///./node_modules/next/dist/client/components/react-dev-overlay/pages/hot-reloader-client.js:221
[  108069ms] [LOG] [Fast Refresh] rebuilding @ webpack-internal:///./node_modules/next/dist/client/components/react-dev-overlay/pages/hot-reloader-client.js:221
[  108120ms] [LOG] [Fast Refresh] rebuilding @ webpack-internal:///./node_modules/next/dist/client/components/react-dev-overlay/pages/hot-reloader-client.js:221
[  108172ms] [LOG] [Fast Refresh] rebuilding @ webpack-internal:///./node_modules/next/dist/client/components/react-dev-overlay/pages/hot-reloader-client.js:221
[  108223ms] [LOG] [Fast Refresh] rebuilding @ webpack-internal:///./node_modules/next/dist/client/components/react-dev-overlay/pages/hot-reloader-client.js:221
[  108274ms] [LOG] [Fast Refresh] rebuilding @ webpack-internal:///./node_modules/next/dist/client/components/react-dev-overlay/pages/hot-reloader-client.js:221
[  108325ms] [LOG] [Fast Refresh] rebuilding @ webpack-internal:///./node_modules/next/dist/client/components/react-dev-overlay/pages/hot-reloader-client.js:221
[  108375ms] [LOG] [Fast Refresh] rebuilding @ webpack-internal:///./node_modules/next/dist/client/components/react-dev-overlay/pages/hot-reloader-client.js:221
[  108426ms] [LOG] [Fast Refresh] rebuilding @ webpack-internal:///./node_modules/next/dist/client/components/react-dev-overlay/pages/hot-reloader-client.js:221
[  108478ms] [LOG] [Fast Refresh] rebuilding @ webpack-internal:///./node_modules/next/dist/client/components/react-dev-overlay/pages/hot-reloader-client.js:221
[  108529ms] [LOG] [Fast Refresh] rebuilding @ webpack-internal:///./node_modules/next/dist/client/components/react-dev-overlay/pages/hot-reloader-client.js:221
[  108580ms] [LOG] [Fast Refresh] rebuilding @ webpack-internal:///./node_modules/next/dist/client/components/react-dev-overlay/pages/hot-reloader-client.js:221
[  108632ms] [LOG] [Fast Refresh] rebuilding @ webpack-internal:///./node_modules/next/dist/client/components/react-dev-overlay/pages/hot-reloader-client.js:221
[  108682ms] [LOG] [Fast Refresh] rebuilding @ webpack-internal:///./node_modules/next/dist/client/components/react-dev-overlay/pages/hot-reloader-client.js:221
[  108733ms] [LOG] [Fast Refresh] rebuilding @ webpack-internal:///./node_modules/next/dist/client/components/react-dev-overlay/pages/hot-reloader-client.js:221
[  108784ms] [LOG] [Fast Refresh] rebuilding @ webpack-internal:///./node_modules/next/dist/client/components/react-dev-overlay/pages/hot-reloader-client.js:221
[  108834ms] [LOG] [Fast Refresh] rebuilding @ webpack-internal:///./node_modules/next/dist/client/components/react-dev-overlay/pages/hot-reloader-client.js:221
[  108886ms] [LOG] [Fast Refresh] rebuilding @ webpack-internal:///./node_modules/next/dist/client/components/react-dev-overlay/pages/hot-reloader-client.js:221
[  108937ms] [LOG] [Fast Refresh] rebuilding @ webpack-internal:///./node_modules/next/dist/client/components/react-dev-overlay/pages/hot-reloader-client.js:221
[  108988ms] [LOG] [Fast Refresh] rebuilding @ webpack-internal:///./node_modules/next/dist/client/components/react-dev-overlay/pages/hot-reloader-client.js:221
[  109038ms] [LOG] [Fast Refresh] rebuilding @ webpack-internal:///./node_modules/next/dist/client/components/react-dev-overlay/pages/hot-reloader-client.js:221
[  109090ms] [LOG] [Fast Refresh] rebuilding @ webpack-internal:///./node_modules/next/dist/client/components/react-dev-overlay/pages/hot-reloader-client.js:221
[  109140ms] [LOG] [Fast Refresh] rebuilding @ webpack-internal:///./node_modules/next/dist/client/components/react-dev-overlay/pages/hot-reloader-client.js:221
[  109191ms] [LOG] [Fast Refresh] rebuilding @ webpack-internal:///./node_modules/next/dist/client/components/react-dev-overlay/pages/hot-reloader-client.js:221
[  109242ms] [LOG] [Fast Refresh] rebuilding @ webpack-internal:///./node_modules/next/dist/client/components/react-dev-overlay/pages/hot-reloader-client.js:221
[  109293ms] [LOG] [Fast Refresh] rebuilding @ webpack-internal:///./node_modules/next/dist/client/components/react-dev-overlay/pages/hot-reloader-client.js:221
[  109343ms] [LOG] [Fast Refresh] rebuilding @ webpack-internal:///./node_modules/next/dist/client/components/react-dev-overlay/pages/hot-reloader-client.js:221
[  109394ms] [LOG] [Fast Refresh] rebuilding @ webpack-internal:///./node_modules/next/dist/client/components/react-dev-overlay/pages/hot-reloader-client.js:221
[  109445ms] [LOG] [Fast Refresh] rebuilding @ webpack-internal:///./node_modules/next/dist/client/components/react-dev-overlay/pages/hot-reloader-client.js:221
[  109496ms] [LOG] [Fast Refresh] rebuilding @ webpack-internal:///./node_modules/next/dist/client/components/react-dev-overlay/pages/hot-reloader-client.js:221
[  109547ms] [LOG] [Fast Refresh] rebuilding @ webpack-internal:///./node_modules/next/dist/client/components/react-dev-overlay/pages/hot-reloader-client.js:221
[  109597ms] [LOG] [Fast Refresh] rebuilding @ webpack-internal:///./node_modules/next/dist/client/components/react-dev-overlay/pages/hot-reloader-client.js:221
[  109648ms] [LOG] [Fast Refresh] rebuilding @ webpack-internal:///./node_modules/next/dist/client/components/react-dev-overlay/pages/hot-reloader-client.js:221
[  109699ms] [LOG] [Fast Refresh] rebuilding @ webpack-internal:///./node_modules/next/dist/client/components/react-dev-overlay/pages/hot-reloader-client.js:221
[  109750ms] [LOG] [Fast Refresh] rebuilding @ webpack-internal:///./node_modules/next/dist/client/components/react-dev-overlay/pages/hot-reloader-client.js:221
[  109800ms] [LOG] [Fast Refresh] rebuilding @ webpack-internal:///./node_modules/next/dist/client/components/react-dev-overlay/pages/hot-reloader-client.js:221
[  109850ms] [LOG] [Fast Refresh] rebuilding @ webpack-internal:///./node_modules/next/dist/client/components/react-dev-overlay/pages/hot-reloader-client.js:221
[  109902ms] [LOG] [Fast Refresh] rebuilding @ webpack-internal:///./node_modules/next/dist/client/components/react-dev-overlay/pages/hot-reloader-client.js:221
[  109952ms] [LOG] [Fast Refresh] rebuilding @ webpack-internal:///./node_modules/next/dist/client/components/react-dev-overlay/pages/hot-reloader-client.js:221
[  110003ms] [LOG] [Fast Refresh] rebuilding @ webpack-internal:///./node_modules/next/dist/client/components/react-dev-overlay/pages/hot-reloader-client.js:221
[  110054ms] [LOG] [Fast Refresh] rebuilding @ webpack-internal:///./node_modules/next/dist/client/components/react-dev-overlay/pages/hot-reloader-client.js:221
[  110105ms] [LOG] [Fast Refresh] rebuilding @ webpack-internal:///./node_modules/next/dist/client/components/react-dev-overlay/pages/hot-reloader-client.js:221
[  110156ms] [LOG] [Fast Refresh] rebuilding @ webpack-internal:///./node_modules/next/dist/client/components/react-dev-overlay/pages/hot-reloader-client.js:221
[  110207ms] [LOG] [Fast Refresh] rebuilding @ webpack-internal:///./node_modules/next/dist/client/components/react-dev-overlay/pages/hot-reloader-client.js:221
[  110258ms] [LOG] [Fast Refresh] rebuilding @ webpack-internal:///./node_modules/next/dist/client/components/react-dev-overlay/pages/hot-reloader-client.js:221
[  110309ms] [LOG] [Fast Refresh] rebuilding @ webpack-internal:///./node_modules/next/dist/client/components/react-dev-overlay/pages/hot-reloader-client.js:221
[  110360ms] [LOG] [Fast Refresh] rebuilding @ webpack-internal:///./node_modules/next/dist/client/components/react-dev-overlay/pages/hot-reloader-client.js:221
[  110411ms] [LOG] [Fast Refresh] rebuilding @ webpack-internal:///./node_modules/next/dist/client/components/react-dev-overlay/pages/hot-reloader-client.js:221
[  110462ms] [LOG] [Fast Refresh] rebuilding @ webpack-internal:///./node_modules/next/dist/client/components/react-dev-overlay/pages/hot-reloader-client.js:221
[  110513ms] [LOG] [Fast Refresh] rebuilding @ webpack-internal:///./node_modules/next/dist/client/components/react-dev-overlay/pages/hot-reloader-client.js:221
[  110564ms] [LOG] [Fast Refresh] rebuilding @ webpack-internal:///./node_modules/next/dist/client/components/react-dev-overlay/pages/hot-reloader-client.js:221
[  110615ms] [LOG] [Fast Refresh] rebuilding @ webpack-internal:///./node_modules/next/dist/client/components/react-dev-overlay/pages/hot-reloader-client.js:221
[  110666ms] [LOG] [Fast Refresh] rebuilding @ webpack-internal:///./node_modules/next/dist/client/components/react-dev-overlay/pages/hot-reloader-client.js:221
[  110717ms] [LOG] [Fast Refresh] rebuilding @ webpack-internal:///./node_modules/next/dist/client/components/react-dev-overlay/pages/hot-reloader-client.js:221
[  110768ms] [LOG] [Fast Refresh] rebuilding @ webpack-internal:///./node_modules/next/dist/client/components/react-dev-overlay/pages/hot-reloader-client.js:221
[  110818ms] [LOG] [Fast Refresh] rebuilding @ webpack-internal:///./node_modules/next/dist/client/components/react-dev-overlay/pages/hot-reloader-client.js:221
[  110870ms] [LOG] [Fast Refresh] rebuilding @ webpack-internal:///./node_modules/next/dist/client/components/react-dev-overlay/pages/hot-reloader-client.js:221
[  110921ms] [LOG] [Fast Refresh] rebuilding @ webpack-internal:///./node_modules/next/dist/client/components/react-dev-overlay/pages/hot-reloader-client.js:221
[  110972ms] [LOG] [Fast Refresh] rebuilding @ webpack-internal:///./node_modules/next/dist/client/components/react-dev-overlay/pages/hot-reloader-client.js:221
[  111022ms] [LOG] [Fast Refresh] rebuilding @ webpack-internal:///./node_modules/next/dist/client/components/react-dev-overlay/pages/hot-reloader-client.js:221
[  111073ms] [LOG] [Fast Refresh] rebuilding @ webpack-internal:///./node_modules/next/dist/client/components/react-dev-overlay/pages/hot-reloader-client.js:221
[  111124ms] [LOG] [Fast Refresh] rebuilding @ webpack-internal:///./node_modules/next/dist/client/components/react-dev-overlay/pages/hot-reloader-client.js:221
[  111175ms] [LOG] [Fast Refresh] rebuilding @ webpack-internal:///./node_modules/next/dist/client/components/react-dev-overlay/pages/hot-reloader-client.js:221
[  111226ms] [LOG] [Fast Refresh] rebuilding @ webpack-internal:///./node_modules/next/dist/client/components/react-dev-overlay/pages/hot-reloader-client.js:221
[  111277ms] [LOG] [Fast Refresh] rebuilding @ webpack-internal:///./node_modules/next/dist/client/components/react-dev-overlay/pages/hot-reloader-client.js:221
[  111328ms] [LOG] [Fast Refresh] rebuilding @ webpack-internal:///./node_modules/next/dist/client/components/react-dev-overlay/pages/hot-reloader-client.js:221
[  111379ms] [LOG] [Fast Refresh] rebuilding @ webpack-internal:///./node_modules/next/dist/client/components/react-dev-overlay/pages/hot-reloader-client.js:221
[  111430ms] [LOG] [Fast Refresh] rebuilding @ webpack-internal:///./node_modules/next/dist/client/components/react-dev-overlay/pages/hot-reloader-client.js:221
[  111481ms] [LOG] [Fast Refresh] rebuilding @ webpack-internal:///./node_modules/next/dist/client/components/react-dev-overlay/pages/hot-reloader-client.js:221
[  111532ms] [LOG] [Fast Refresh] rebuilding @ webpack-internal:///./node_modules/next/dist/client/components/react-dev-overlay/pages/hot-reloader-client.js:221
[  111582ms] [LOG] [Fast Refresh] rebuilding @ webpack-internal:///./node_modules/next/dist/client/components/react-dev-overlay/pages/hot-reloader-client.js:221
[  111633ms] [LOG] [Fast Refresh] rebuilding @ webpack-internal:///./node_modules/next/dist/client/components/react-dev-overlay/pages/hot-reloader-client.js:221
[  111683ms] [LOG] [Fast Refresh] rebuilding @ webpack-internal:///./node_modules/next/dist/client/components/react-dev-overlay/pages/hot-reloader-client.js:221
[  111734ms] [LOG] [Fast Refresh] rebuilding @ webpack-internal:///./node_modules/next/dist/client/components/react-dev-overlay/pages/hot-reloader-client.js:221
[  111786ms] [LOG] [Fast Refresh] rebuilding @ webpack-internal:///./node_modules/next/dist/client/components/react-dev-overlay/pages/hot-reloader-client.js:221
[  111835ms] [LOG] [Fast Refresh] rebuilding @ webpack-internal:///./node_modules/next/dist/client/components/react-dev-overlay/pages/hot-reloader-client.js:221
[  111887ms] [LOG] [Fast Refresh] rebuilding @ webpack-internal:///./node_modules/next/dist/client/components/react-dev-overlay/pages/hot-reloader-client.js:221
[  111937ms] [LOG] [Fast Refresh] rebuilding @ webpack-internal:///./node_modules/next/dist/client/components/react-dev-overlay/pages/hot-reloader-client.js:221
[  111989ms] [LOG] [Fast Refresh] rebuilding @ webpack-internal:///./node_modules/next/dist/client/components/react-dev-overlay/pages/hot-reloader-client.js:221
[  112039ms] [LOG] [Fast Refresh] rebuilding @ webpack-internal:///./node_modules/next/dist/client/components/react-dev-overlay/pages/hot-reloader-client.js:221
[  112091ms] [LOG] [Fast Refresh] rebuilding @ webpack-internal:///./node_modules/next/dist/client/components/react-dev-overlay/pages/hot-reloader-client.js:221
[  112142ms] [LOG] [Fast Refresh] rebuilding @ webpack-internal:///./node_modules/next/dist/client/components/react-dev-overlay/pages/hot-reloader-client.js:221
[  112192ms] [LOG] [Fast Refresh] rebuilding @ webpack-internal:///./node_modules/next/dist/client/components/react-dev-overlay/pages/hot-reloader-client.js:221
[  112243ms] [LOG] [Fast Refresh] rebuilding @ webpack-internal:///./node_modules/next/dist/client/components/react-dev-overlay/pages/hot-reloader-client.js:221
[  112294ms] [LOG] [Fast Refresh] rebuilding @ webpack-internal:///./node_modules/next/dist/client/components/react-dev-overlay/pages/hot-reloader-client.js:221
[  112345ms] [LOG] [Fast Refresh] rebuilding @ webpack-internal:///./node_modules/next/dist/client/components/react-dev-overlay/pages/hot-reloader-client.js:221
[  112396ms] [LOG] [Fast Refresh] rebuilding @ webpack-internal:///./node_modules/next/dist/client/components/react-dev-overlay/pages/hot-reloader-client.js:221
[  112447ms] [LOG] [Fast Refresh] rebuilding @ webpack-internal:///./node_modules/next/dist/client/components/react-dev-overlay/pages/hot-reloader-client.js:221
[  112497ms] [LOG] [Fast Refresh] rebuilding @ webpack-internal:///./node_modules/next/dist/client/components/react-dev-overlay/pages/hot-reloader-client.js:221
[  112548ms] [LOG] [Fast Refresh] rebuilding @ webpack-internal:///./node_modules/next/dist/client/components/react-dev-overlay/pages/hot-reloader-client.js:221
[  112599ms] [LOG] [Fast Refresh] rebuilding @ webpack-internal:///./node_modules/next/dist/client/components/react-dev-overlay/pages/hot-reloader-client.js:221
[  112649ms] [LOG] [Fast Refresh] rebuilding @ webpack-internal:///./node_modules/next/dist/client/components/react-dev-overlay/pages/hot-reloader-client.js:221
[  112700ms] [LOG] [Fast Refresh] rebuilding @ webpack-internal:///./node_modules/next/dist/client/components/react-dev-overlay/pages/hot-reloader-client.js:221
[  112751ms] [LOG] [Fast Refresh] rebuilding @ webpack-internal:///./node_modules/next/dist/client/components/react-dev-overlay/pages/hot-reloader-client.js:221
[  112802ms] [LOG] [Fast Refresh] rebuilding @ webpack-internal:///./node_modules/next/dist/client/components/react-dev-overlay/pages/hot-reloader-client.js:221
[  112853ms] [LOG] [Fast Refresh] rebuilding @ webpack-internal:///./node_modules/next/dist/client/components/react-dev-overlay/pages/hot-reloader-client.js:221
[  112904ms] [LOG] [Fast Refresh] rebuilding @ webpack-internal:///./node_modules/next/dist/client/components/react-dev-overlay/pages/hot-reloader-client.js:221
[  112955ms] [LOG] [Fast Refresh] rebuilding @ webpack-internal:///./node_modules/next/dist/client/components/react-dev-overlay/pages/hot-reloader-client.js:221
[  113005ms] [LOG] [Fast Refresh] rebuilding @ webpack-internal:///./node_modules/next/dist/client/components/react-dev-overlay/pages/hot-reloader-client.js:221
[  113056ms] [LOG] [Fast Refresh] rebuilding @ webpack-internal:///./node_modules/next/dist/client/components/react-dev-overlay/pages/hot-reloader-client.js:221
[  113107ms] [LOG] [Fast Refresh] rebuilding @ webpack-internal:///./node_modules/next/dist/client/components/react-dev-overlay/pages/hot-reloader-client.js:221
[  113158ms] [LOG] [Fast Refresh] rebuilding @ webpack-internal:///./node_modules/next/dist/client/components/react-dev-overlay/pages/hot-reloader-client.js:221
[  113209ms] [LOG] [Fast Refresh] rebuilding @ webpack-internal:///./node_modules/next/dist/client/components/react-dev-overlay/pages/hot-reloader-client.js:221
[  113260ms] [LOG] [Fast Refresh] rebuilding @ webpack-internal:///./node_modules/next/dist/client/components/react-dev-overlay/pages/hot-reloader-client.js:221
[  113311ms] [LOG] [Fast Refresh] rebuilding @ webpack-internal:///./node_modules/next/dist/client/components/react-dev-overlay/pages/hot-reloader-client.js:221
[  113362ms] [LOG] [Fast Refresh] rebuilding @ webpack-internal:///./node_modules/next/dist/client/components/react-dev-overlay/pages/hot-reloader-client.js:221
[  113413ms] [LOG] [Fast Refresh] rebuilding @ webpack-internal:///./node_modules/next/dist/client/components/react-dev-overlay/pages/hot-reloader-client.js:221
[  113464ms] [LOG] [Fast Refresh] rebuilding @ webpack-internal:///./node_modules/next/dist/client/components/react-dev-overlay/pages/hot-reloader-client.js:221
[  113515ms] [LOG] [Fast Refresh] rebuilding @ webpack-internal:///./node_modules/next/dist/client/components/react-dev-overlay/pages/hot-reloader-client.js:221
[  113566ms] [LOG] [Fast Refresh] rebuilding @ webpack-internal:///./node_modules/next/dist/client/components/react-dev-overlay/pages/hot-reloader-client.js:221
[  113617ms] [LOG] [Fast Refresh] rebuilding @ webpack-internal:///./node_modules/next/dist/client/components/react-dev-overlay/pages/hot-reloader-client.js:221
[  113668ms] [LOG] [Fast Refresh] rebuilding @ webpack-internal:///./node_modules/next/dist/client/components/react-dev-overlay/pages/hot-reloader-client.js:221
[  113719ms] [LOG] [Fast Refresh] rebuilding @ webpack-internal:///./node_modules/next/dist/client/components/react-dev-overlay/pages/hot-reloader-client.js:221
[  113770ms] [LOG] [Fast Refresh] rebuilding @ webpack-internal:///./node_modules/next/dist/client/components/react-dev-overlay/pages/hot-reloader-client.js:221
[  113821ms] [LOG] [Fast Refresh] rebuilding @ webpack-internal:///./node_modules/next/dist/client/components/react-dev-overlay/pages/hot-reloader-client.js:221
[  113872ms] [LOG] [Fast Refresh] rebuilding @ webpack-internal:///./node_modules/next/dist/client/components/react-dev-overlay/pages/hot-reloader-client.js:221
[  113922ms] [LOG] [Fast Refresh] rebuilding @ webpack-internal:///./node_modules/next/dist/client/components/react-dev-overlay/pages/hot-reloader-client.js:221
[  113974ms] [LOG] [Fast Refresh] rebuilding @ webpack-internal:///./node_modules/next/dist/client/components/react-dev-overlay/pages/hot-reloader-client.js:221
[  114024ms] [LOG] [Fast Refresh] rebuilding @ webpack-internal:///./node_modules/next/dist/client/components/react-dev-overlay/pages/hot-reloader-client.js:221
[  114075ms] [LOG] [Fast Refresh] rebuilding @ webpack-internal:///./node_modules/next/dist/client/components/react-dev-overlay/pages/hot-reloader-client.js:221
[  114126ms] [LOG] [Fast Refresh] rebuilding @ webpack-internal:///./node_modules/next/dist/client/components/react-dev-overlay/pages/hot-reloader-client.js:221
[  114177ms] [LOG] [Fast Refresh] rebuilding @ webpack-internal:///./node_modules/next/dist/client/components/react-dev-overlay/pages/hot-reloader-client.js:221
[  114228ms] [LOG] [Fast Refresh] rebuilding @ webpack-internal:///./node_modules/next/dist/client/components/react-dev-overlay/pages/hot-reloader-client.js:221
[  114280ms] [LOG] [Fast Refresh] rebuilding @ webpack-internal:///./node_modules/next/dist/client/components/react-dev-overlay/pages/hot-reloader-client.js:221
[  114330ms] [LOG] [Fast Refresh] rebuilding @ webpack-internal:///./node_modules/next/dist/client/components/react-dev-overlay/pages/hot-reloader-client.js:221
[  114381ms] [LOG] [Fast Refresh] rebuilding @ webpack-internal:///./node_modules/next/dist/client/components/react-dev-overlay/pages/hot-reloader-client.js:221
[  114432ms] [LOG] [Fast Refresh] rebuilding @ webpack-internal:///./node_modules/next/dist/client/components/react-dev-overlay/pages/hot-reloader-client.js:221
[  114483ms] [LOG] [Fast Refresh] rebuilding @ webpack-internal:///./node_modules/next/dist/client/components/react-dev-overlay/pages/hot-reloader-client.js:221
[  114534ms] [LOG] [Fast Refresh] rebuilding @ webpack-internal:///./node_modules/next/dist/client/components/react-dev-overlay/pages/hot-reloader-client.js:221
[  114585ms] [LOG] [Fast Refresh] rebuilding @ webpack-internal:///./node_modules/next/dist/client/components/react-dev-overlay/pages/hot-reloader-client.js:221
[  114636ms] [LOG] [Fast Refresh] rebuilding @ webpack-internal:///./node_modules/next/dist/client/components/react-dev-overlay/pages/hot-reloader-client.js:221
[  114687ms] [LOG] [Fast Refresh] rebuilding @ webpack-internal:///./node_modules/next/dist/client/components/react-dev-overlay/pages/hot-reloader-client.js:221
[  114738ms] [LOG] [Fast Refresh] rebuilding @ webpack-internal:///./node_modules/next/dist/client/components/react-dev-overlay/pages/hot-reloader-client.js:221
[  114788ms] [LOG] [Fast Refresh] rebuilding @ webpack-internal:///./node_modules/next/dist/client/components/react-dev-overlay/pages/hot-reloader-client.js:221
[  114839ms] [LOG] [Fast Refresh] rebuilding @ webpack-internal:///./node_modules/next/dist/client/components/react-dev-overlay/pages/hot-reloader-client.js:221
[  114891ms] [LOG] [Fast Refresh] rebuilding @ webpack-internal:///./node_modules/next/dist/client/components/react-dev-overlay/pages/hot-reloader-client.js:221
[  114941ms] [LOG] [Fast Refresh] rebuilding @ webpack-internal:///./node_modules/next/dist/client/components/react-dev-overlay/pages/hot-reloader-client.js:221
[  114992ms] [LOG] [Fast Refresh] rebuilding @ webpack-internal:///./node_modules/next/dist/client/components/react-dev-overlay/pages/hot-reloader-client.js:221
[  115042ms] [LOG] [Fast Refresh] rebuilding @ webpack-internal:///./node_modules/next/dist/client/components/react-dev-overlay/pages/hot-reloader-client.js:221
[  115094ms] [LOG] [Fast Refresh] rebuilding @ webpack-internal:///./node_modules/next/dist/client/components/react-dev-overlay/pages/hot-reloader-client.js:221
[  115144ms] [LOG] [Fast Refresh] rebuilding @ webpack-internal:///./node_modules/next/dist/client/components/react-dev-overlay/pages/hot-reloader-client.js:221
[  115196ms] [LOG] [Fast Refresh] rebuilding @ webpack-internal:///./node_modules/next/dist/client/components/react-dev-overlay/pages/hot-reloader-client.js:221
[  115246ms] [LOG] [Fast Refresh] rebuilding @ webpack-internal:///./node_modules/next/dist/client/components/react-dev-overlay/pages/hot-reloader-client.js:221
[  115297ms] [LOG] [Fast Refresh] rebuilding @ webpack-internal:///./node_modules/next/dist/client/components/react-dev-overlay/pages/hot-reloader-client.js:221
[  115348ms] [LOG] [Fast Refresh] rebuilding @ webpack-internal:///./node_modules/next/dist/client/components/react-dev-overlay/pages/hot-reloader-client.js:221
[  115399ms] [LOG] [Fast Refresh] rebuilding @ webpack-internal:///./node_modules/next/dist/client/components/react-dev-overlay/pages/hot-reloader-client.js:221
[  115449ms] [LOG] [Fast Refresh] rebuilding @ webpack-internal:///./node_modules/next/dist/client/components/react-dev-overlay/pages/hot-reloader-client.js:221
[  115501ms] [LOG] [Fast Refresh] rebuilding @ webpack-internal:///./node_modules/next/dist/client/components/react-dev-overlay/pages/hot-reloader-client.js:221
[  115551ms] [LOG] [Fast Refresh] rebuilding @ webpack-internal:///./node_modules/next/dist/client/components/react-dev-overlay/pages/hot-reloader-client.js:221
[  115602ms] [LOG] [Fast Refresh] rebuilding @ webpack-internal:///./node_modules/next/dist/client/components/react-dev-overlay/pages/hot-reloader-client.js:221
[  115653ms] [LOG] [Fast Refresh] rebuilding @ webpack-internal:///./node_modules/next/dist/client/components/react-dev-overlay/pages/hot-reloader-client.js:221
[  115704ms] [LOG] [Fast Refresh] rebuilding @ webpack-internal:///./node_modules/next/dist/client/components/react-dev-overlay/pages/hot-reloader-client.js:221
[  115754ms] [LOG] [Fast Refresh] rebuilding @ webpack-internal:///./node_modules/next/dist/client/components/react-dev-overlay/pages/hot-reloader-client.js:221
[  115806ms] [LOG] [Fast Refresh] rebuilding @ webpack-internal:///./node_modules/next/dist/client/components/react-dev-overlay/pages/hot-reloader-client.js:221
[  115857ms] [LOG] [Fast Refresh] rebuilding @ webpack-internal:///./node_modules/next/dist/client/components/react-dev-overlay/pages/hot-reloader-client.js:221
[  115907ms] [LOG] [Fast Refresh] rebuilding @ webpack-internal:///./node_modules/next/dist/client/components/react-dev-overlay/pages/hot-reloader-client.js:221
[  115958ms] [LOG] [Fast Refresh] rebuilding @ webpack-internal:///./node_modules/next/dist/client/components/react-dev-overlay/pages/hot-reloader-client.js:221
[  116009ms] [LOG] [Fast Refresh] rebuilding @ webpack-internal:///./node_modules/next/dist/client/components/react-dev-overlay/pages/hot-reloader-client.js:221
[  116060ms] [LOG] [Fast Refresh] rebuilding @ webpack-internal:///./node_modules/next/dist/client/components/react-dev-overlay/pages/hot-reloader-client.js:221
[  116111ms] [LOG] [Fast Refresh] rebuilding @ webpack-internal:///./node_modules/next/dist/client/components/react-dev-overlay/pages/hot-reloader-client.js:221
[  116161ms] [LOG] [Fast Refresh] rebuilding @ webpack-internal:///./node_modules/next/dist/client/components/react-dev-overlay/pages/hot-reloader-client.js:221
[  116212ms] [LOG] [Fast Refresh] rebuilding @ webpack-internal:///./node_modules/next/dist/client/components/react-dev-overlay/pages/hot-reloader-client.js:221
[  116263ms] [LOG] [Fast Refresh] rebuilding @ webpack-internal:///./node_modules/next/dist/client/components/react-dev-overlay/pages/hot-reloader-client.js:221
[  116314ms] [LOG] [Fast Refresh] rebuilding @ webpack-internal:///./node_modules/next/dist/client/components/react-dev-overlay/pages/hot-reloader-client.js:221
[  116365ms] [LOG] [Fast Refresh] rebuilding @ webpack-internal:///./node_modules/next/dist/client/components/react-dev-overlay/pages/hot-reloader-client.js:221
[  116415ms] [LOG] [Fast Refresh] rebuilding @ webpack-internal:///./node_modules/next/dist/client/components/react-dev-overlay/pages/hot-reloader-client.js:221
[  116466ms] [LOG] [Fast Refresh] rebuilding @ webpack-internal:///./node_modules/next/dist/client/components/react-dev-overlay/pages/hot-reloader-client.js:221
[  116517ms] [LOG] [Fast Refresh] rebuilding @ webpack-internal:///./node_modules/next/dist/client/components/react-dev-overlay/pages/hot-reloader-client.js:221
[  116568ms] [LOG] [Fast Refresh] rebuilding @ webpack-internal:///./node_modules/next/dist/client/components/react-dev-overlay/pages/hot-reloader-client.js:221
[  116619ms] [LOG] [Fast Refresh] rebuilding @ webpack-internal:///./node_modules/next/dist/client/components/react-dev-overlay/pages/hot-reloader-client.js:221
[  116670ms] [LOG] [Fast Refresh] rebuilding @ webpack-internal:///./node_modules/next/dist/client/components/react-dev-overlay/pages/hot-reloader-client.js:221
[  116720ms] [LOG] [Fast Refresh] rebuilding @ webpack-internal:///./node_modules/next/dist/client/components/react-dev-overlay/pages/hot-reloader-client.js:221
[  116772ms] [LOG] [Fast Refresh] rebuilding @ webpack-internal:///./node_modules/next/dist/client/components/react-dev-overlay/pages/hot-reloader-client.js:221
[  116823ms] [LOG] [Fast Refresh] rebuilding @ webpack-internal:///./node_modules/next/dist/client/components/react-dev-overlay/pages/hot-reloader-client.js:221
[  116873ms] [LOG] [Fast Refresh] rebuilding @ webpack-internal:///./node_modules/next/dist/client/components/react-dev-overlay/pages/hot-reloader-client.js:221
[  116925ms] [LOG] [Fast Refresh] rebuilding @ webpack-internal:///./node_modules/next/dist/client/components/react-dev-overlay/pages/hot-reloader-client.js:221
[  116976ms] [LOG] [Fast Refresh] rebuilding @ webpack-internal:///./node_modules/next/dist/client/components/react-dev-overlay/pages/hot-reloader-client.js:221
[  117026ms] [LOG] [Fast Refresh] rebuilding @ webpack-internal:///./node_modules/next/dist/client/components/react-dev-overlay/pages/hot-reloader-client.js:221
[  117180ms] [LOG] [Fast Refresh] rebuilding @ webpack-internal:///./node_modules/next/dist/client/components/react-dev-overlay/pages/hot-reloader-client.js:221
[  117230ms] [LOG] [Fast Refresh] rebuilding @ webpack-internal:///./node_modules/next/dist/client/components/react-dev-overlay/pages/hot-reloader-client.js:221
[  117280ms] [LOG] [Fast Refresh] rebuilding @ webpack-internal:///./node_modules/next/dist/client/components/react-dev-overlay/pages/hot-reloader-client.js:221
[  117331ms] [LOG] [Fast Refresh] rebuilding @ webpack-internal:///./node_modules/next/dist/client/components/react-dev-overlay/pages/hot-reloader-client.js:221
[  117381ms] [LOG] [Fast Refresh] rebuilding @ webpack-internal:///./node_modules/next/dist/client/components/react-dev-overlay/pages/hot-reloader-client.js:221
[  117432ms] [LOG] [Fast Refresh] rebuilding @ webpack-internal:///./node_modules/next/dist/client/components/react-dev-overlay/pages/hot-reloader-client.js:221
[  117483ms] [LOG] [Fast Refresh] rebuilding @ webpack-internal:///./node_modules/next/dist/client/components/react-dev-overlay/pages/hot-reloader-client.js:221
[  117534ms] [LOG] [Fast Refresh] rebuilding @ webpack-internal:///./node_modules/next/dist/client/components/react-dev-overlay/pages/hot-reloader-client.js:221
[  117585ms] [LOG] [Fast Refresh] rebuilding @ webpack-internal:///./node_modules/next/dist/client/components/react-dev-overlay/pages/hot-reloader-client.js:221
[  117635ms] [LOG] [Fast Refresh] rebuilding @ webpack-internal:///./node_modules/next/dist/client/components/react-dev-overlay/pages/hot-reloader-client.js:221
[  117686ms] [LOG] [Fast Refresh] rebuilding @ webpack-internal:///./node_modules/next/dist/client/components/react-dev-overlay/pages/hot-reloader-client.js:221
[  117738ms] [LOG] [Fast Refresh] rebuilding @ webpack-internal:///./node_modules/next/dist/client/components/react-dev-overlay/pages/hot-reloader-client.js:221
[  117788ms] [LOG] [Fast Refresh] rebuilding @ webpack-internal:///./node_modules/next/dist/client/components/react-dev-overlay/pages/hot-reloader-client.js:221
[  117838ms] [LOG] [Fast Refresh] rebuilding @ webpack-internal:///./node_modules/next/dist/client/components/react-dev-overlay/pages/hot-reloader-client.js:221
[  117889ms] [LOG] [Fast Refresh] rebuilding @ webpack-internal:///./node_modules/next/dist/client/components/react-dev-overlay/pages/hot-reloader-client.js:221
[  117940ms] [LOG] [Fast Refresh] rebuilding @ webpack-internal:///./node_modules/next/dist/client/components/react-dev-overlay/pages/hot-reloader-client.js:221
[  117990ms] [LOG] [Fast Refresh] rebuilding @ webpack-internal:///./node_modules/next/dist/client/components/react-dev-overlay/pages/hot-reloader-client.js:221
[  118041ms] [LOG] [Fast Refresh] rebuilding @ webpack-internal:///./node_modules/next/dist/client/components/react-dev-overlay/pages/hot-reloader-client.js:221
[  118092ms] [LOG] [Fast Refresh] rebuilding @ webpack-internal:///./node_modules/next/dist/client/components/react-dev-overlay/pages/hot-reloader-client.js:221
[  118143ms] [LOG] [Fast Refresh] rebuilding @ webpack-internal:///./node_modules/next/dist/client/components/react-dev-overlay/pages/hot-reloader-client.js:221
[  118194ms] [LOG] [Fast Refresh] rebuilding @ webpack-internal:///./node_modules/next/dist/client/components/react-dev-overlay/pages/hot-reloader-client.js:221
[  118244ms] [LOG] [Fast Refresh] rebuilding @ webpack-internal:///./node_modules/next/dist/client/components/react-dev-overlay/pages/hot-reloader-client.js:221
[  118294ms] [LOG] [Fast Refresh] rebuilding @ webpack-internal:///./node_modules/next/dist/client/components/react-dev-overlay/pages/hot-reloader-client.js:221
[  118345ms] [LOG] [Fast Refresh] rebuilding @ webpack-internal:///./node_modules/next/dist/client/components/react-dev-overlay/pages/hot-reloader-client.js:221
[  118396ms] [LOG] [Fast Refresh] rebuilding @ webpack-internal:///./node_modules/next/dist/client/components/react-dev-overlay/pages/hot-reloader-client.js:221
[  118447ms] [LOG] [Fast Refresh] rebuilding @ webpack-internal:///./node_modules/next/dist/client/components/react-dev-overlay/pages/hot-reloader-client.js:221
[  118498ms] [LOG] [Fast Refresh] rebuilding @ webpack-internal:///./node_modules/next/dist/client/components/react-dev-overlay/pages/hot-reloader-client.js:221
[  118548ms] [LOG] [Fast Refresh] rebuilding @ webpack-internal:///./node_modules/next/dist/client/components/react-dev-overlay/pages/hot-reloader-client.js:221
[  118598ms] [LOG] [Fast Refresh] rebuilding @ webpack-internal:///./node_modules/next/dist/client/components/react-dev-overlay/pages/hot-reloader-client.js:221
[  118649ms] [LOG] [Fast Refresh] rebuilding @ webpack-internal:///./node_modules/next/dist/client/components/react-dev-overlay/pages/hot-reloader-client.js:221
[  118700ms] [LOG] [Fast Refresh] rebuilding @ webpack-internal:///./node_modules/next/dist/client/components/react-dev-overlay/pages/hot-reloader-client.js:221
[  118750ms] [LOG] [Fast Refresh] rebuilding @ webpack-internal:///./node_modules/next/dist/client/components/react-dev-overlay/pages/hot-reloader-client.js:221
[  118801ms] [LOG] [Fast Refresh] rebuilding @ webpack-internal:///./node_modules/next/dist/client/components/react-dev-overlay/pages/hot-reloader-client.js:221
[  118852ms] [LOG] [Fast Refresh] rebuilding @ webpack-internal:///./node_modules/next/dist/client/components/react-dev-overlay/pages/hot-reloader-client.js:221
[  118903ms] [LOG] [Fast Refresh] rebuilding @ webpack-internal:///./node_modules/next/dist/client/components/react-dev-overlay/pages/hot-reloader-client.js:221
[  118954ms] [LOG] [Fast Refresh] rebuilding @ webpack-internal:///./node_modules/next/dist/client/components/react-dev-overlay/pages/hot-reloader-client.js:221
[  119006ms] [LOG] [Fast Refresh] rebuilding @ webpack-internal:///./node_modules/next/dist/client/components/react-dev-overlay/pages/hot-reloader-client.js:221
[  119057ms] [LOG] [Fast Refresh] rebuilding @ webpack-internal:///./node_modules/next/dist/client/components/react-dev-overlay/pages/hot-reloader-client.js:221
[  119107ms] [LOG] [Fast Refresh] rebuilding @ webpack-internal:///./node_modules/next/dist/client/components/react-dev-overlay/pages/hot-reloader-client.js:221
[  119159ms] [LOG] [Fast Refresh] rebuilding @ webpack-internal:///./node_modules/next/dist/client/components/react-dev-overlay/pages/hot-reloader-client.js:221
[  119209ms] [LOG] [Fast Refresh] rebuilding @ webpack-internal:///./node_modules/next/dist/client/components/react-dev-overlay/pages/hot-reloader-client.js:221
[  119259ms] [LOG] [Fast Refresh] rebuilding @ webpack-internal:///./node_modules/next/dist/client/components/react-dev-overlay/pages/hot-reloader-client.js:221
[  119310ms] [LOG] [Fast Refresh] rebuilding @ webpack-internal:///./node_modules/next/dist/client/components/react-dev-overlay/pages/hot-reloader-client.js:221
[  119362ms] [LOG] [Fast Refresh] rebuilding @ webpack-internal:///./node_modules/next/dist/client/components/react-dev-overlay/pages/hot-reloader-client.js:221
[  119413ms] [LOG] [Fast Refresh] rebuilding @ webpack-internal:///./node_modules/next/dist/client/components/react-dev-overlay/pages/hot-reloader-client.js:221
[  119464ms] [LOG] [Fast Refresh] rebuilding @ webpack-internal:///./node_modules/next/dist/client/components/react-dev-overlay/pages/hot-reloader-client.js:221
[  119515ms] [LOG] [Fast Refresh] rebuilding @ webpack-internal:///./node_modules/next/dist/client/components/react-dev-overlay/pages/hot-reloader-client.js:221
[  119565ms] [LOG] [Fast Refresh] rebuilding @ webpack-internal:///./node_modules/next/dist/client/components/react-dev-overlay/pages/hot-reloader-client.js:221
[  119617ms] [LOG] [Fast Refresh] rebuilding @ webpack-internal:///./node_modules/next/dist/client/components/react-dev-overlay/pages/hot-reloader-client.js:221
[  119667ms] [LOG] [Fast Refresh] rebuilding @ webpack-internal:///./node_modules/next/dist/client/components/react-dev-overlay/pages/hot-reloader-client.js:221
[  119718ms] [LOG] [Fast Refresh] rebuilding @ webpack-internal:///./node_modules/next/dist/client/components/react-dev-overlay/pages/hot-reloader-client.js:221
[  119769ms] [LOG] [Fast Refresh] rebuilding @ webpack-internal:///./node_modules/next/dist/client/components/react-dev-overlay/pages/hot-reloader-client.js:221
[  119820ms] [LOG] [Fast Refresh] rebuilding @ webpack-internal:///./node_modules/next/dist/client/components/react-dev-overlay/pages/hot-reloader-client.js:221
[  119871ms] [LOG] [Fast Refresh] rebuilding @ webpack-internal:///./node_modules/next/dist/client/components/react-dev-overlay/pages/hot-reloader-client.js:221
[  119922ms] [LOG] [Fast Refresh] rebuilding @ webpack-internal:///./node_modules/next/dist/client/components/react-dev-overlay/pages/hot-reloader-client.js:221
[  119973ms] [LOG] [Fast Refresh] rebuilding @ webpack-internal:///./node_modules/next/dist/client/components/react-dev-overlay/pages/hot-reloader-client.js:221
[  120024ms] [LOG] [Fast Refresh] rebuilding @ webpack-internal:///./node_modules/next/dist/client/components/react-dev-overlay/pages/hot-reloader-client.js:221
[  120075ms] [LOG] [Fast Refresh] rebuilding @ webpack-internal:///./node_modules/next/dist/client/components/react-dev-overlay/pages/hot-reloader-client.js:221
[  120126ms] [LOG] [Fast Refresh] rebuilding @ webpack-internal:///./node_modules/next/dist/client/components/react-dev-overlay/pages/hot-reloader-client.js:221
[  120177ms] [LOG] [Fast Refresh] rebuilding @ webpack-internal:///./node_modules/next/dist/client/components/react-dev-overlay/pages/hot-reloader-client.js:221
[  120228ms] [LOG] [Fast Refresh] rebuilding @ webpack-internal:///./node_modules/next/dist/client/components/react-dev-overlay/pages/hot-reloader-client.js:221
[  120279ms] [LOG] [Fast Refresh] rebuilding @ webpack-internal:///./node_modules/next/dist/client/components/react-dev-overlay/pages/hot-reloader-client.js:221
[  120330ms] [LOG] [Fast Refresh] rebuilding @ webpack-internal:///./node_modules/next/dist/client/components/react-dev-overlay/pages/hot-reloader-client.js:221
[  120380ms] [LOG] [Fast Refresh] rebuilding @ webpack-internal:///./node_modules/next/dist/client/components/react-dev-overlay/pages/hot-reloader-client.js:221
[  120430ms] [LOG] [Fast Refresh] rebuilding @ webpack-internal:///./node_modules/next/dist/client/components/react-dev-overlay/pages/hot-reloader-client.js:221
[  120481ms] [LOG] [Fast Refresh] rebuilding @ webpack-internal:///./node_modules/next/dist/client/components/react-dev-overlay/pages/hot-reloader-client.js:221
[  120532ms] [LOG] [Fast Refresh] rebuilding @ webpack-internal:///./node_modules/next/dist/client/components/react-dev-overlay/pages/hot-reloader-client.js:221
[  120584ms] [LOG] [Fast Refresh] rebuilding @ webpack-internal:///./node_modules/next/dist/client/components/react-dev-overlay/pages/hot-reloader-client.js:221
[  120635ms] [LOG] [Fast Refresh] rebuilding @ webpack-internal:///./node_modules/next/dist/client/components/react-dev-overlay/pages/hot-reloader-client.js:221
[  120686ms] [LOG] [Fast Refresh] rebuilding @ webpack-internal:///./node_modules/next/dist/client/components/react-dev-overlay/pages/hot-reloader-client.js:221
[  120737ms] [LOG] [Fast Refresh] rebuilding @ webpack-internal:///./node_modules/next/dist/client/components/react-dev-overlay/pages/hot-reloader-client.js:221
[  120788ms] [LOG] [Fast Refresh] rebuilding @ webpack-internal:///./node_modules/next/dist/client/components/react-dev-overlay/pages/hot-reloader-client.js:221
[  120838ms] [LOG] [Fast Refresh] rebuilding @ webpack-internal:///./node_modules/next/dist/client/components/react-dev-overlay/pages/hot-reloader-client.js:221
[  120889ms] [LOG] [Fast Refresh] rebuilding @ webpack-internal:///./node_modules/next/dist/client/components/react-dev-overlay/pages/hot-reloader-client.js:221
[  120939ms] [LOG] [Fast Refresh] rebuilding @ webpack-internal:///./node_modules/next/dist/client/components/react-dev-overlay/pages/hot-reloader-client.js:221
[  120990ms] [LOG] [Fast Refresh] rebuilding @ webpack-internal:///./node_modules/next/dist/client/components/react-dev-overlay/pages/hot-reloader-client.js:221
[  121041ms] [LOG] [Fast Refresh] rebuilding @ webpack-internal:///./node_modules/next/dist/client/components/react-dev-overlay/pages/hot-reloader-client.js:221
[  121092ms] [LOG] [Fast Refresh] rebuilding @ webpack-internal:///./node_modules/next/dist/client/components/react-dev-overlay/pages/hot-reloader-client.js:221
[  121143ms] [LOG] [Fast Refresh] rebuilding @ webpack-internal:///./node_modules/next/dist/client/components/react-dev-overlay/pages/hot-reloader-client.js:221
[  121194ms] [LOG] [Fast Refresh] rebuilding @ webpack-internal:///./node_modules/next/dist/client/components/react-dev-overlay/pages/hot-reloader-client.js:221
[  121245ms] [LOG] [Fast Refresh] rebuilding @ webpack-internal:///./node_modules/next/dist/client/components/react-dev-overlay/pages/hot-reloader-client.js:221
[  121296ms] [LOG] [Fast Refresh] rebuilding @ webpack-internal:///./node_modules/next/dist/client/components/react-dev-overlay/pages/hot-reloader-client.js:221
[  121347ms] [LOG] [Fast Refresh] rebuilding @ webpack-internal:///./node_modules/next/dist/client/components/react-dev-overlay/pages/hot-reloader-client.js:221
[  121398ms] [LOG] [Fast Refresh] rebuilding @ webpack-internal:///./node_modules/next/dist/client/components/react-dev-overlay/pages/hot-reloader-client.js:221
[  121449ms] [LOG] [Fast Refresh] rebuilding @ webpack-internal:///./node_modules/next/dist/client/components/react-dev-overlay/pages/hot-reloader-client.js:221
[  121500ms] [LOG] [Fast Refresh] rebuilding @ webpack-internal:///./node_modules/next/dist/client/components/react-dev-overlay/pages/hot-reloader-client.js:221
[  121551ms] [LOG] [Fast Refresh] rebuilding @ webpack-internal:///./node_modules/next/dist/client/components/react-dev-overlay/pages/hot-reloader-client.js:221
[  121602ms] [LOG] [Fast Refresh] rebuilding @ webpack-internal:///./node_modules/next/dist/client/components/react-dev-overlay/pages/hot-reloader-client.js:221
[  121653ms] [LOG] [Fast Refresh] rebuilding @ webpack-internal:///./node_modules/next/dist/client/components/react-dev-overlay/pages/hot-reloader-client.js:221
[  121704ms] [LOG] [Fast Refresh] rebuilding @ webpack-internal:///./node_modules/next/dist/client/components/react-dev-overlay/pages/hot-reloader-client.js:221
[  121755ms] [LOG] [Fast Refresh] rebuilding @ webpack-internal:///./node_modules/next/dist/client/components/react-dev-overlay/pages/hot-reloader-client.js:221
[  121806ms] [LOG] [Fast Refresh] rebuilding @ webpack-internal:///./node_modules/next/dist/client/components/react-dev-overlay/pages/hot-reloader-client.js:221
[  121856ms] [LOG] [Fast Refresh] rebuilding @ webpack-internal:///./node_modules/next/dist/client/components/react-dev-overlay/pages/hot-reloader-client.js:221
[  121906ms] [LOG] [Fast Refresh] rebuilding @ webpack-internal:///./node_modules/next/dist/client/components/react-dev-overlay/pages/hot-reloader-client.js:221
[  121956ms] [LOG] [Fast Refresh] rebuilding @ webpack-internal:///./node_modules/next/dist/client/components/react-dev-overlay/pages/hot-reloader-client.js:221
[  122008ms] [LOG] [Fast Refresh] rebuilding @ webpack-internal:///./node_modules/next/dist/client/components/react-dev-overlay/pages/hot-reloader-client.js:221
[  122059ms] [LOG] [Fast Refresh] rebuilding @ webpack-internal:///./node_modules/next/dist/client/components/react-dev-overlay/pages/hot-reloader-client.js:221
[  122109ms] [LOG] [Fast Refresh] rebuilding @ webpack-internal:///./node_modules/next/dist/client/components/react-dev-overlay/pages/hot-reloader-client.js:221
[  122160ms] [LOG] [Fast Refresh] rebuilding @ webpack-internal:///./node_modules/next/dist/client/components/react-dev-overlay/pages/hot-reloader-client.js:221
[  122211ms] [LOG] [Fast Refresh] rebuilding @ webpack-internal:///./node_modules/next/dist/client/components/react-dev-overlay/pages/hot-reloader-client.js:221
[  122262ms] [LOG] [Fast Refresh] rebuilding @ webpack-internal:///./node_modules/next/dist/client/components/react-dev-overlay/pages/hot-reloader-client.js:221
[  122313ms] [LOG] [Fast Refresh] rebuilding @ webpack-internal:///./node_modules/next/dist/client/components/react-dev-overlay/pages/hot-reloader-client.js:221
[  122363ms] [LOG] [Fast Refresh] rebuilding @ webpack-internal:///./node_modules/next/dist/client/components/react-dev-overlay/pages/hot-reloader-client.js:221
[  122415ms] [LOG] [Fast Refresh] rebuilding @ webpack-internal:///./node_modules/next/dist/client/components/react-dev-overlay/pages/hot-reloader-client.js:221
[  122466ms] [LOG] [Fast Refresh] rebuilding @ webpack-internal:///./node_modules/next/dist/client/components/react-dev-overlay/pages/hot-reloader-client.js:221
[  122517ms] [LOG] [Fast Refresh] rebuilding @ webpack-internal:///./node_modules/next/dist/client/components/react-dev-overlay/pages/hot-reloader-client.js:221
[  122568ms] [LOG] [Fast Refresh] rebuilding @ webpack-internal:///./node_modules/next/dist/client/components/react-dev-overlay/pages/hot-reloader-client.js:221
[  122619ms] [LOG] [Fast Refresh] rebuilding @ webpack-internal:///./node_modules/next/dist/client/components/react-dev-overlay/pages/hot-reloader-client.js:221
[  122670ms] [LOG] [Fast Refresh] rebuilding @ webpack-internal:///./node_modules/next/dist/client/components/react-dev-overlay/pages/hot-reloader-client.js:221
[  122721ms] [LOG] [Fast Refresh] rebuilding @ webpack-internal:///./node_modules/next/dist/client/components/react-dev-overlay/pages/hot-reloader-client.js:221
[  122772ms] [LOG] [Fast Refresh] rebuilding @ webpack-internal:///./node_modules/next/dist/client/components/react-dev-overlay/pages/hot-reloader-client.js:221
[  122822ms] [LOG] [Fast Refresh] rebuilding @ webpack-internal:///./node_modules/next/dist/client/components/react-dev-overlay/pages/hot-reloader-client.js:221
[  122873ms] [LOG] [Fast Refresh] rebuilding @ webpack-internal:///./node_modules/next/dist/client/components/react-dev-overlay/pages/hot-reloader-client.js:221
[  122924ms] [LOG] [Fast Refresh] rebuilding @ webpack-internal:///./node_modules/next/dist/client/components/react-dev-overlay/pages/hot-reloader-client.js:221
[  122975ms] [LOG] [Fast Refresh] rebuilding @ webpack-internal:///./node_modules/next/dist/client/components/react-dev-overlay/pages/hot-reloader-client.js:221
[  123026ms] [LOG] [Fast Refresh] rebuilding @ webpack-internal:///./node_modules/next/dist/client/components/react-dev-overlay/pages/hot-reloader-client.js:221
[  123077ms] [LOG] [Fast Refresh] rebuilding @ webpack-internal:///./node_modules/next/dist/client/components/react-dev-overlay/pages/hot-reloader-client.js:221
[  123128ms] [LOG] [Fast Refresh] rebuilding @ webpack-internal:///./node_modules/next/dist/client/components/react-dev-overlay/pages/hot-reloader-client.js:221
[  123179ms] [LOG] [Fast Refresh] rebuilding @ webpack-internal:///./node_modules/next/dist/client/components/react-dev-overlay/pages/hot-reloader-client.js:221
[  123230ms] [LOG] [Fast Refresh] rebuilding @ webpack-internal:///./node_modules/next/dist/client/components/react-dev-overlay/pages/hot-reloader-client.js:221
[  123281ms] [LOG] [Fast Refresh] rebuilding @ webpack-internal:///./node_modules/next/dist/client/components/react-dev-overlay/pages/hot-reloader-client.js:221
[  123332ms] [LOG] [Fast Refresh] rebuilding @ webpack-internal:///./node_modules/next/dist/client/components/react-dev-overlay/pages/hot-reloader-client.js:221
[  123383ms] [LOG] [Fast Refresh] rebuilding @ webpack-internal:///./node_modules/next/dist/client/components/react-dev-overlay/pages/hot-reloader-client.js:221
[  123434ms] [LOG] [Fast Refresh] rebuilding @ webpack-internal:///./node_modules/next/dist/client/components/react-dev-overlay/pages/hot-reloader-client.js:221
[  123485ms] [LOG] [Fast Refresh] rebuilding @ webpack-internal:///./node_modules/next/dist/client/components/react-dev-overlay/pages/hot-reloader-client.js:221
[  123536ms] [LOG] [Fast Refresh] rebuilding @ webpack-internal:///./node_modules/next/dist/client/components/react-dev-overlay/pages/hot-reloader-client.js:221
[  123587ms] [LOG] [Fast Refresh] rebuilding @ webpack-internal:///./node_modules/next/dist/client/components/react-dev-overlay/pages/hot-reloader-client.js:221
[  123639ms] [LOG] [Fast Refresh] rebuilding @ webpack-internal:///./node_modules/next/dist/client/components/react-dev-overlay/pages/hot-reloader-client.js:221
[  123689ms] [LOG] [Fast Refresh] rebuilding @ webpack-internal:///./node_modules/next/dist/client/components/react-dev-overlay/pages/hot-reloader-client.js:221
[  123739ms] [LOG] [Fast Refresh] rebuilding @ webpack-internal:///./node_modules/next/dist/client/components/react-dev-overlay/pages/hot-reloader-client.js:221
[  123790ms] [LOG] [Fast Refresh] rebuilding @ webpack-internal:///./node_modules/next/dist/client/components/react-dev-overlay/pages/hot-reloader-client.js:221
[  123840ms] [LOG] [Fast Refresh] rebuilding @ webpack-internal:///./node_modules/next/dist/client/components/react-dev-overlay/pages/hot-reloader-client.js:221
[  123891ms] [LOG] [Fast Refresh] rebuilding @ webpack-internal:///./node_modules/next/dist/client/components/react-dev-overlay/pages/hot-reloader-client.js:221
[  123942ms] [LOG] [Fast Refresh] rebuilding @ webpack-internal:///./node_modules/next/dist/client/components/react-dev-overlay/pages/hot-reloader-client.js:221
[  123993ms] [LOG] [Fast Refresh] rebuilding @ webpack-internal:///./node_modules/next/dist/client/components/react-dev-overlay/pages/hot-reloader-client.js:221
[  124044ms] [LOG] [Fast Refresh] rebuilding @ webpack-internal:///./node_modules/next/dist/client/components/react-dev-overlay/pages/hot-reloader-client.js:221
[  124095ms] [LOG] [Fast Refresh] rebuilding @ webpack-internal:///./node_modules/next/dist/client/components/react-dev-overlay/pages/hot-reloader-client.js:221
[  124145ms] [LOG] [Fast Refresh] rebuilding @ webpack-internal:///./node_modules/next/dist/client/components/react-dev-overlay/pages/hot-reloader-client.js:221
[  124196ms] [LOG] [Fast Refresh] rebuilding @ webpack-internal:///./node_modules/next/dist/client/components/react-dev-overlay/pages/hot-reloader-client.js:221
[  124247ms] [LOG] [Fast Refresh] rebuilding @ webpack-internal:///./node_modules/next/dist/client/components/react-dev-overlay/pages/hot-reloader-client.js:221
[  124299ms] [LOG] [Fast Refresh] rebuilding @ webpack-internal:///./node_modules/next/dist/client/components/react-dev-overlay/pages/hot-reloader-client.js:221
[  124348ms] [LOG] [Fast Refresh] rebuilding @ webpack-internal:///./node_modules/next/dist/client/components/react-dev-overlay/pages/hot-reloader-client.js:221
[  124398ms] [LOG] [Fast Refresh] rebuilding @ webpack-internal:///./node_modules/next/dist/client/components/react-dev-overlay/pages/hot-reloader-client.js:221
[  124449ms] [LOG] [Fast Refresh] rebuilding @ webpack-internal:///./node_modules/next/dist/client/components/react-dev-overlay/pages/hot-reloader-client.js:221
[  124500ms] [LOG] [Fast Refresh] rebuilding @ webpack-internal:///./node_modules/next/dist/client/components/react-dev-overlay/pages/hot-reloader-client.js:221
[  124551ms] [LOG] [Fast Refresh] rebuilding @ webpack-internal:///./node_modules/next/dist/client/components/react-dev-overlay/pages/hot-reloader-client.js:221
[  124602ms] [LOG] [Fast Refresh] rebuilding @ webpack-internal:///./node_modules/next/dist/client/components/react-dev-overlay/pages/hot-reloader-client.js:221
[  124653ms] [LOG] [Fast Refresh] rebuilding @ webpack-internal:///./node_modules/next/dist/client/components/react-dev-overlay/pages/hot-reloader-client.js:221
[  124704ms] [LOG] [Fast Refresh] rebuilding @ webpack-internal:///./node_modules/next/dist/client/components/react-dev-overlay/pages/hot-reloader-client.js:221
[  124755ms] [LOG] [Fast Refresh] rebuilding @ webpack-internal:///./node_modules/next/dist/client/components/react-dev-overlay/pages/hot-reloader-client.js:221
[  124806ms] [LOG] [Fast Refresh] rebuilding @ webpack-internal:///./node_modules/next/dist/client/components/react-dev-overlay/pages/hot-reloader-client.js:221
[  124857ms] [LOG] [Fast Refresh] rebuilding @ webpack-internal:///./node_modules/next/dist/client/components/react-dev-overlay/pages/hot-reloader-client.js:221
[  124908ms] [LOG] [Fast Refresh] rebuilding @ webpack-internal:///./node_modules/next/dist/client/components/react-dev-overlay/pages/hot-reloader-client.js:221
[  124959ms] [LOG] [Fast Refresh] rebuilding @ webpack-internal:///./node_modules/next/dist/client/components/react-dev-overlay/pages/hot-reloader-client.js:221
[  125010ms] [LOG] [Fast Refresh] rebuilding @ webpack-internal:///./node_modules/next/dist/client/components/react-dev-overlay/pages/hot-reloader-client.js:221
[  125061ms] [LOG] [Fast Refresh] rebuilding @ webpack-internal:///./node_modules/next/dist/client/components/react-dev-overlay/pages/hot-reloader-client.js:221
[  125112ms] [LOG] [Fast Refresh] rebuilding @ webpack-internal:///./node_modules/next/dist/client/components/react-dev-overlay/pages/hot-reloader-client.js:221
[  125163ms] [LOG] [Fast Refresh] rebuilding @ webpack-internal:///./node_modules/next/dist/client/components/react-dev-overlay/pages/hot-reloader-client.js:221
[  125214ms] [LOG] [Fast Refresh] rebuilding @ webpack-internal:///./node_modules/next/dist/client/components/react-dev-overlay/pages/hot-reloader-client.js:221
[  125265ms] [LOG] [Fast Refresh] rebuilding @ webpack-internal:///./node_modules/next/dist/client/components/react-dev-overlay/pages/hot-reloader-client.js:221
[  125316ms] [LOG] [Fast Refresh] rebuilding @ webpack-internal:///./node_modules/next/dist/client/components/react-dev-overlay/pages/hot-reloader-client.js:221
[  125367ms] [LOG] [Fast Refresh] rebuilding @ webpack-internal:///./node_modules/next/dist/client/components/react-dev-overlay/pages/hot-reloader-client.js:221
[  125418ms] [LOG] [Fast Refresh] rebuilding @ webpack-internal:///./node_modules/next/dist/client/components/react-dev-overlay/pages/hot-reloader-client.js:221
[  125469ms] [LOG] [Fast Refresh] rebuilding @ webpack-internal:///./node_modules/next/dist/client/components/react-dev-overlay/pages/hot-reloader-client.js:221
[  125520ms] [LOG] [Fast Refresh] rebuilding @ webpack-internal:///./node_modules/next/dist/client/components/react-dev-overlay/pages/hot-reloader-client.js:221
[  125570ms] [LOG] [Fast Refresh] rebuilding @ webpack-internal:///./node_modules/next/dist/client/components/react-dev-overlay/pages/hot-reloader-client.js:221
[  125621ms] [LOG] [Fast Refresh] rebuilding @ webpack-internal:///./node_modules/next/dist/client/components/react-dev-overlay/pages/hot-reloader-client.js:221
[  125672ms] [LOG] [Fast Refresh] rebuilding @ webpack-internal:///./node_modules/next/dist/client/components/react-dev-overlay/pages/hot-reloader-client.js:221
[  125724ms] [LOG] [Fast Refresh] rebuilding @ webpack-internal:///./node_modules/next/dist/client/components/react-dev-overlay/pages/hot-reloader-client.js:221
[  125774ms] [LOG] [Fast Refresh] rebuilding @ webpack-internal:///./node_modules/next/dist/client/components/react-dev-overlay/pages/hot-reloader-client.js:221
[  125825ms] [LOG] [Fast Refresh] rebuilding @ webpack-internal:///./node_modules/next/dist/client/components/react-dev-overlay/pages/hot-reloader-client.js:221
[  125877ms] [LOG] [Fast Refresh] rebuilding @ webpack-internal:///./node_modules/next/dist/client/components/react-dev-overlay/pages/hot-reloader-client.js:221
[  125927ms] [LOG] [Fast Refresh] rebuilding @ webpack-internal:///./node_modules/next/dist/client/components/react-dev-overlay/pages/hot-reloader-client.js:221
[  125978ms] [LOG] [Fast Refresh] rebuilding @ webpack-internal:///./node_modules/next/dist/client/components/react-dev-overlay/pages/hot-reloader-client.js:221
[  126028ms] [LOG] [Fast Refresh] rebuilding @ webpack-internal:///./node_modules/next/dist/client/components/react-dev-overlay/pages/hot-reloader-client.js:221
[  126080ms] [LOG] [Fast Refresh] rebuilding @ webpack-internal:///./node_modules/next/dist/client/components/react-dev-overlay/pages/hot-reloader-client.js:221
[  126131ms] [LOG] [Fast Refresh] rebuilding @ webpack-internal:///./node_modules/next/dist/client/components/react-dev-overlay/pages/hot-reloader-client.js:221
[  126181ms] [LOG] [Fast Refresh] rebuilding @ webpack-internal:///./node_modules/next/dist/client/components/react-dev-overlay/pages/hot-reloader-client.js:221
[  126233ms] [LOG] [Fast Refresh] rebuilding @ webpack-internal:///./node_modules/next/dist/client/components/react-dev-overlay/pages/hot-reloader-client.js:221
[  126283ms] [LOG] [Fast Refresh] rebuilding @ webpack-internal:///./node_modules/next/dist/client/components/react-dev-overlay/pages/hot-reloader-client.js:221
[  126335ms] [LOG] [Fast Refresh] rebuilding @ webpack-internal:///./node_modules/next/dist/client/components/react-dev-overlay/pages/hot-reloader-client.js:221
[  126386ms] [LOG] [Fast Refresh] rebuilding @ webpack-internal:///./node_modules/next/dist/client/components/react-dev-overlay/pages/hot-reloader-client.js:221
[  126437ms] [LOG] [Fast Refresh] rebuilding @ webpack-internal:///./node_modules/next/dist/client/components/react-dev-overlay/pages/hot-reloader-client.js:221
[  126487ms] [LOG] [Fast Refresh] rebuilding @ webpack-internal:///./node_modules/next/dist/client/components/react-dev-overlay/pages/hot-reloader-client.js:221
[  126538ms] [LOG] [Fast Refresh] rebuilding @ webpack-internal:///./node_modules/next/dist/client/components/react-dev-overlay/pages/hot-reloader-client.js:221
[  126589ms] [LOG] [Fast Refresh] rebuilding @ webpack-internal:///./node_modules/next/dist/client/components/react-dev-overlay/pages/hot-reloader-client.js:221
[  126640ms] [LOG] [Fast Refresh] rebuilding @ webpack-internal:///./node_modules/next/dist/client/components/react-dev-overlay/pages/hot-reloader-client.js:221
[  126691ms] [LOG] [Fast Refresh] rebuilding @ webpack-internal:///./node_modules/next/dist/client/components/react-dev-overlay/pages/hot-reloader-client.js:221
[  126742ms] [LOG] [Fast Refresh] rebuilding @ webpack-internal:///./node_modules/next/dist/client/components/react-dev-overlay/pages/hot-reloader-client.js:221
[  126792ms] [LOG] [Fast Refresh] rebuilding @ webpack-internal:///./node_modules/next/dist/client/components/react-dev-overlay/pages/hot-reloader-client.js:221
[  126842ms] [LOG] [Fast Refresh] rebuilding @ webpack-internal:///./node_modules/next/dist/client/components/react-dev-overlay/pages/hot-reloader-client.js:221
[  126893ms] [LOG] [Fast Refresh] rebuilding @ webpack-internal:///./node_modules/next/dist/client/components/react-dev-overlay/pages/hot-reloader-client.js:221
[  126944ms] [LOG] [Fast Refresh] rebuilding @ webpack-internal:///./node_modules/next/dist/client/components/react-dev-overlay/pages/hot-reloader-client.js:221
[  126995ms] [LOG] [Fast Refresh] rebuilding @ webpack-internal:///./node_modules/next/dist/client/components/react-dev-overlay/pages/hot-reloader-client.js:221
[  127046ms] [LOG] [Fast Refresh] rebuilding @ webpack-internal:///./node_modules/next/dist/client/components/react-dev-overlay/pages/hot-reloader-client.js:221
[  127097ms] [LOG] [Fast Refresh] rebuilding @ webpack-internal:///./node_modules/next/dist/client/components/react-dev-overlay/pages/hot-reloader-client.js:221
[  127147ms] [LOG] [Fast Refresh] rebuilding @ webpack-internal:///./node_modules/next/dist/client/components/react-dev-overlay/pages/hot-reloader-client.js:221
[  127198ms] [LOG] [Fast Refresh] rebuilding @ webpack-internal:///./node_modules/next/dist/client/components/react-dev-overlay/pages/hot-reloader-client.js:221
[  127249ms] [LOG] [Fast Refresh] rebuilding @ webpack-internal:///./node_modules/next/dist/client/components/react-dev-overlay/pages/hot-reloader-client.js:221
[  127300ms] [LOG] [Fast Refresh] rebuilding @ webpack-internal:///./node_modules/next/dist/client/components/react-dev-overlay/pages/hot-reloader-client.js:221
[  127351ms] [LOG] [Fast Refresh] rebuilding @ webpack-internal:///./node_modules/next/dist/client/components/react-dev-overlay/pages/hot-reloader-client.js:221
[  127401ms] [LOG] [Fast Refresh] rebuilding @ webpack-internal:///./node_modules/next/dist/client/components/react-dev-overlay/pages/hot-reloader-client.js:221
[  127453ms] [LOG] [Fast Refresh] rebuilding @ webpack-internal:///./node_modules/next/dist/client/components/react-dev-overlay/pages/hot-reloader-client.js:221
[  127504ms] [LOG] [Fast Refresh] rebuilding @ webpack-internal:///./node_modules/next/dist/client/components/react-dev-overlay/pages/hot-reloader-client.js:221
[  127555ms] [LOG] [Fast Refresh] rebuilding @ webpack-internal:///./node_modules/next/dist/client/components/react-dev-overlay/pages/hot-reloader-client.js:221
[  127606ms] [LOG] [Fast Refresh] rebuilding @ webpack-internal:///./node_modules/next/dist/client/components/react-dev-overlay/pages/hot-reloader-client.js:221
[  127657ms] [LOG] [Fast Refresh] rebuilding @ webpack-internal:///./node_modules/next/dist/client/components/react-dev-overlay/pages/hot-reloader-client.js:221
[  127708ms] [LOG] [Fast Refresh] rebuilding @ webpack-internal:///./node_modules/next/dist/client/components/react-dev-overlay/pages/hot-reloader-client.js:221
[  127758ms] [LOG] [Fast Refresh] rebuilding @ webpack-internal:///./node_modules/next/dist/client/components/react-dev-overlay/pages/hot-reloader-client.js:221
[  127809ms] [LOG] [Fast Refresh] rebuilding @ webpack-internal:///./node_modules/next/dist/client/components/react-dev-overlay/pages/hot-reloader-client.js:221
[  127860ms] [LOG] [Fast Refresh] rebuilding @ webpack-internal:///./node_modules/next/dist/client/components/react-dev-overlay/pages/hot-reloader-client.js:221
[  127911ms] [LOG] [Fast Refresh] rebuilding @ webpack-internal:///./node_modules/next/dist/client/components/react-dev-overlay/pages/hot-reloader-client.js:221
[  127963ms] [LOG] [Fast Refresh] rebuilding @ webpack-internal:///./node_modules/next/dist/client/components/react-dev-overlay/pages/hot-reloader-client.js:221
[  128013ms] [LOG] [Fast Refresh] rebuilding @ webpack-internal:///./node_modules/next/dist/client/components/react-dev-overlay/pages/hot-reloader-client.js:221
[  128064ms] [LOG] [Fast Refresh] rebuilding @ webpack-internal:///./node_modules/next/dist/client/components/react-dev-overlay/pages/hot-reloader-client.js:221
[  128116ms] [LOG] [Fast Refresh] rebuilding @ webpack-internal:///./node_modules/next/dist/client/components/react-dev-overlay/pages/hot-reloader-client.js:221
[  128166ms] [LOG] [Fast Refresh] rebuilding @ webpack-internal:///./node_modules/next/dist/client/components/react-dev-overlay/pages/hot-reloader-client.js:221
[  128217ms] [LOG] [Fast Refresh] rebuilding @ webpack-internal:///./node_modules/next/dist/client/components/react-dev-overlay/pages/hot-reloader-client.js:221
[  128269ms] [LOG] [Fast Refresh] rebuilding @ webpack-internal:///./node_modules/next/dist/client/components/react-dev-overlay/pages/hot-reloader-client.js:221
[  128319ms] [LOG] [Fast Refresh] rebuilding @ webpack-internal:///./node_modules/next/dist/client/components/react-dev-overlay/pages/hot-reloader-client.js:221
[  128371ms] [LOG] [Fast Refresh] rebuilding @ webpack-internal:///./node_modules/next/dist/client/components/react-dev-overlay/pages/hot-reloader-client.js:221
[  128422ms] [LOG] [Fast Refresh] rebuilding @ webpack-internal:///./node_modules/next/dist/client/components/react-dev-overlay/pages/hot-reloader-client.js:221
[  128472ms] [LOG] [Fast Refresh] rebuilding @ webpack-internal:///./node_modules/next/dist/client/components/react-dev-overlay/pages/hot-reloader-client.js:221
[  128523ms] [LOG] [Fast Refresh] rebuilding @ webpack-internal:///./node_modules/next/dist/client/components/react-dev-overlay/pages/hot-reloader-client.js:221
[  128574ms] [LOG] [Fast Refresh] rebuilding @ webpack-internal:///./node_modules/next/dist/client/components/react-dev-overlay/pages/hot-reloader-client.js:221
[  128625ms] [LOG] [Fast Refresh] rebuilding @ webpack-internal:///./node_modules/next/dist/client/components/react-dev-overlay/pages/hot-reloader-client.js:221
[  128676ms] [LOG] [Fast Refresh] rebuilding @ webpack-internal:///./node_modules/next/dist/client/components/react-dev-overlay/pages/hot-reloader-client.js:221
[  128727ms] [LOG] [Fast Refresh] rebuilding @ webpack-internal:///./node_modules/next/dist/client/components/react-dev-overlay/pages/hot-reloader-client.js:221
[  128778ms] [LOG] [Fast Refresh] rebuilding @ webpack-internal:///./node_modules/next/dist/client/components/react-dev-overlay/pages/hot-reloader-client.js:221
[  128829ms] [LOG] [Fast Refresh] rebuilding @ webpack-internal:///./node_modules/next/dist/client/components/react-dev-overlay/pages/hot-reloader-client.js:221
[  128880ms] [LOG] [Fast Refresh] rebuilding @ webpack-internal:///./node_modules/next/dist/client/components/react-dev-overlay/pages/hot-reloader-client.js:221
[  128930ms] [LOG] [Fast Refresh] rebuilding @ webpack-internal:///./node_modules/next/dist/client/components/react-dev-overlay/pages/hot-reloader-client.js:221
[  128982ms] [LOG] [Fast Refresh] rebuilding @ webpack-internal:///./node_modules/next/dist/client/components/react-dev-overlay/pages/hot-reloader-client.js:221
[  129033ms] [LOG] [Fast Refresh] rebuilding @ webpack-internal:///./node_modules/next/dist/client/components/react-dev-overlay/pages/hot-reloader-client.js:221
[  129084ms] [LOG] [Fast Refresh] rebuilding @ webpack-internal:///./node_modules/next/dist/client/components/react-dev-overlay/pages/hot-reloader-client.js:221
[  129134ms] [LOG] [Fast Refresh] rebuilding @ webpack-internal:///./node_modules/next/dist/client/components/react-dev-overlay/pages/hot-reloader-client.js:221
[  129186ms] [LOG] [Fast Refresh] rebuilding @ webpack-internal:///./node_modules/next/dist/client/components/react-dev-overlay/pages/hot-reloader-client.js:221
[  129236ms] [LOG] [Fast Refresh] rebuilding @ webpack-internal:///./node_modules/next/dist/client/components/react-dev-overlay/pages/hot-reloader-client.js:221
[  129287ms] [LOG] [Fast Refresh] rebuilding @ webpack-internal:///./node_modules/next/dist/client/components/react-dev-overlay/pages/hot-reloader-client.js:221
[  129339ms] [LOG] [Fast Refresh] rebuilding @ webpack-internal:///./node_modules/next/dist/client/components/react-dev-overlay/pages/hot-reloader-client.js:221
[  129389ms] [LOG] [Fast Refresh] rebuilding @ webpack-internal:///./node_modules/next/dist/client/components/react-dev-overlay/pages/hot-reloader-client.js:221
[  129440ms] [LOG] [Fast Refresh] rebuilding @ webpack-internal:///./node_modules/next/dist/client/components/react-dev-overlay/pages/hot-reloader-client.js:221
[  129492ms] [LOG] [Fast Refresh] rebuilding @ webpack-internal:///./node_modules/next/dist/client/components/react-dev-overlay/pages/hot-reloader-client.js:221
[  129542ms] [LOG] [Fast Refresh] rebuilding @ webpack-internal:///./node_modules/next/dist/client/components/react-dev-overlay/pages/hot-reloader-client.js:221
[  129593ms] [LOG] [Fast Refresh] rebuilding @ webpack-internal:///./node_modules/next/dist/client/components/react-dev-overlay/pages/hot-reloader-client.js:221
[  129645ms] [LOG] [Fast Refresh] rebuilding @ webpack-internal:///./node_modules/next/dist/client/components/react-dev-overlay/pages/hot-reloader-client.js:221
[  129696ms] [LOG] [Fast Refresh] rebuilding @ webpack-internal:///./node_modules/next/dist/client/components/react-dev-overlay/pages/hot-reloader-client.js:221
[  129746ms] [LOG] [Fast Refresh] rebuilding @ webpack-internal:///./node_modules/next/dist/client/components/react-dev-overlay/pages/hot-reloader-client.js:221
[  129797ms] [LOG] [Fast Refresh] rebuilding @ webpack-internal:///./node_modules/next/dist/client/components/react-dev-overlay/pages/hot-reloader-client.js:221
[  129848ms] [LOG] [Fast Refresh] rebuilding @ webpack-internal:///./node_modules/next/dist/client/components/react-dev-overlay/pages/hot-reloader-client.js:221
[  129899ms] [LOG] [Fast Refresh] rebuilding @ webpack-internal:///./node_modules/next/dist/client/components/react-dev-overlay/pages/hot-reloader-client.js:221
[  129950ms] [LOG] [Fast Refresh] rebuilding @ webpack-internal:///./node_modules/next/dist/client/components/react-dev-overlay/pages/hot-reloader-client.js:221
[  130001ms] [LOG] [Fast Refresh] rebuilding @ webpack-internal:///./node_modules/next/dist/client/components/react-dev-overlay/pages/hot-reloader-client.js:221
[  130052ms] [LOG] [Fast Refresh] rebuilding @ webpack-internal:///./node_modules/next/dist/client/components/react-dev-overlay/pages/hot-reloader-client.js:221
[  130103ms] [LOG] [Fast Refresh] rebuilding @ webpack-internal:///./node_modules/next/dist/client/components/react-dev-overlay/pages/hot-reloader-client.js:221
[  130154ms] [LOG] [Fast Refresh] rebuilding @ webpack-internal:///./node_modules/next/dist/client/components/react-dev-overlay/pages/hot-reloader-client.js:221
[  130205ms] [LOG] [Fast Refresh] rebuilding @ webpack-internal:///./node_modules/next/dist/client/components/react-dev-overlay/pages/hot-reloader-client.js:221
[  130256ms] [LOG] [Fast Refresh] rebuilding @ webpack-internal:///./node_modules/next/dist/client/components/react-dev-overlay/pages/hot-reloader-client.js:221
[  130307ms] [LOG] [Fast Refresh] rebuilding @ webpack-internal:///./node_modules/next/dist/client/components/react-dev-overlay/pages/hot-reloader-client.js:221
[  130358ms] [LOG] [Fast Refresh] rebuilding @ webpack-internal:///./node_modules/next/dist/client/components/react-dev-overlay/pages/hot-reloader-client.js:221
[  130409ms] [LOG] [Fast Refresh] rebuilding @ webpack-internal:///./node_modules/next/dist/client/components/react-dev-overlay/pages/hot-reloader-client.js:221
[  130460ms] [LOG] [Fast Refresh] rebuilding @ webpack-internal:///./node_modules/next/dist/client/components/react-dev-overlay/pages/hot-reloader-client.js:221
[  130511ms] [LOG] [Fast Refresh] rebuilding @ webpack-internal:///./node_modules/next/dist/client/components/react-dev-overlay/pages/hot-reloader-client.js:221
[  130562ms] [LOG] [Fast Refresh] rebuilding @ webpack-internal:///./node_modules/next/dist/client/components/react-dev-overlay/pages/hot-reloader-client.js:221
[  130613ms] [LOG] [Fast Refresh] rebuilding @ webpack-internal:///./node_modules/next/dist/client/components/react-dev-overlay/pages/hot-reloader-client.js:221
[  130663ms] [LOG] [Fast Refresh] rebuilding @ webpack-internal:///./node_modules/next/dist/client/components/react-dev-overlay/pages/hot-reloader-client.js:221
[  130714ms] [LOG] [Fast Refresh] rebuilding @ webpack-internal:///./node_modules/next/dist/client/components/react-dev-overlay/pages/hot-reloader-client.js:221
[  130765ms] [LOG] [Fast Refresh] rebuilding @ webpack-internal:///./node_modules/next/dist/client/components/react-dev-overlay/pages/hot-reloader-client.js:221
[  130816ms] [LOG] [Fast Refresh] rebuilding @ webpack-internal:///./node_modules/next/dist/client/components/react-dev-overlay/pages/hot-reloader-client.js:221
[  130868ms] [LOG] [Fast Refresh] rebuilding @ webpack-internal:///./node_modules/next/dist/client/components/react-dev-overlay/pages/hot-reloader-client.js:221
[  130918ms] [LOG] [Fast Refresh] rebuilding @ webpack-internal:///./node_modules/next/dist/client/components/react-dev-overlay/pages/hot-reloader-client.js:221
[  130969ms] [LOG] [Fast Refresh] rebuilding @ webpack-internal:///./node_modules/next/dist/client/components/react-dev-overlay/pages/hot-reloader-client.js:221
[  131020ms] [LOG] [Fast Refresh] rebuilding @ webpack-internal:///./node_modules/next/dist/client/components/react-dev-overlay/pages/hot-reloader-client.js:221
[  131071ms] [LOG] [Fast Refresh] rebuilding @ webpack-internal:///./node_modules/next/dist/client/components/react-dev-overlay/pages/hot-reloader-client.js:221
[  131122ms] [LOG] [Fast Refresh] rebuilding @ webpack-internal:///./node_modules/next/dist/client/components/react-dev-overlay/pages/hot-reloader-client.js:221
[  131173ms] [LOG] [Fast Refresh] rebuilding @ webpack-internal:///./node_modules/next/dist/client/components/react-dev-overlay/pages/hot-reloader-client.js:221
[  131224ms] [LOG] [Fast Refresh] rebuilding @ webpack-internal:///./node_modules/next/dist/client/components/react-dev-overlay/pages/hot-reloader-client.js:221
[  131275ms] [LOG] [Fast Refresh] rebuilding @ webpack-internal:///./node_modules/next/dist/client/components/react-dev-overlay/pages/hot-reloader-client.js:221
[  131326ms] [LOG] [Fast Refresh] rebuilding @ webpack-internal:///./node_modules/next/dist/client/components/react-dev-overlay/pages/hot-reloader-client.js:221
[  131377ms] [LOG] [Fast Refresh] rebuilding @ webpack-internal:///./node_modules/next/dist/client/components/react-dev-overlay/pages/hot-reloader-client.js:221
[  131427ms] [LOG] [Fast Refresh] rebuilding @ webpack-internal:///./node_modules/next/dist/client/components/react-dev-overlay/pages/hot-reloader-client.js:221
[  131478ms] [LOG] [Fast Refresh] rebuilding @ webpack-internal:///./node_modules/next/dist/client/components/react-dev-overlay/pages/hot-reloader-client.js:221
[  131528ms] [LOG] [Fast Refresh] rebuilding @ webpack-internal:///./node_modules/next/dist/client/components/react-dev-overlay/pages/hot-reloader-client.js:221
[  131579ms] [LOG] [Fast Refresh] rebuilding @ webpack-internal:///./node_modules/next/dist/client/components/react-dev-overlay/pages/hot-reloader-client.js:221
[  131631ms] [LOG] [Fast Refresh] rebuilding @ webpack-internal:///./node_modules/next/dist/client/components/react-dev-overlay/pages/hot-reloader-client.js:221
[  131681ms] [LOG] [Fast Refresh] rebuilding @ webpack-internal:///./node_modules/next/dist/client/components/react-dev-overlay/pages/hot-reloader-client.js:221
[  131732ms] [LOG] [Fast Refresh] rebuilding @ webpack-internal:///./node_modules/next/dist/client/components/react-dev-overlay/pages/hot-reloader-client.js:221
[  131783ms] [LOG] [Fast Refresh] rebuilding @ webpack-internal:///./node_modules/next/dist/client/components/react-dev-overlay/pages/hot-reloader-client.js:221
[  131834ms] [LOG] [Fast Refresh] rebuilding @ webpack-internal:///./node_modules/next/dist/client/components/react-dev-overlay/pages/hot-reloader-client.js:221
[  131886ms] [LOG] [Fast Refresh] rebuilding @ webpack-internal:///./node_modules/next/dist/client/components/react-dev-overlay/pages/hot-reloader-client.js:221
[  131936ms] [LOG] [Fast Refresh] rebuilding @ webpack-internal:///./node_modules/next/dist/client/components/react-dev-overlay/pages/hot-reloader-client.js:221
[  131987ms] [LOG] [Fast Refresh] rebuilding @ webpack-internal:///./node_modules/next/dist/client/components/react-dev-overlay/pages/hot-reloader-client.js:221
[  132039ms] [LOG] [Fast Refresh] rebuilding @ webpack-internal:///./node_modules/next/dist/client/components/react-dev-overlay/pages/hot-reloader-client.js:221
[  132090ms] [LOG] [Fast Refresh] rebuilding @ webpack-internal:///./node_modules/next/dist/client/components/react-dev-overlay/pages/hot-reloader-client.js:221
[  132140ms] [LOG] [Fast Refresh] rebuilding @ webpack-internal:///./node_modules/next/dist/client/components/react-dev-overlay/pages/hot-reloader-client.js:221
[  132192ms] [LOG] [Fast Refresh] rebuilding @ webpack-internal:///./node_modules/next/dist/client/components/react-dev-overlay/pages/hot-reloader-client.js:221
[  132242ms] [LOG] [Fast Refresh] rebuilding @ webpack-internal:///./node_modules/next/dist/client/components/react-dev-overlay/pages/hot-reloader-client.js:221
[  132293ms] [LOG] [Fast Refresh] rebuilding @ webpack-internal:///./node_modules/next/dist/client/components/react-dev-overlay/pages/hot-reloader-client.js:221
[  132344ms] [LOG] [Fast Refresh] rebuilding @ webpack-internal:///./node_modules/next/dist/client/components/react-dev-overlay/pages/hot-reloader-client.js:221
[  132394ms] [LOG] [Fast Refresh] rebuilding @ webpack-internal:///./node_modules/next/dist/client/components/react-dev-overlay/pages/hot-reloader-client.js:221
[  132445ms] [LOG] [Fast Refresh] rebuilding @ webpack-internal:///./node_modules/next/dist/client/components/react-dev-overlay/pages/hot-reloader-client.js:221
[  132496ms] [LOG] [Fast Refresh] rebuilding @ webpack-internal:///./node_modules/next/dist/client/components/react-dev-overlay/pages/hot-reloader-client.js:221
[  132547ms] [LOG] [Fast Refresh] rebuilding @ webpack-internal:///./node_modules/next/dist/client/components/react-dev-overlay/pages/hot-reloader-client.js:221
[  132598ms] [LOG] [Fast Refresh] rebuilding @ webpack-internal:///./node_modules/next/dist/client/components/react-dev-overlay/pages/hot-reloader-client.js:221
[  132649ms] [LOG] [Fast Refresh] rebuilding @ webpack-internal:///./node_modules/next/dist/client/components/react-dev-overlay/pages/hot-reloader-client.js:221
[  132700ms] [LOG] [Fast Refresh] rebuilding @ webpack-internal:///./node_modules/next/dist/client/components/react-dev-overlay/pages/hot-reloader-client.js:221
[  132751ms] [LOG] [Fast Refresh] rebuilding @ webpack-internal:///./node_modules/next/dist/client/components/react-dev-overlay/pages/hot-reloader-client.js:221
[  132802ms] [LOG] [Fast Refresh] rebuilding @ webpack-internal:///./node_modules/next/dist/client/components/react-dev-overlay/pages/hot-reloader-client.js:221
[  132852ms] [LOG] [Fast Refresh] rebuilding @ webpack-internal:///./node_modules/next/dist/client/components/react-dev-overlay/pages/hot-reloader-client.js:221
[  132903ms] [LOG] [Fast Refresh] rebuilding @ webpack-internal:///./node_modules/next/dist/client/components/react-dev-overlay/pages/hot-reloader-client.js:221
[  132954ms] [LOG] [Fast Refresh] rebuilding @ webpack-internal:///./node_modules/next/dist/client/components/react-dev-overlay/pages/hot-reloader-client.js:221
[  133005ms] [LOG] [Fast Refresh] rebuilding @ webpack-internal:///./node_modules/next/dist/client/components/react-dev-overlay/pages/hot-reloader-client.js:221
[  133055ms] [LOG] [Fast Refresh] rebuilding @ webpack-internal:///./node_modules/next/dist/client/components/react-dev-overlay/pages/hot-reloader-client.js:221
[  133106ms] [LOG] [Fast Refresh] rebuilding @ webpack-internal:///./node_modules/next/dist/client/components/react-dev-overlay/pages/hot-reloader-client.js:221
[  133157ms] [LOG] [Fast Refresh] rebuilding @ webpack-internal:///./node_modules/next/dist/client/components/react-dev-overlay/pages/hot-reloader-client.js:221
[  133208ms] [LOG] [Fast Refresh] rebuilding @ webpack-internal:///./node_modules/next/dist/client/components/react-dev-overlay/pages/hot-reloader-client.js:221
[  133258ms] [LOG] [Fast Refresh] rebuilding @ webpack-internal:///./node_modules/next/dist/client/components/react-dev-overlay/pages/hot-reloader-client.js:221
[  133309ms] [LOG] [Fast Refresh] rebuilding @ webpack-internal:///./node_modules/next/dist/client/components/react-dev-overlay/pages/hot-reloader-client.js:221
[  133359ms] [LOG] [Fast Refresh] rebuilding @ webpack-internal:///./node_modules/next/dist/client/components/react-dev-overlay/pages/hot-reloader-client.js:221
[  133411ms] [LOG] [Fast Refresh] rebuilding @ webpack-internal:///./node_modules/next/dist/client/components/react-dev-overlay/pages/hot-reloader-client.js:221
[  133462ms] [LOG] [Fast Refresh] rebuilding @ webpack-internal:///./node_modules/next/dist/client/components/react-dev-overlay/pages/hot-reloader-client.js:221
[  133512ms] [LOG] [Fast Refresh] rebuilding @ webpack-internal:///./node_modules/next/dist/client/components/react-dev-overlay/pages/hot-reloader-client.js:221
[  133564ms] [LOG] [Fast Refresh] rebuilding @ webpack-internal:///./node_modules/next/dist/client/components/react-dev-overlay/pages/hot-reloader-client.js:221
[  133615ms] [LOG] [Fast Refresh] rebuilding @ webpack-internal:///./node_modules/next/dist/client/components/react-dev-overlay/pages/hot-reloader-client.js:221
[  133666ms] [LOG] [Fast Refresh] rebuilding @ webpack-internal:///./node_modules/next/dist/client/components/react-dev-overlay/pages/hot-reloader-client.js:221
[  133717ms] [LOG] [Fast Refresh] rebuilding @ webpack-internal:///./node_modules/next/dist/client/components/react-dev-overlay/pages/hot-reloader-client.js:221
[  133767ms] [LOG] [Fast Refresh] rebuilding @ webpack-internal:///./node_modules/next/dist/client/components/react-dev-overlay/pages/hot-reloader-client.js:221
[  133818ms] [LOG] [Fast Refresh] rebuilding @ webpack-internal:///./node_modules/next/dist/client/components/react-dev-overlay/pages/hot-reloader-client.js:221
[  133868ms] [LOG] [Fast Refresh] rebuilding @ webpack-internal:///./node_modules/next/dist/client/components/react-dev-overlay/pages/hot-reloader-client.js:221
[  133919ms] [LOG] [Fast Refresh] rebuilding @ webpack-internal:///./node_modules/next/dist/client/components/react-dev-overlay/pages/hot-reloader-client.js:221
[  133970ms] [LOG] [Fast Refresh] rebuilding @ webpack-internal:///./node_modules/next/dist/client/components/react-dev-overlay/pages/hot-reloader-client.js:221
[  134020ms] [LOG] [Fast Refresh] rebuilding @ webpack-internal:///./node_modules/next/dist/client/components/react-dev-overlay/pages/hot-reloader-client.js:221
[  134071ms] [LOG] [Fast Refresh] rebuilding @ webpack-internal:///./node_modules/next/dist/client/components/react-dev-overlay/pages/hot-reloader-client.js:221
[  134122ms] [LOG] [Fast Refresh] rebuilding @ webpack-internal:///./node_modules/next/dist/client/components/react-dev-overlay/pages/hot-reloader-client.js:221
[  134174ms] [LOG] [Fast Refresh] rebuilding @ webpack-internal:///./node_modules/next/dist/client/components/react-dev-overlay/pages/hot-reloader-client.js:221
[  134224ms] [LOG] [Fast Refresh] rebuilding @ webpack-internal:///./node_modules/next/dist/client/components/react-dev-overlay/pages/hot-reloader-client.js:221
[  134275ms] [LOG] [Fast Refresh] rebuilding @ webpack-internal:///./node_modules/next/dist/client/components/react-dev-overlay/pages/hot-reloader-client.js:221
[  134327ms] [LOG] [Fast Refresh] rebuilding @ webpack-internal:///./node_modules/next/dist/client/components/react-dev-overlay/pages/hot-reloader-client.js:221
[  134377ms] [LOG] [Fast Refresh] rebuilding @ webpack-internal:///./node_modules/next/dist/client/components/react-dev-overlay/pages/hot-reloader-client.js:221
[  134428ms] [LOG] [Fast Refresh] rebuilding @ webpack-internal:///./node_modules/next/dist/client/components/react-dev-overlay/pages/hot-reloader-client.js:221
[  134478ms] [LOG] [Fast Refresh] rebuilding @ webpack-internal:///./node_modules/next/dist/client/components/react-dev-overlay/pages/hot-reloader-client.js:221
[  134529ms] [LOG] [Fast Refresh] rebuilding @ webpack-internal:///./node_modules/next/dist/client/components/react-dev-overlay/pages/hot-reloader-client.js:221
[  134579ms] [LOG] [Fast Refresh] rebuilding @ webpack-internal:///./node_modules/next/dist/client/components/react-dev-overlay/pages/hot-reloader-client.js:221
[  134630ms] [LOG] [Fast Refresh] rebuilding @ webpack-internal:///./node_modules/next/dist/client/components/react-dev-overlay/pages/hot-reloader-client.js:221
[  134681ms] [LOG] [Fast Refresh] rebuilding @ webpack-internal:///./node_modules/next/dist/client/components/react-dev-overlay/pages/hot-reloader-client.js:221
[  134732ms] [LOG] [Fast Refresh] rebuilding @ webpack-internal:///./node_modules/next/dist/client/components/react-dev-overlay/pages/hot-reloader-client.js:221
[  134783ms] [LOG] [Fast Refresh] rebuilding @ webpack-internal:///./node_modules/next/dist/client/components/react-dev-overlay/pages/hot-reloader-client.js:221
[  134835ms] [LOG] [Fast Refresh] rebuilding @ webpack-internal:///./node_modules/next/dist/client/components/react-dev-overlay/pages/hot-reloader-client.js:221
[  134885ms] [LOG] [Fast Refresh] rebuilding @ webpack-internal:///./node_modules/next/dist/client/components/react-dev-overlay/pages/hot-reloader-client.js:221
[  134937ms] [LOG] [Fast Refresh] rebuilding @ webpack-internal:///./node_modules/next/dist/client/components/react-dev-overlay/pages/hot-reloader-client.js:221
[  134988ms] [LOG] [Fast Refresh] rebuilding @ webpack-internal:///./node_modules/next/dist/client/components/react-dev-overlay/pages/hot-reloader-client.js:221
[  135038ms] [LOG] [Fast Refresh] rebuilding @ webpack-internal:///./node_modules/next/dist/client/components/react-dev-overlay/pages/hot-reloader-client.js:221
[  135089ms] [LOG] [Fast Refresh] rebuilding @ webpack-internal:///./node_modules/next/dist/client/components/react-dev-overlay/pages/hot-reloader-client.js:221
[  135140ms] [LOG] [Fast Refresh] rebuilding @ webpack-internal:///./node_modules/next/dist/client/components/react-dev-overlay/pages/hot-reloader-client.js:221
[  135191ms] [LOG] [Fast Refresh] rebuilding @ webpack-internal:///./node_modules/next/dist/client/components/react-dev-overlay/pages/hot-reloader-client.js:221
[  135242ms] [LOG] [Fast Refresh] rebuilding @ webpack-internal:///./node_modules/next/dist/client/components/react-dev-overlay/pages/hot-reloader-client.js:221
[  135294ms] [LOG] [Fast Refresh] rebuilding @ webpack-internal:///./node_modules/next/dist/client/components/react-dev-overlay/pages/hot-reloader-client.js:221
[  135344ms] [LOG] [Fast Refresh] rebuilding @ webpack-internal:///./node_modules/next/dist/client/components/react-dev-overlay/pages/hot-reloader-client.js:221
[  135395ms] [LOG] [Fast Refresh] rebuilding @ webpack-internal:///./node_modules/next/dist/client/components/react-dev-overlay/pages/hot-reloader-client.js:221
[  135447ms] [LOG] [Fast Refresh] rebuilding @ webpack-internal:///./node_modules/next/dist/client/components/react-dev-overlay/pages/hot-reloader-client.js:221
[  135498ms] [LOG] [Fast Refresh] rebuilding @ webpack-internal:///./node_modules/next/dist/client/components/react-dev-overlay/pages/hot-reloader-client.js:221
[  135548ms] [LOG] [Fast Refresh] rebuilding @ webpack-internal:///./node_modules/next/dist/client/components/react-dev-overlay/pages/hot-reloader-client.js:221
[  135599ms] [LOG] [Fast Refresh] rebuilding @ webpack-internal:///./node_modules/next/dist/client/components/react-dev-overlay/pages/hot-reloader-client.js:221
[  135650ms] [LOG] [Fast Refresh] rebuilding @ webpack-internal:///./node_modules/next/dist/client/components/react-dev-overlay/pages/hot-reloader-client.js:221
[  135711ms] [LOG] [Fast Refresh] rebuilding @ webpack-internal:///./node_modules/next/dist/client/components/react-dev-overlay/pages/hot-reloader-client.js:221
[  135752ms] [LOG] [Fast Refresh] rebuilding @ webpack-internal:///./node_modules/next/dist/client/components/react-dev-overlay/pages/hot-reloader-client.js:221
[  135802ms] [LOG] [Fast Refresh] rebuilding @ webpack-internal:///./node_modules/next/dist/client/components/react-dev-overlay/pages/hot-reloader-client.js:221
[  135853ms] [LOG] [Fast Refresh] rebuilding @ webpack-internal:///./node_modules/next/dist/client/components/react-dev-overlay/pages/hot-reloader-client.js:221
[  135904ms] [LOG] [Fast Refresh] rebuilding @ webpack-internal:///./node_modules/next/dist/client/components/react-dev-overlay/pages/hot-reloader-client.js:221
[  135955ms] [LOG] [Fast Refresh] rebuilding @ webpack-internal:///./node_modules/next/dist/client/components/react-dev-overlay/pages/hot-reloader-client.js:221
[  136006ms] [LOG] [Fast Refresh] rebuilding @ webpack-internal:///./node_modules/next/dist/client/components/react-dev-overlay/pages/hot-reloader-client.js:221
[  136057ms] [LOG] [Fast Refresh] rebuilding @ webpack-internal:///./node_modules/next/dist/client/components/react-dev-overlay/pages/hot-reloader-client.js:221
[  136108ms] [LOG] [Fast Refresh] rebuilding @ webpack-internal:///./node_modules/next/dist/client/components/react-dev-overlay/pages/hot-reloader-client.js:221
[  136159ms] [LOG] [Fast Refresh] rebuilding @ webpack-internal:///./node_modules/next/dist/client/components/react-dev-overlay/pages/hot-reloader-client.js:221
[  136211ms] [LOG] [Fast Refresh] rebuilding @ webpack-internal:///./node_modules/next/dist/client/components/react-dev-overlay/pages/hot-reloader-client.js:221
[  136261ms] [LOG] [Fast Refresh] rebuilding @ webpack-internal:///./node_modules/next/dist/client/components/react-dev-overlay/pages/hot-reloader-client.js:221
[  136313ms] [LOG] [Fast Refresh] rebuilding @ webpack-internal:///./node_modules/next/dist/client/components/react-dev-overlay/pages/hot-reloader-client.js:221
[  136364ms] [LOG] [Fast Refresh] rebuilding @ webpack-internal:///./node_modules/next/dist/client/components/react-dev-overlay/pages/hot-reloader-client.js:221
[  136414ms] [LOG] [Fast Refresh] rebuilding @ webpack-internal:///./node_modules/next/dist/client/components/react-dev-overlay/pages/hot-reloader-client.js:221
[  136466ms] [LOG] [Fast Refresh] rebuilding @ webpack-internal:///./node_modules/next/dist/client/components/react-dev-overlay/pages/hot-reloader-client.js:221
[  136517ms] [LOG] [Fast Refresh] rebuilding @ webpack-internal:///./node_modules/next/dist/client/components/react-dev-overlay/pages/hot-reloader-client.js:221
[  136568ms] [LOG] [Fast Refresh] rebuilding @ webpack-internal:///./node_modules/next/dist/client/components/react-dev-overlay/pages/hot-reloader-client.js:221
[  136619ms] [LOG] [Fast Refresh] rebuilding @ webpack-internal:///./node_modules/next/dist/client/components/react-dev-overlay/pages/hot-reloader-client.js:221
[  136670ms] [LOG] [Fast Refresh] rebuilding @ webpack-internal:///./node_modules/next/dist/client/components/react-dev-overlay/pages/hot-reloader-client.js:221
[  136721ms] [LOG] [Fast Refresh] rebuilding @ webpack-internal:///./node_modules/next/dist/client/components/react-dev-overlay/pages/hot-reloader-client.js:221
[  136772ms] [LOG] [Fast Refresh] rebuilding @ webpack-internal:///./node_modules/next/dist/client/components/react-dev-overlay/pages/hot-reloader-client.js:221
[  136823ms] [LOG] [Fast Refresh] rebuilding @ webpack-internal:///./node_modules/next/dist/client/components/react-dev-overlay/pages/hot-reloader-client.js:221
[  136874ms] [LOG] [Fast Refresh] rebuilding @ webpack-internal:///./node_modules/next/dist/client/components/react-dev-overlay/pages/hot-reloader-client.js:221
[  136924ms] [LOG] [Fast Refresh] rebuilding @ webpack-internal:///./node_modules/next/dist/client/components/react-dev-overlay/pages/hot-reloader-client.js:221
[  136975ms] [LOG] [Fast Refresh] rebuilding @ webpack-internal:///./node_modules/next/dist/client/components/react-dev-overlay/pages/hot-reloader-client.js:221
[  137025ms] [LOG] [Fast Refresh] rebuilding @ webpack-internal:///./node_modules/next/dist/client/components/react-dev-overlay/pages/hot-reloader-client.js:221
[  137076ms] [LOG] [Fast Refresh] rebuilding @ webpack-internal:///./node_modules/next/dist/client/components/react-dev-overlay/pages/hot-reloader-client.js:221
[  137127ms] [LOG] [Fast Refresh] rebuilding @ webpack-internal:///./node_modules/next/dist/client/components/react-dev-overlay/pages/hot-reloader-client.js:221
[  137178ms] [LOG] [Fast Refresh] rebuilding @ webpack-internal:///./node_modules/next/dist/client/components/react-dev-overlay/pages/hot-reloader-client.js:221
[  137229ms] [LOG] [Fast Refresh] rebuilding @ webpack-internal:///./node_modules/next/dist/client/components/react-dev-overlay/pages/hot-reloader-client.js:221
[  137280ms] [LOG] [Fast Refresh] rebuilding @ webpack-internal:///./node_modules/next/dist/client/components/react-dev-overlay/pages/hot-reloader-client.js:221
[  137331ms] [LOG] [Fast Refresh] rebuilding @ webpack-internal:///./node_modules/next/dist/client/components/react-dev-overlay/pages/hot-reloader-client.js:221
[  137382ms] [LOG] [Fast Refresh] rebuilding @ webpack-internal:///./node_modules/next/dist/client/components/react-dev-overlay/pages/hot-reloader-client.js:221
[  137433ms] [LOG] [Fast Refresh] rebuilding @ webpack-internal:///./node_modules/next/dist/client/components/react-dev-overlay/pages/hot-reloader-client.js:221
[  137484ms] [LOG] [Fast Refresh] rebuilding @ webpack-internal:///./node_modules/next/dist/client/components/react-dev-overlay/pages/hot-reloader-client.js:221
[  137535ms] [LOG] [Fast Refresh] rebuilding @ webpack-internal:///./node_modules/next/dist/client/components/react-dev-overlay/pages/hot-reloader-client.js:221
[  137586ms] [LOG] [Fast Refresh] rebuilding @ webpack-internal:///./node_modules/next/dist/client/components/react-dev-overlay/pages/hot-reloader-client.js:221
[  137637ms] [LOG] [Fast Refresh] rebuilding @ webpack-internal:///./node_modules/next/dist/client/components/react-dev-overlay/pages/hot-reloader-client.js:221
[  137688ms] [LOG] [Fast Refresh] rebuilding @ webpack-internal:///./node_modules/next/dist/client/components/react-dev-overlay/pages/hot-reloader-client.js:221
[  137739ms] [LOG] [Fast Refresh] rebuilding @ webpack-internal:///./node_modules/next/dist/client/components/react-dev-overlay/pages/hot-reloader-client.js:221
[  137790ms] [LOG] [Fast Refresh] rebuilding @ webpack-internal:///./node_modules/next/dist/client/components/react-dev-overlay/pages/hot-reloader-client.js:221
[  137840ms] [LOG] [Fast Refresh] rebuilding @ webpack-internal:///./node_modules/next/dist/client/components/react-dev-overlay/pages/hot-reloader-client.js:221
[  137892ms] [LOG] [Fast Refresh] rebuilding @ webpack-internal:///./node_modules/next/dist/client/components/react-dev-overlay/pages/hot-reloader-client.js:221
[  137943ms] [LOG] [Fast Refresh] rebuilding @ webpack-internal:///./node_modules/next/dist/client/components/react-dev-overlay/pages/hot-reloader-client.js:221
[  137993ms] [LOG] [Fast Refresh] rebuilding @ webpack-internal:///./node_modules/next/dist/client/components/react-dev-overlay/pages/hot-reloader-client.js:221
[  138044ms] [LOG] [Fast Refresh] rebuilding @ webpack-internal:///./node_modules/next/dist/client/components/react-dev-overlay/pages/hot-reloader-client.js:221
[  138094ms] [LOG] [Fast Refresh] rebuilding @ webpack-internal:///./node_modules/next/dist/client/components/react-dev-overlay/pages/hot-reloader-client.js:221
[  138145ms] [LOG] [Fast Refresh] rebuilding @ webpack-internal:///./node_modules/next/dist/client/components/react-dev-overlay/pages/hot-reloader-client.js:221
[  138196ms] [LOG] [Fast Refresh] rebuilding @ webpack-internal:///./node_modules/next/dist/client/components/react-dev-overlay/pages/hot-reloader-client.js:221
[  138247ms] [LOG] [Fast Refresh] rebuilding @ webpack-internal:///./node_modules/next/dist/client/components/react-dev-overlay/pages/hot-reloader-client.js:221
[  138297ms] [LOG] [Fast Refresh] rebuilding @ webpack-internal:///./node_modules/next/dist/client/components/react-dev-overlay/pages/hot-reloader-client.js:221
[  138348ms] [LOG] [Fast Refresh] rebuilding @ webpack-internal:///./node_modules/next/dist/client/components/react-dev-overlay/pages/hot-reloader-client.js:221
