[    1586ms] [ERROR] Failed to load resource: the server responded with a status of 500 (Internal Server Error) @ http://localhost:3000/en:0
[    1751ms] [INFO] %cDownload the React DevTools for a better development experience: https://react.dev/link/react-devtools font-weight:bold @ webpack-internal:///./node_modules/react-dom/cjs/react-dom-client.development.js:28004
[    1772ms] Error: Module not found: Can't resolve '../../../i18n'
  1 | import { getRequestConfig } from 'next-intl/server';
> 2 | import { locales } from '../../../i18n';
    | ^
  3 |
  4 | export default getRequestConfig(async ({ requestLocale }) => {
  5 |   // This typically corresponds to the `[locale]` segment

https://nextjs.org/docs/messages/module-not-found

Import trace for requested module:
./node_modules/next-intl/dist/esm/development/server/react-server/getConfig.js
./node_modules/next-intl/dist/esm/development/server/react-server/getFormatter.js
./node_modules/next-intl/dist/esm/development/server.react-server.js
./src/app/[locale]/layout.tsx
    at <unknown> (https://nextjs.org/docs/messages/module-not-found)
    at getNotFoundError (file:///Users/zhaoqing/Documents/Develop/welean-portal/node_modules/next/dist/build/webpack/plugins/wellknown-errors-plugin/parseNotFoundError.js:134:16)
    at async getModuleBuildError (file:///Users/zhaoqing/Documents/Develop/welean-portal/node_modules/next/dist/build/webpack/plugins/wellknown-errors-plugin/webpackModuleError.js:104:27)
    at async (file:///Users/zhaoqing/Documents/Develop/welean-portal/node_modules/next/dist/build/webpack/plugins/wellknown-errors-plugin/index.js:29:49)
    at async (file:///Users/zhaoqing/Documents/Develop/welean-portal/node_modules/next/dist/build/webpack/plugins/wellknown-errors-plugin/index.js:27:21)
[    1774ms] [LOG] [HMR] connected @ webpack-internal:///./node_modules/next/dist/client/components/react-dev-overlay/pages/websocket.js:41
[    1776ms] [ERROR] ./src/i18n/request.ts:2:1
Module not found: Can't resolve '../../../i18n'
  1 | import { getRequestConfig } from 'next-intl/server';
> 2 | import { locales } from '../../../i18n';
    | ^
  3 |
  4 | export default getRequestConfig(async ({ requestLocale }) => {
  5 |   // This typically corresponds to the `[locale]` segment

https://nextjs.org/docs/messages/module-not-found

Import trace for requested module:
./node_modules/next-intl/dist/esm/development/server/react-server/getConfig.js
./node_modules/next-intl/dist/esm/development/server/react-server/getFormatter.js
./node_modules/next-intl/dist/esm/development/server.react-server.js
./src/app/[locale]/layout.tsx @ webpack-internal:///./node_modules/next/dist/client/components/react-dev-overlay/pages/client.js:84
[    1776ms] [ERROR] ./src/i18n/request.ts:15:22
Module not found: Can't resolve '../../../messages'
  13 |   return {
  14 |     locale,
> 15 |     messages: (await import(`../../../messages/${locale}.json`)).default
     |                      ^
  16 |   };
  17 | });

https://nextjs.org/docs/messages/module-not-found

Import trace for requested module:
./node_modules/next-intl/dist/esm/development/server/react-server/getConfig.js
./node_modules/next-intl/dist/esm/development/server/react-server/getFormatter.js
./node_modules/next-intl/dist/esm/development/server.react-server.js
./src/app/[locale]/layout.tsx @ webpack-internal:///./node_modules/next/dist/client/components/react-dev-overlay/pages/client.js:84
[    1815ms] [LOG] [Fast Refresh] rebuilding @ webpack-internal:///./node_modules/next/dist/client/components/react-dev-overlay/pages/hot-reloader-client.js:221
[    1857ms] [ERROR] ./src/i18n/request.ts:2:1
Module not found: Can't resolve '../../../i18n'
  1 | import { getRequestConfig } from 'next-intl/server';
> 2 | import { locales } from '../../../i18n';
    | ^
  3 |
  4 | export default getRequestConfig(async ({ requestLocale }) => {
  5 |   // This typically corresponds to the `[locale]` segment

https://nextjs.org/docs/messages/module-not-found

Import trace for requested module:
./node_modules/next-intl/dist/esm/development/server/react-server/getConfig.js
./node_modules/next-intl/dist/esm/development/server/react-server/getFormatter.js
./node_modules/next-intl/dist/esm/development/server.react-server.js
./src/app/[locale]/layout.tsx @ webpack-internal:///./node_modules/next/dist/client/components/react-dev-overlay/pages/client.js:84
[    1857ms] [ERROR] ./src/i18n/request.ts:15:22
Module not found: Can't resolve '../../../messages'
  13 |   return {
  14 |     locale,
> 15 |     messages: (await import(`../../../messages/${locale}.json`)).default
     |                      ^
  16 |   };
  17 | });

https://nextjs.org/docs/messages/module-not-found

Import trace for requested module:
./node_modules/next-intl/dist/esm/development/server/react-server/getConfig.js
./node_modules/next-intl/dist/esm/development/server/react-server/getFormatter.js
./node_modules/next-intl/dist/esm/development/server.react-server.js
./src/app/[locale]/layout.tsx @ webpack-internal:///./node_modules/next/dist/client/components/react-dev-overlay/pages/client.js:84
[    1897ms] [ERROR] Failed to load resource: the server responded with a status of 404 (Not Found) @ http://localhost:3000/favicon.ico:0
[    1910ms] [ERROR] Failed to load resource: the server responded with a status of 500 (Internal Server Error) @ http://localhost:3000/_next/static/webpack/900382157e3f7f01.webpack.hot-update.json:0
[    1910ms] [WARNING] [Fast Refresh] performing full reload

Fast Refresh will perform a full reload when you edit a file that's imported by modules outside of the React rendering tree.
You might have a file which exports a React component but also exports a value that is imported by a non-React component file.
Consider migrating the non-React component export to a separate file and importing it into both files.

It is also possible the parent component of the component you edited is a class component, which disables Fast Refresh.
Fast Refresh requires at least one parent function component in your React tree. @ webpack-internal:///./node_modules/next/dist/client/components/react-dev-overlay/pages/hot-reloader-client.js:350
[    1995ms] [LOG] [Fast Refresh] rebuilding @ webpack-internal:///./node_modules/next/dist/client/components/react-dev-overlay/pages/hot-reloader-client.js:221
[    2017ms] [ERROR] ./src/i18n/request.ts:2:1
Module not found: Can't resolve '../../../i18n'
  1 | import { getRequestConfig } from 'next-intl/server';
> 2 | import { locales } from '../../../i18n';
    | ^
  3 |
  4 | export default getRequestConfig(async ({ requestLocale }) => {
  5 |   // This typically corresponds to the `[locale]` segment

https://nextjs.org/docs/messages/module-not-found

Import trace for requested module:
./node_modules/next-intl/dist/esm/development/server/react-server/getConfig.js
./node_modules/next-intl/dist/esm/development/server/react-server/getFormatter.js
./node_modules/next-intl/dist/esm/development/server.react-server.js
./src/app/[locale]/layout.tsx @ webpack-internal:///./node_modules/next/dist/client/components/react-dev-overlay/pages/client.js:84
[    2017ms] [ERROR] ./src/i18n/request.ts:15:22
Module not found: Can't resolve '../../../messages'
  13 |   return {
  14 |     locale,
> 15 |     messages: (await import(`../../../messages/${locale}.json`)).default
     |                      ^
  16 |   };
  17 | });

https://nextjs.org/docs/messages/module-not-found

Import trace for requested module:
./node_modules/next-intl/dist/esm/development/server/react-server/getConfig.js
./node_modules/next-intl/dist/esm/development/server/react-server/getFormatter.js
./node_modules/next-intl/dist/esm/development/server.react-server.js
./src/app/[locale]/layout.tsx @ webpack-internal:///./node_modules/next/dist/client/components/react-dev-overlay/pages/client.js:84
[    2090ms] [LOG] [Fast Refresh] rebuilding @ webpack-internal:///./node_modules/next/dist/client/components/react-dev-overlay/pages/hot-reloader-client.js:221
[    2115ms] [ERROR] ./src/i18n/request.ts:2:1
Module not found: Can't resolve '../../../i18n'
  1 | import { getRequestConfig } from 'next-intl/server';
> 2 | import { locales } from '../../../i18n';
    | ^
  3 |
  4 | export default getRequestConfig(async ({ requestLocale }) => {
  5 |   // This typically corresponds to the `[locale]` segment

https://nextjs.org/docs/messages/module-not-found

Import trace for requested module:
./node_modules/next-intl/dist/esm/development/server/react-server/getConfig.js
./node_modules/next-intl/dist/esm/development/server/react-server/getFormatter.js
./node_modules/next-intl/dist/esm/development/server.react-server.js
./src/app/[locale]/layout.tsx @ webpack-internal:///./node_modules/next/dist/client/components/react-dev-overlay/pages/client.js:84
[    2115ms] [ERROR] ./src/i18n/request.ts:15:22
Module not found: Can't resolve '../../../messages'
  13 |   return {
  14 |     locale,
> 15 |     messages: (await import(`../../../messages/${locale}.json`)).default
     |                      ^
  16 |   };
  17 | });

https://nextjs.org/docs/messages/module-not-found

Import trace for requested module:
./node_modules/next-intl/dist/esm/development/server/react-server/getConfig.js
./node_modules/next-intl/dist/esm/development/server/react-server/getFormatter.js
./node_modules/next-intl/dist/esm/development/server.react-server.js
./src/app/[locale]/layout.tsx @ webpack-internal:///./node_modules/next/dist/client/components/react-dev-overlay/pages/client.js:84
[    2185ms] [LOG] [Fast Refresh] rebuilding @ webpack-internal:///./node_modules/next/dist/client/components/react-dev-overlay/pages/hot-reloader-client.js:221
[    2210ms] [ERROR] ./src/i18n/request.ts:2:1
Module not found: Can't resolve '../../../i18n'
  1 | import { getRequestConfig } from 'next-intl/server';
> 2 | import { locales } from '../../../i18n';
    | ^
  3 |
  4 | export default getRequestConfig(async ({ requestLocale }) => {
  5 |   // This typically corresponds to the `[locale]` segment

https://nextjs.org/docs/messages/module-not-found

Import trace for requested module:
./node_modules/next-intl/dist/esm/development/server/react-server/getConfig.js
./node_modules/next-intl/dist/esm/development/server/react-server/getFormatter.js
./node_modules/next-intl/dist/esm/development/server.react-server.js
./src/app/[locale]/layout.tsx @ webpack-internal:///./node_modules/next/dist/client/components/react-dev-overlay/pages/client.js:84
[    2210ms] [ERROR] ./src/i18n/request.ts:15:22
Module not found: Can't resolve '../../../messages'
  13 |   return {
  14 |     locale,
> 15 |     messages: (await import(`../../../messages/${locale}.json`)).default
     |                      ^
  16 |   };
  17 | });

https://nextjs.org/docs/messages/module-not-found

Import trace for requested module:
./node_modules/next-intl/dist/esm/development/server/react-server/getConfig.js
./node_modules/next-intl/dist/esm/development/server/react-server/getFormatter.js
./node_modules/next-intl/dist/esm/development/server.react-server.js
./src/app/[locale]/layout.tsx @ webpack-internal:///./node_modules/next/dist/client/components/react-dev-overlay/pages/client.js:84
[    2337ms] [LOG] [Fast Refresh] rebuilding @ webpack-internal:///./node_modules/next/dist/client/components/react-dev-overlay/pages/hot-reloader-client.js:221
[    2381ms] [ERROR] ./src/i18n/request.ts:2:1
Module not found: Can't resolve '../../../i18n'
  1 | import { getRequestConfig } from 'next-intl/server';
> 2 | import { locales } from '../../../i18n';
    | ^
  3 |
  4 | export default getRequestConfig(async ({ requestLocale }) => {
  5 |   // This typically corresponds to the `[locale]` segment

https://nextjs.org/docs/messages/module-not-found

Import trace for requested module:
./node_modules/next-intl/dist/esm/development/server/react-server/getConfig.js
./node_modules/next-intl/dist/esm/development/server/react-server/getFormatter.js
./node_modules/next-intl/dist/esm/development/server.react-server.js
./src/app/[locale]/layout.tsx @ webpack-internal:///./node_modules/next/dist/client/components/react-dev-overlay/pages/client.js:84
[    2381ms] [ERROR] ./src/i18n/request.ts:15:22
Module not found: Can't resolve '../../../messages'
  13 |   return {
  14 |     locale,
> 15 |     messages: (await import(`../../../messages/${locale}.json`)).default
     |                      ^
  16 |   };
  17 | });

https://nextjs.org/docs/messages/module-not-found

Import trace for requested module:
./node_modules/next-intl/dist/esm/development/server/react-server/getConfig.js
./node_modules/next-intl/dist/esm/development/server/react-server/getFormatter.js
./node_modules/next-intl/dist/esm/development/server.react-server.js
./src/app/[locale]/layout.tsx @ webpack-internal:///./node_modules/next/dist/client/components/react-dev-overlay/pages/client.js:84
[    2451ms] [LOG] [Fast Refresh] rebuilding @ webpack-internal:///./node_modules/next/dist/client/components/react-dev-overlay/pages/hot-reloader-client.js:221
[    2481ms] [ERROR] ./src/i18n/request.ts:2:1
Module not found: Can't resolve '../../../i18n'
  1 | import { getRequestConfig } from 'next-intl/server';
> 2 | import { locales } from '../../../i18n';
    | ^
  3 |
  4 | export default getRequestConfig(async ({ requestLocale }) => {
  5 |   // This typically corresponds to the `[locale]` segment

https://nextjs.org/docs/messages/module-not-found

Import trace for requested module:
./node_modules/next-intl/dist/esm/development/server/react-server/getConfig.js
./node_modules/next-intl/dist/esm/development/server/react-server/getFormatter.js
./node_modules/next-intl/dist/esm/development/server.react-server.js
./src/app/[locale]/layout.tsx @ webpack-internal:///./node_modules/next/dist/client/components/react-dev-overlay/pages/client.js:84
[    2481ms] [ERROR] ./src/i18n/request.ts:15:22
Module not found: Can't resolve '../../../messages'
  13 |   return {
  14 |     locale,
> 15 |     messages: (await import(`../../../messages/${locale}.json`)).default
     |                      ^
  16 |   };
  17 | });

https://nextjs.org/docs/messages/module-not-found

Import trace for requested module:
./node_modules/next-intl/dist/esm/development/server/react-server/getConfig.js
./node_modules/next-intl/dist/esm/development/server/react-server/getFormatter.js
./node_modules/next-intl/dist/esm/development/server.react-server.js
./src/app/[locale]/layout.tsx @ webpack-internal:///./node_modules/next/dist/client/components/react-dev-overlay/pages/client.js:84
[    2550ms] [LOG] [Fast Refresh] rebuilding @ webpack-internal:///./node_modules/next/dist/client/components/react-dev-overlay/pages/hot-reloader-client.js:221
[    2571ms] [ERROR] ./src/i18n/request.ts:2:1
Module not found: Can't resolve '../../../i18n'
  1 | import { getRequestConfig } from 'next-intl/server';
> 2 | import { locales } from '../../../i18n';
    | ^
  3 |
  4 | export default getRequestConfig(async ({ requestLocale }) => {
  5 |   // This typically corresponds to the `[locale]` segment

https://nextjs.org/docs/messages/module-not-found

Import trace for requested module:
./node_modules/next-intl/dist/esm/development/server/react-server/getConfig.js
./node_modules/next-intl/dist/esm/development/server/react-server/getFormatter.js
./node_modules/next-intl/dist/esm/development/server.react-server.js
./src/app/[locale]/layout.tsx @ webpack-internal:///./node_modules/next/dist/client/components/react-dev-overlay/pages/client.js:84
[    2571ms] [ERROR] ./src/i18n/request.ts:15:22
Module not found: Can't resolve '../../../messages'
  13 |   return {
  14 |     locale,
> 15 |     messages: (await import(`../../../messages/${locale}.json`)).default
     |                      ^
  16 |   };
  17 | });

https://nextjs.org/docs/messages/module-not-found

Import trace for requested module:
./node_modules/next-intl/dist/esm/development/server/react-server/getConfig.js
./node_modules/next-intl/dist/esm/development/server/react-server/getFormatter.js
./node_modules/next-intl/dist/esm/development/server.react-server.js
./src/app/[locale]/layout.tsx @ webpack-internal:///./node_modules/next/dist/client/components/react-dev-overlay/pages/client.js:84
[    2641ms] [LOG] [Fast Refresh] rebuilding @ webpack-internal:///./node_modules/next/dist/client/components/react-dev-overlay/pages/hot-reloader-client.js:221
[    2663ms] [ERROR] ./src/i18n/request.ts:2:1
Module not found: Can't resolve '../../../i18n'
  1 | import { getRequestConfig } from 'next-intl/server';
> 2 | import { locales } from '../../../i18n';
    | ^
  3 |
  4 | export default getRequestConfig(async ({ requestLocale }) => {
  5 |   // This typically corresponds to the `[locale]` segment

https://nextjs.org/docs/messages/module-not-found

Import trace for requested module:
./node_modules/next-intl/dist/esm/development/server/react-server/getConfig.js
./node_modules/next-intl/dist/esm/development/server/react-server/getFormatter.js
./node_modules/next-intl/dist/esm/development/server.react-server.js
./src/app/[locale]/layout.tsx @ webpack-internal:///./node_modules/next/dist/client/components/react-dev-overlay/pages/client.js:84
[    2663ms] [ERROR] ./src/i18n/request.ts:15:22
Module not found: Can't resolve '../../../messages'
  13 |   return {
  14 |     locale,
> 15 |     messages: (await import(`../../../messages/${locale}.json`)).default
     |                      ^
  16 |   };
  17 | });

https://nextjs.org/docs/messages/module-not-found

Import trace for requested module:
./node_modules/next-intl/dist/esm/development/server/react-server/getConfig.js
./node_modules/next-intl/dist/esm/development/server/react-server/getFormatter.js
./node_modules/next-intl/dist/esm/development/server.react-server.js
./src/app/[locale]/layout.tsx @ webpack-internal:///./node_modules/next/dist/client/components/react-dev-overlay/pages/client.js:84
[    2727ms] [LOG] [Fast Refresh] rebuilding @ webpack-internal:///./node_modules/next/dist/client/components/react-dev-overlay/pages/hot-reloader-client.js:221
[    2752ms] [ERROR] ./src/i18n/request.ts:2:1
Module not found: Can't resolve '../../../i18n'
  1 | import { getRequestConfig } from 'next-intl/server';
> 2 | import { locales } from '../../../i18n';
    | ^
  3 |
  4 | export default getRequestConfig(async ({ requestLocale }) => {
  5 |   // This typically corresponds to the `[locale]` segment

https://nextjs.org/docs/messages/module-not-found

Import trace for requested module:
./node_modules/next-intl/dist/esm/development/server/react-server/getConfig.js
./node_modules/next-intl/dist/esm/development/server/react-server/getFormatter.js
./node_modules/next-intl/dist/esm/development/server.react-server.js
./src/app/[locale]/layout.tsx @ webpack-internal:///./node_modules/next/dist/client/components/react-dev-overlay/pages/client.js:84
[    2752ms] [ERROR] ./src/i18n/request.ts:15:22
Module not found: Can't resolve '../../../messages'
  13 |   return {
  14 |     locale,
> 15 |     messages: (await import(`../../../messages/${locale}.json`)).default
     |                      ^
  16 |   };
  17 | });

https://nextjs.org/docs/messages/module-not-found

Import trace for requested module:
./node_modules/next-intl/dist/esm/development/server/react-server/getConfig.js
./node_modules/next-intl/dist/esm/development/server/react-server/getFormatter.js
./node_modules/next-intl/dist/esm/development/server.react-server.js
./src/app/[locale]/layout.tsx @ webpack-internal:///./node_modules/next/dist/client/components/react-dev-overlay/pages/client.js:84
[    2793ms] [ERROR] Failed to load resource: the server responded with a status of 500 (Internal Server Error) @ http://localhost:3000/en:0
[    2923ms] [INFO] %cDownload the React DevTools for a better development experience: https://react.dev/link/react-devtools font-weight:bold @ webpack-internal:///./node_modules/react-dom/cjs/react-dom-client.development.js:28004
[    2928ms] Error: Module not found: Can't resolve '../../../i18n'
  1 | import { getRequestConfig } from 'next-intl/server';
> 2 | import { locales } from '../../../i18n';
    | ^
  3 |
  4 | export default getRequestConfig(async ({ requestLocale }) => {
  5 |   // This typically corresponds to the `[locale]` segment

https://nextjs.org/docs/messages/module-not-found

Import trace for requested module:
./node_modules/next-intl/dist/esm/development/server/react-server/getConfig.js
./node_modules/next-intl/dist/esm/development/server/react-server/getFormatter.js
./node_modules/next-intl/dist/esm/development/server.react-server.js
./src/app/[locale]/layout.tsx
    at <unknown> (https://nextjs.org/docs/messages/module-not-found)
    at getNotFoundError (file:///Users/zhaoqing/Documents/Develop/welean-portal/node_modules/next/dist/build/webpack/plugins/wellknown-errors-plugin/parseNotFoundError.js:134:16)
    at async getModuleBuildError (file:///Users/zhaoqing/Documents/Develop/welean-portal/node_modules/next/dist/build/webpack/plugins/wellknown-errors-plugin/webpackModuleError.js:104:27)
    at async (file:///Users/zhaoqing/Documents/Develop/welean-portal/node_modules/next/dist/build/webpack/plugins/wellknown-errors-plugin/index.js:29:49)
    at async (file:///Users/zhaoqing/Documents/Develop/welean-portal/node_modules/next/dist/build/webpack/plugins/wellknown-errors-plugin/index.js:27:21)
[    2929ms] [LOG] [HMR] connected @ webpack-internal:///./node_modules/next/dist/client/components/react-dev-overlay/pages/websocket.js:41
[    2930ms] [ERROR] ./src/i18n/request.ts:2:1
Module not found: Can't resolve '../../../i18n'
  1 | import { getRequestConfig } from 'next-intl/server';
> 2 | import { locales } from '../../../i18n';
    | ^
  3 |
  4 | export default getRequestConfig(async ({ requestLocale }) => {
  5 |   // This typically corresponds to the `[locale]` segment

https://nextjs.org/docs/messages/module-not-found

Import trace for requested module:
./node_modules/next-intl/dist/esm/development/server/react-server/getConfig.js
./node_modules/next-intl/dist/esm/development/server/react-server/getFormatter.js
./node_modules/next-intl/dist/esm/development/server.react-server.js
./src/app/[locale]/layout.tsx @ webpack-internal:///./node_modules/next/dist/client/components/react-dev-overlay/pages/client.js:84
[    2930ms] [ERROR] ./src/i18n/request.ts:15:22
Module not found: Can't resolve '../../../messages'
  13 |   return {
  14 |     locale,
> 15 |     messages: (await import(`../../../messages/${locale}.json`)).default
     |                      ^
  16 |   };
  17 | });

https://nextjs.org/docs/messages/module-not-found

Import trace for requested module:
./node_modules/next-intl/dist/esm/development/server/react-server/getConfig.js
./node_modules/next-intl/dist/esm/development/server/react-server/getFormatter.js
./node_modules/next-intl/dist/esm/development/server.react-server.js
./src/app/[locale]/layout.tsx @ webpack-internal:///./node_modules/next/dist/client/components/react-dev-overlay/pages/client.js:84
[    2973ms] [ERROR] Failed to load resource: the server responded with a status of 500 (Internal Server Error) @ http://localhost:3000/en:0
[    3076ms] [INFO] %cDownload the React DevTools for a better development experience: https://react.dev/link/react-devtools font-weight:bold @ webpack-internal:///./node_modules/react-dom/cjs/react-dom-client.development.js:28004
[    3079ms] Error: Module not found: Can't resolve '../../../i18n'
  1 | import { getRequestConfig } from 'next-intl/server';
> 2 | import { locales } from '../../../i18n';
    | ^
  3 |
  4 | export default getRequestConfig(async ({ requestLocale }) => {
  5 |   // This typically corresponds to the `[locale]` segment

https://nextjs.org/docs/messages/module-not-found

Import trace for requested module:
./node_modules/next-intl/dist/esm/development/server/react-server/getConfig.js
./node_modules/next-intl/dist/esm/development/server/react-server/getFormatter.js
./node_modules/next-intl/dist/esm/development/server.react-server.js
./src/app/[locale]/layout.tsx
    at <unknown> (https://nextjs.org/docs/messages/module-not-found)
    at getNotFoundError (file:///Users/zhaoqing/Documents/Develop/welean-portal/node_modules/next/dist/build/webpack/plugins/wellknown-errors-plugin/parseNotFoundError.js:134:16)
    at async getModuleBuildError (file:///Users/zhaoqing/Documents/Develop/welean-portal/node_modules/next/dist/build/webpack/plugins/wellknown-errors-plugin/webpackModuleError.js:104:27)
    at async (file:///Users/zhaoqing/Documents/Develop/welean-portal/node_modules/next/dist/build/webpack/plugins/wellknown-errors-plugin/index.js:29:49)
    at async (file:///Users/zhaoqing/Documents/Develop/welean-portal/node_modules/next/dist/build/webpack/plugins/wellknown-errors-plugin/index.js:27:21)
[    3080ms] [LOG] [HMR] connected @ webpack-internal:///./node_modules/next/dist/client/components/react-dev-overlay/pages/websocket.js:41
[    3081ms] [ERROR] ./src/i18n/request.ts:2:1
Module not found: Can't resolve '../../../i18n'
  1 | import { getRequestConfig } from 'next-intl/server';
> 2 | import { locales } from '../../../i18n';
    | ^
  3 |
  4 | export default getRequestConfig(async ({ requestLocale }) => {
  5 |   // This typically corresponds to the `[locale]` segment

https://nextjs.org/docs/messages/module-not-found

Import trace for requested module:
./node_modules/next-intl/dist/esm/development/server/react-server/getConfig.js
./node_modules/next-intl/dist/esm/development/server/react-server/getFormatter.js
./node_modules/next-intl/dist/esm/development/server.react-server.js
./src/app/[locale]/layout.tsx @ webpack-internal:///./node_modules/next/dist/client/components/react-dev-overlay/pages/client.js:84
[    3081ms] [ERROR] ./src/i18n/request.ts:15:22
Module not found: Can't resolve '../../../messages'
  13 |   return {
  14 |     locale,
> 15 |     messages: (await import(`../../../messages/${locale}.json`)).default
     |                      ^
  16 |   };
  17 | });

https://nextjs.org/docs/messages/module-not-found

Import trace for requested module:
./node_modules/next-intl/dist/esm/development/server/react-server/getConfig.js
./node_modules/next-intl/dist/esm/development/server/react-server/getFormatter.js
./node_modules/next-intl/dist/esm/development/server.react-server.js
./src/app/[locale]/layout.tsx @ webpack-internal:///./node_modules/next/dist/client/components/react-dev-overlay/pages/client.js:84
[    3127ms] [ERROR] Failed to load resource: the server responded with a status of 500 (Internal Server Error) @ http://localhost:3000/en:0
[    3229ms] [INFO] %cDownload the React DevTools for a better development experience: https://react.dev/link/react-devtools font-weight:bold @ webpack-internal:///./node_modules/react-dom/cjs/react-dom-client.development.js:28004
[    3233ms] Error: Module not found: Can't resolve '../../../i18n'
  1 | import { getRequestConfig } from 'next-intl/server';
> 2 | import { locales } from '../../../i18n';
    | ^
  3 |
  4 | export default getRequestConfig(async ({ requestLocale }) => {
  5 |   // This typically corresponds to the `[locale]` segment

https://nextjs.org/docs/messages/module-not-found

Import trace for requested module:
./node_modules/next-intl/dist/esm/development/server/react-server/getConfig.js
./node_modules/next-intl/dist/esm/development/server/react-server/getFormatter.js
./node_modules/next-intl/dist/esm/development/server.react-server.js
./src/app/[locale]/layout.tsx
    at <unknown> (https://nextjs.org/docs/messages/module-not-found)
    at getNotFoundError (file:///Users/zhaoqing/Documents/Develop/welean-portal/node_modules/next/dist/build/webpack/plugins/wellknown-errors-plugin/parseNotFoundError.js:134:16)
    at async getModuleBuildError (file:///Users/zhaoqing/Documents/Develop/welean-portal/node_modules/next/dist/build/webpack/plugins/wellknown-errors-plugin/webpackModuleError.js:104:27)
    at async (file:///Users/zhaoqing/Documents/Develop/welean-portal/node_modules/next/dist/build/webpack/plugins/wellknown-errors-plugin/index.js:29:49)
    at async (file:///Users/zhaoqing/Documents/Develop/welean-portal/node_modules/next/dist/build/webpack/plugins/wellknown-errors-plugin/index.js:27:21)
[    3234ms] [LOG] [HMR] connected @ webpack-internal:///./node_modules/next/dist/client/components/react-dev-overlay/pages/websocket.js:41
[    3234ms] [ERROR] ./src/i18n/request.ts:2:1
Module not found: Can't resolve '../../../i18n'
  1 | import { getRequestConfig } from 'next-intl/server';
> 2 | import { locales } from '../../../i18n';
    | ^
  3 |
  4 | export default getRequestConfig(async ({ requestLocale }) => {
  5 |   // This typically corresponds to the `[locale]` segment

https://nextjs.org/docs/messages/module-not-found

Import trace for requested module:
./node_modules/next-intl/dist/esm/development/server/react-server/getConfig.js
./node_modules/next-intl/dist/esm/development/server/react-server/getFormatter.js
./node_modules/next-intl/dist/esm/development/server.react-server.js
./src/app/[locale]/layout.tsx @ webpack-internal:///./node_modules/next/dist/client/components/react-dev-overlay/pages/client.js:84
[    3234ms] [ERROR] ./src/i18n/request.ts:15:22
Module not found: Can't resolve '../../../messages'
  13 |   return {
  14 |     locale,
> 15 |     messages: (await import(`../../../messages/${locale}.json`)).default
     |                      ^
  16 |   };
  17 | });

https://nextjs.org/docs/messages/module-not-found

Import trace for requested module:
./node_modules/next-intl/dist/esm/development/server/react-server/getConfig.js
./node_modules/next-intl/dist/esm/development/server/react-server/getFormatter.js
./node_modules/next-intl/dist/esm/development/server.react-server.js
./src/app/[locale]/layout.tsx @ webpack-internal:///./node_modules/next/dist/client/components/react-dev-overlay/pages/client.js:84
[    3283ms] [ERROR] Failed to load resource: the server responded with a status of 500 (Internal Server Error) @ http://localhost:3000/en:0
[    3383ms] [INFO] %cDownload the React DevTools for a better development experience: https://react.dev/link/react-devtools font-weight:bold @ webpack-internal:///./node_modules/react-dom/cjs/react-dom-client.development.js:28004
[    3386ms] Error: Module not found: Can't resolve '../../../i18n'
  1 | import { getRequestConfig } from 'next-intl/server';
> 2 | import { locales } from '../../../i18n';
    | ^
  3 |
  4 | export default getRequestConfig(async ({ requestLocale }) => {
  5 |   // This typically corresponds to the `[locale]` segment

https://nextjs.org/docs/messages/module-not-found

Import trace for requested module:
./node_modules/next-intl/dist/esm/development/server/react-server/getConfig.js
./node_modules/next-intl/dist/esm/development/server/react-server/getFormatter.js
./node_modules/next-intl/dist/esm/development/server.react-server.js
./src/app/[locale]/layout.tsx
    at <unknown> (https://nextjs.org/docs/messages/module-not-found)
    at getNotFoundError (file:///Users/zhaoqing/Documents/Develop/welean-portal/node_modules/next/dist/build/webpack/plugins/wellknown-errors-plugin/parseNotFoundError.js:134:16)
    at async getModuleBuildError (file:///Users/zhaoqing/Documents/Develop/welean-portal/node_modules/next/dist/build/webpack/plugins/wellknown-errors-plugin/webpackModuleError.js:104:27)
    at async (file:///Users/zhaoqing/Documents/Develop/welean-portal/node_modules/next/dist/build/webpack/plugins/wellknown-errors-plugin/index.js:29:49)
    at async (file:///Users/zhaoqing/Documents/Develop/welean-portal/node_modules/next/dist/build/webpack/plugins/wellknown-errors-plugin/index.js:27:21)
[    3388ms] [LOG] [HMR] connected @ webpack-internal:///./node_modules/next/dist/client/components/react-dev-overlay/pages/websocket.js:41
[    3389ms] [ERROR] ./src/i18n/request.ts:2:1
Module not found: Can't resolve '../../../i18n'
  1 | import { getRequestConfig } from 'next-intl/server';
> 2 | import { locales } from '../../../i18n';
    | ^
  3 |
  4 | export default getRequestConfig(async ({ requestLocale }) => {
  5 |   // This typically corresponds to the `[locale]` segment

https://nextjs.org/docs/messages/module-not-found

Import trace for requested module:
./node_modules/next-intl/dist/esm/development/server/react-server/getConfig.js
./node_modules/next-intl/dist/esm/development/server/react-server/getFormatter.js
./node_modules/next-intl/dist/esm/development/server.react-server.js
./src/app/[locale]/layout.tsx @ webpack-internal:///./node_modules/next/dist/client/components/react-dev-overlay/pages/client.js:84
[    3389ms] [ERROR] ./src/i18n/request.ts:15:22
Module not found: Can't resolve '../../../messages'
  13 |   return {
  14 |     locale,
> 15 |     messages: (await import(`../../../messages/${locale}.json`)).default
     |                      ^
  16 |   };
  17 | });

https://nextjs.org/docs/messages/module-not-found

Import trace for requested module:
./node_modules/next-intl/dist/esm/development/server/react-server/getConfig.js
./node_modules/next-intl/dist/esm/development/server/react-server/getFormatter.js
./node_modules/next-intl/dist/esm/development/server.react-server.js
./src/app/[locale]/layout.tsx @ webpack-internal:///./node_modules/next/dist/client/components/react-dev-overlay/pages/client.js:84
[    3434ms] [ERROR] Failed to load resource: the server responded with a status of 500 (Internal Server Error) @ http://localhost:3000/en:0
[    3533ms] [INFO] %cDownload the React DevTools for a better development experience: https://react.dev/link/react-devtools font-weight:bold @ webpack-internal:///./node_modules/react-dom/cjs/react-dom-client.development.js:28004
[    3536ms] Error: Module not found: Can't resolve '../../../i18n'
  1 | import { getRequestConfig } from 'next-intl/server';
> 2 | import { locales } from '../../../i18n';
    | ^
  3 |
  4 | export default getRequestConfig(async ({ requestLocale }) => {
  5 |   // This typically corresponds to the `[locale]` segment

https://nextjs.org/docs/messages/module-not-found

Import trace for requested module:
./node_modules/next-intl/dist/esm/development/server/react-server/getConfig.js
./node_modules/next-intl/dist/esm/development/server/react-server/getFormatter.js
./node_modules/next-intl/dist/esm/development/server.react-server.js
./src/app/[locale]/layout.tsx
    at <unknown> (https://nextjs.org/docs/messages/module-not-found)
    at getNotFoundError (file:///Users/zhaoqing/Documents/Develop/welean-portal/node_modules/next/dist/build/webpack/plugins/wellknown-errors-plugin/parseNotFoundError.js:134:16)
    at async getModuleBuildError (file:///Users/zhaoqing/Documents/Develop/welean-portal/node_modules/next/dist/build/webpack/plugins/wellknown-errors-plugin/webpackModuleError.js:104:27)
    at async (file:///Users/zhaoqing/Documents/Develop/welean-portal/node_modules/next/dist/build/webpack/plugins/wellknown-errors-plugin/index.js:29:49)
    at async (file:///Users/zhaoqing/Documents/Develop/welean-portal/node_modules/next/dist/build/webpack/plugins/wellknown-errors-plugin/index.js:27:21)
[    3538ms] [LOG] [HMR] connected @ webpack-internal:///./node_modules/next/dist/client/components/react-dev-overlay/pages/websocket.js:41
[    3538ms] [ERROR] ./src/i18n/request.ts:2:1
Module not found: Can't resolve '../../../i18n'
  1 | import { getRequestConfig } from 'next-intl/server';
> 2 | import { locales } from '../../../i18n';
    | ^
  3 |
  4 | export default getRequestConfig(async ({ requestLocale }) => {
  5 |   // This typically corresponds to the `[locale]` segment

https://nextjs.org/docs/messages/module-not-found

Import trace for requested module:
./node_modules/next-intl/dist/esm/development/server/react-server/getConfig.js
./node_modules/next-intl/dist/esm/development/server/react-server/getFormatter.js
./node_modules/next-intl/dist/esm/development/server.react-server.js
./src/app/[locale]/layout.tsx @ webpack-internal:///./node_modules/next/dist/client/components/react-dev-overlay/pages/client.js:84
[    3538ms] [ERROR] ./src/i18n/request.ts:15:22
Module not found: Can't resolve '../../../messages'
  13 |   return {
  14 |     locale,
> 15 |     messages: (await import(`../../../messages/${locale}.json`)).default
     |                      ^
  16 |   };
  17 | });

https://nextjs.org/docs/messages/module-not-found

Import trace for requested module:
./node_modules/next-intl/dist/esm/development/server/react-server/getConfig.js
./node_modules/next-intl/dist/esm/development/server/react-server/getFormatter.js
./node_modules/next-intl/dist/esm/development/server.react-server.js
./src/app/[locale]/layout.tsx @ webpack-internal:///./node_modules/next/dist/client/components/react-dev-overlay/pages/client.js:84
[    3586ms] [ERROR] Failed to load resource: the server responded with a status of 500 (Internal Server Error) @ http://localhost:3000/en:0
[    3684ms] [INFO] %cDownload the React DevTools for a better development experience: https://react.dev/link/react-devtools font-weight:bold @ webpack-internal:///./node_modules/react-dom/cjs/react-dom-client.development.js:28004
[    3688ms] Error: Module not found: Can't resolve '../../../i18n'
  1 | import { getRequestConfig } from 'next-intl/server';
> 2 | import { locales } from '../../../i18n';
    | ^
  3 |
  4 | export default getRequestConfig(async ({ requestLocale }) => {
  5 |   // This typically corresponds to the `[locale]` segment

https://nextjs.org/docs/messages/module-not-found

Import trace for requested module:
./node_modules/next-intl/dist/esm/development/server/react-server/getConfig.js
./node_modules/next-intl/dist/esm/development/server/react-server/getFormatter.js
./node_modules/next-intl/dist/esm/development/server.react-server.js
./src/app/[locale]/layout.tsx
    at <unknown> (https://nextjs.org/docs/messages/module-not-found)
    at getNotFoundError (file:///Users/zhaoqing/Documents/Develop/welean-portal/node_modules/next/dist/build/webpack/plugins/wellknown-errors-plugin/parseNotFoundError.js:134:16)
    at async getModuleBuildError (file:///Users/zhaoqing/Documents/Develop/welean-portal/node_modules/next/dist/build/webpack/plugins/wellknown-errors-plugin/webpackModuleError.js:104:27)
    at async (file:///Users/zhaoqing/Documents/Develop/welean-portal/node_modules/next/dist/build/webpack/plugins/wellknown-errors-plugin/index.js:29:49)
    at async (file:///Users/zhaoqing/Documents/Develop/welean-portal/node_modules/next/dist/build/webpack/plugins/wellknown-errors-plugin/index.js:27:21)
[    3689ms] [LOG] [HMR] connected @ webpack-internal:///./node_modules/next/dist/client/components/react-dev-overlay/pages/websocket.js:41
[    3689ms] [ERROR] ./src/i18n/request.ts:2:1
Module not found: Can't resolve '../../../i18n'
  1 | import { getRequestConfig } from 'next-intl/server';
> 2 | import { locales } from '../../../i18n';
    | ^
  3 |
  4 | export default getRequestConfig(async ({ requestLocale }) => {
  5 |   // This typically corresponds to the `[locale]` segment

https://nextjs.org/docs/messages/module-not-found

Import trace for requested module:
./node_modules/next-intl/dist/esm/development/server/react-server/getConfig.js
./node_modules/next-intl/dist/esm/development/server/react-server/getFormatter.js
./node_modules/next-intl/dist/esm/development/server.react-server.js
./src/app/[locale]/layout.tsx @ webpack-internal:///./node_modules/next/dist/client/components/react-dev-overlay/pages/client.js:84
[    3689ms] [ERROR] ./src/i18n/request.ts:15:22
Module not found: Can't resolve '../../../messages'
  13 |   return {
  14 |     locale,
> 15 |     messages: (await import(`../../../messages/${locale}.json`)).default
     |                      ^
  16 |   };
  17 | });

https://nextjs.org/docs/messages/module-not-found

Import trace for requested module:
./node_modules/next-intl/dist/esm/development/server/react-server/getConfig.js
./node_modules/next-intl/dist/esm/development/server/react-server/getFormatter.js
./node_modules/next-intl/dist/esm/development/server.react-server.js
./src/app/[locale]/layout.tsx @ webpack-internal:///./node_modules/next/dist/client/components/react-dev-overlay/pages/client.js:84
[    3735ms] [ERROR] Failed to load resource: the server responded with a status of 500 (Internal Server Error) @ http://localhost:3000/en:0
[    3931ms] [INFO] %cDownload the React DevTools for a better development experience: https://react.dev/link/react-devtools font-weight:bold @ webpack-internal:///./node_modules/react-dom/cjs/react-dom-client.development.js:28004
[    3934ms] Error: Module not found: Can't resolve '../../../i18n'
  1 | import { getRequestConfig } from 'next-intl/server';
> 2 | import { locales } from '../../../i18n';
    | ^
  3 |
  4 | export default getRequestConfig(async ({ requestLocale }) => {
  5 |   // This typically corresponds to the `[locale]` segment

https://nextjs.org/docs/messages/module-not-found

Import trace for requested module:
./node_modules/next-intl/dist/esm/development/server/react-server/getConfig.js
./node_modules/next-intl/dist/esm/development/server/react-server/getFormatter.js
./node_modules/next-intl/dist/esm/development/server.react-server.js
./src/app/[locale]/layout.tsx
    at <unknown> (https://nextjs.org/docs/messages/module-not-found)
    at getNotFoundError (file:///Users/zhaoqing/Documents/Develop/welean-portal/node_modules/next/dist/build/webpack/plugins/wellknown-errors-plugin/parseNotFoundError.js:134:16)
    at async getModuleBuildError (file:///Users/zhaoqing/Documents/Develop/welean-portal/node_modules/next/dist/build/webpack/plugins/wellknown-errors-plugin/webpackModuleError.js:104:27)
    at async (file:///Users/zhaoqing/Documents/Develop/welean-portal/node_modules/next/dist/build/webpack/plugins/wellknown-errors-plugin/index.js:29:49)
    at async (file:///Users/zhaoqing/Documents/Develop/welean-portal/node_modules/next/dist/build/webpack/plugins/wellknown-errors-plugin/index.js:27:21)
[    3935ms] [LOG] [HMR] connected @ webpack-internal:///./node_modules/next/dist/client/components/react-dev-overlay/pages/websocket.js:41
[    3936ms] [ERROR] ./src/i18n/request.ts:2:1
Module not found: Can't resolve '../../../i18n'
  1 | import { getRequestConfig } from 'next-intl/server';
> 2 | import { locales } from '../../../i18n';
    | ^
  3 |
  4 | export default getRequestConfig(async ({ requestLocale }) => {
  5 |   // This typically corresponds to the `[locale]` segment

https://nextjs.org/docs/messages/module-not-found

Import trace for requested module:
./node_modules/next-intl/dist/esm/development/server/react-server/getConfig.js
./node_modules/next-intl/dist/esm/development/server/react-server/getFormatter.js
./node_modules/next-intl/dist/esm/development/server.react-server.js
./src/app/[locale]/layout.tsx @ webpack-internal:///./node_modules/next/dist/client/components/react-dev-overlay/pages/client.js:84
[    3936ms] [ERROR] ./src/i18n/request.ts:15:22
Module not found: Can't resolve '../../../messages'
  13 |   return {
  14 |     locale,
> 15 |     messages: (await import(`../../../messages/${locale}.json`)).default
     |                      ^
  16 |   };
  17 | });

https://nextjs.org/docs/messages/module-not-found

Import trace for requested module:
./node_modules/next-intl/dist/esm/development/server/react-server/getConfig.js
./node_modules/next-intl/dist/esm/development/server/react-server/getFormatter.js
./node_modules/next-intl/dist/esm/development/server.react-server.js
./src/app/[locale]/layout.tsx @ webpack-internal:///./node_modules/next/dist/client/components/react-dev-overlay/pages/client.js:84
[    4014ms] [ERROR] Failed to load resource: the server responded with a status of 500 (Internal Server Error) @ http://localhost:3000/en:0
[    4118ms] [INFO] %cDownload the React DevTools for a better development experience: https://react.dev/link/react-devtools font-weight:bold @ webpack-internal:///./node_modules/react-dom/cjs/react-dom-client.development.js:28004
[    4122ms] Error: Module not found: Can't resolve '../../../i18n'
  1 | import { getRequestConfig } from 'next-intl/server';
> 2 | import { locales } from '../../../i18n';
    | ^
  3 |
  4 | export default getRequestConfig(async ({ requestLocale }) => {
  5 |   // This typically corresponds to the `[locale]` segment

https://nextjs.org/docs/messages/module-not-found

Import trace for requested module:
./node_modules/next-intl/dist/esm/development/server/react-server/getConfig.js
./node_modules/next-intl/dist/esm/development/server/react-server/getFormatter.js
./node_modules/next-intl/dist/esm/development/server.react-server.js
./src/app/[locale]/layout.tsx
    at <unknown> (https://nextjs.org/docs/messages/module-not-found)
    at getNotFoundError (file:///Users/zhaoqing/Documents/Develop/welean-portal/node_modules/next/dist/build/webpack/plugins/wellknown-errors-plugin/parseNotFoundError.js:134:16)
    at async getModuleBuildError (file:///Users/zhaoqing/Documents/Develop/welean-portal/node_modules/next/dist/build/webpack/plugins/wellknown-errors-plugin/webpackModuleError.js:104:27)
    at async (file:///Users/zhaoqing/Documents/Develop/welean-portal/node_modules/next/dist/build/webpack/plugins/wellknown-errors-plugin/index.js:29:49)
    at async (file:///Users/zhaoqing/Documents/Develop/welean-portal/node_modules/next/dist/build/webpack/plugins/wellknown-errors-plugin/index.js:27:21)
[    4122ms] [LOG] [HMR] connected @ webpack-internal:///./node_modules/next/dist/client/components/react-dev-overlay/pages/websocket.js:41
[    4123ms] [ERROR] ./src/i18n/request.ts:2:1
Module not found: Can't resolve '../../../i18n'
  1 | import { getRequestConfig } from 'next-intl/server';
> 2 | import { locales } from '../../../i18n';
    | ^
  3 |
  4 | export default getRequestConfig(async ({ requestLocale }) => {
  5 |   // This typically corresponds to the `[locale]` segment

https://nextjs.org/docs/messages/module-not-found

Import trace for requested module:
./node_modules/next-intl/dist/esm/development/server/react-server/getConfig.js
./node_modules/next-intl/dist/esm/development/server/react-server/getFormatter.js
./node_modules/next-intl/dist/esm/development/server.react-server.js
./src/app/[locale]/layout.tsx @ webpack-internal:///./node_modules/next/dist/client/components/react-dev-overlay/pages/client.js:84
[    4123ms] [ERROR] ./src/i18n/request.ts:15:22
Module not found: Can't resolve '../../../messages'
  13 |   return {
  14 |     locale,
> 15 |     messages: (await import(`../../../messages/${locale}.json`)).default
     |                      ^
  16 |   };
  17 | });

https://nextjs.org/docs/messages/module-not-found

Import trace for requested module:
./node_modules/next-intl/dist/esm/development/server/react-server/getConfig.js
./node_modules/next-intl/dist/esm/development/server/react-server/getFormatter.js
./node_modules/next-intl/dist/esm/development/server.react-server.js
./src/app/[locale]/layout.tsx @ webpack-internal:///./node_modules/next/dist/client/components/react-dev-overlay/pages/client.js:84
[    4163ms] [ERROR] Failed to load resource: the server responded with a status of 500 (Internal Server Error) @ http://localhost:3000/en:0
[    4272ms] [INFO] %cDownload the React DevTools for a better development experience: https://react.dev/link/react-devtools font-weight:bold @ webpack-internal:///./node_modules/react-dom/cjs/react-dom-client.development.js:28004
[    4277ms] Error: Module not found: Can't resolve '../../../i18n'
  1 | import { getRequestConfig } from 'next-intl/server';
> 2 | import { locales } from '../../../i18n';
    | ^
  3 |
  4 | export default getRequestConfig(async ({ requestLocale }) => {
  5 |   // This typically corresponds to the `[locale]` segment

https://nextjs.org/docs/messages/module-not-found

Import trace for requested module:
./node_modules/next-intl/dist/esm/development/server/react-server/getConfig.js
./node_modules/next-intl/dist/esm/development/server/react-server/getFormatter.js
./node_modules/next-intl/dist/esm/development/server.react-server.js
./src/app/[locale]/layout.tsx
    at <unknown> (https://nextjs.org/docs/messages/module-not-found)
    at getNotFoundError (file:///Users/zhaoqing/Documents/Develop/welean-portal/node_modules/next/dist/build/webpack/plugins/wellknown-errors-plugin/parseNotFoundError.js:134:16)
    at async getModuleBuildError (file:///Users/zhaoqing/Documents/Develop/welean-portal/node_modules/next/dist/build/webpack/plugins/wellknown-errors-plugin/webpackModuleError.js:104:27)
    at async (file:///Users/zhaoqing/Documents/Develop/welean-portal/node_modules/next/dist/build/webpack/plugins/wellknown-errors-plugin/index.js:29:49)
    at async (file:///Users/zhaoqing/Documents/Develop/welean-portal/node_modules/next/dist/build/webpack/plugins/wellknown-errors-plugin/index.js:27:21)
[    4278ms] [LOG] [HMR] connected @ webpack-internal:///./node_modules/next/dist/client/components/react-dev-overlay/pages/websocket.js:41
[    4280ms] [ERROR] ./src/i18n/request.ts:2:1
Module not found: Can't resolve '../../../i18n'
  1 | import { getRequestConfig } from 'next-intl/server';
> 2 | import { locales } from '../../../i18n';
    | ^
  3 |
  4 | export default getRequestConfig(async ({ requestLocale }) => {
  5 |   // This typically corresponds to the `[locale]` segment

https://nextjs.org/docs/messages/module-not-found

Import trace for requested module:
./node_modules/next-intl/dist/esm/development/server/react-server/getConfig.js
./node_modules/next-intl/dist/esm/development/server/react-server/getFormatter.js
./node_modules/next-intl/dist/esm/development/server.react-server.js
./src/app/[locale]/layout.tsx @ webpack-internal:///./node_modules/next/dist/client/components/react-dev-overlay/pages/client.js:84
[    4280ms] [ERROR] ./src/i18n/request.ts:15:22
Module not found: Can't resolve '../../../messages'
  13 |   return {
  14 |     locale,
> 15 |     messages: (await import(`../../../messages/${locale}.json`)).default
     |                      ^
  16 |   };
  17 | });

https://nextjs.org/docs/messages/module-not-found

Import trace for requested module:
./node_modules/next-intl/dist/esm/development/server/react-server/getConfig.js
./node_modules/next-intl/dist/esm/development/server/react-server/getFormatter.js
./node_modules/next-intl/dist/esm/development/server.react-server.js
./src/app/[locale]/layout.tsx @ webpack-internal:///./node_modules/next/dist/client/components/react-dev-overlay/pages/client.js:84
[    4321ms] [ERROR] Failed to load resource: the server responded with a status of 500 (Internal Server Error) @ http://localhost:3000/en:0
[    4425ms] [INFO] %cDownload the React DevTools for a better development experience: https://react.dev/link/react-devtools font-weight:bold @ webpack-internal:///./node_modules/react-dom/cjs/react-dom-client.development.js:28004
[    4429ms] Error: Module not found: Can't resolve '../../../i18n'
  1 | import { getRequestConfig } from 'next-intl/server';
> 2 | import { locales } from '../../../i18n';
    | ^
  3 |
  4 | export default getRequestConfig(async ({ requestLocale }) => {
  5 |   // This typically corresponds to the `[locale]` segment

https://nextjs.org/docs/messages/module-not-found

Import trace for requested module:
./node_modules/next-intl/dist/esm/development/server/react-server/getConfig.js
./node_modules/next-intl/dist/esm/development/server/react-server/getFormatter.js
./node_modules/next-intl/dist/esm/development/server.react-server.js
./src/app/[locale]/layout.tsx
    at <unknown> (https://nextjs.org/docs/messages/module-not-found)
    at getNotFoundError (file:///Users/zhaoqing/Documents/Develop/welean-portal/node_modules/next/dist/build/webpack/plugins/wellknown-errors-plugin/parseNotFoundError.js:134:16)
    at async getModuleBuildError (file:///Users/zhaoqing/Documents/Develop/welean-portal/node_modules/next/dist/build/webpack/plugins/wellknown-errors-plugin/webpackModuleError.js:104:27)
    at async (file:///Users/zhaoqing/Documents/Develop/welean-portal/node_modules/next/dist/build/webpack/plugins/wellknown-errors-plugin/index.js:29:49)
    at async (file:///Users/zhaoqing/Documents/Develop/welean-portal/node_modules/next/dist/build/webpack/plugins/wellknown-errors-plugin/index.js:27:21)
[    4430ms] [LOG] [HMR] connected @ webpack-internal:///./node_modules/next/dist/client/components/react-dev-overlay/pages/websocket.js:41
[    4431ms] [ERROR] ./src/i18n/request.ts:2:1
Module not found: Can't resolve '../../../i18n'
  1 | import { getRequestConfig } from 'next-intl/server';
> 2 | import { locales } from '../../../i18n';
    | ^
  3 |
  4 | export default getRequestConfig(async ({ requestLocale }) => {
  5 |   // This typically corresponds to the `[locale]` segment

https://nextjs.org/docs/messages/module-not-found

Import trace for requested module:
./node_modules/next-intl/dist/esm/development/server/react-server/getConfig.js
./node_modules/next-intl/dist/esm/development/server/react-server/getFormatter.js
./node_modules/next-intl/dist/esm/development/server.react-server.js
./src/app/[locale]/layout.tsx @ webpack-internal:///./node_modules/next/dist/client/components/react-dev-overlay/pages/client.js:84
[    4431ms] [ERROR] ./src/i18n/request.ts:15:22
Module not found: Can't resolve '../../../messages'
  13 |   return {
  14 |     locale,
> 15 |     messages: (await import(`../../../messages/${locale}.json`)).default
     |                      ^
  16 |   };
  17 | });

https://nextjs.org/docs/messages/module-not-found

Import trace for requested module:
./node_modules/next-intl/dist/esm/development/server/react-server/getConfig.js
./node_modules/next-intl/dist/esm/development/server/react-server/getFormatter.js
./node_modules/next-intl/dist/esm/development/server.react-server.js
./src/app/[locale]/layout.tsx @ webpack-internal:///./node_modules/next/dist/client/components/react-dev-overlay/pages/client.js:84
[    4471ms] [ERROR] Failed to load resource: the server responded with a status of 500 (Internal Server Error) @ http://localhost:3000/en:0
[    4573ms] [INFO] %cDownload the React DevTools for a better development experience: https://react.dev/link/react-devtools font-weight:bold @ webpack-internal:///./node_modules/react-dom/cjs/react-dom-client.development.js:28004
[    4577ms] Error: Module not found: Can't resolve '../../../i18n'
  1 | import { getRequestConfig } from 'next-intl/server';
> 2 | import { locales } from '../../../i18n';
    | ^
  3 |
  4 | export default getRequestConfig(async ({ requestLocale }) => {
  5 |   // This typically corresponds to the `[locale]` segment

https://nextjs.org/docs/messages/module-not-found

Import trace for requested module:
./node_modules/next-intl/dist/esm/development/server/react-server/getConfig.js
./node_modules/next-intl/dist/esm/development/server/react-server/getFormatter.js
./node_modules/next-intl/dist/esm/development/server.react-server.js
./src/app/[locale]/layout.tsx
    at <unknown> (https://nextjs.org/docs/messages/module-not-found)
    at getNotFoundError (file:///Users/zhaoqing/Documents/Develop/welean-portal/node_modules/next/dist/build/webpack/plugins/wellknown-errors-plugin/parseNotFoundError.js:134:16)
    at async getModuleBuildError (file:///Users/zhaoqing/Documents/Develop/welean-portal/node_modules/next/dist/build/webpack/plugins/wellknown-errors-plugin/webpackModuleError.js:104:27)
    at async (file:///Users/zhaoqing/Documents/Develop/welean-portal/node_modules/next/dist/build/webpack/plugins/wellknown-errors-plugin/index.js:29:49)
    at async (file:///Users/zhaoqing/Documents/Develop/welean-portal/node_modules/next/dist/build/webpack/plugins/wellknown-errors-plugin/index.js:27:21)
[    4577ms] [LOG] [HMR] connected @ webpack-internal:///./node_modules/next/dist/client/components/react-dev-overlay/pages/websocket.js:41
[    4578ms] [ERROR] ./src/i18n/request.ts:2:1
Module not found: Can't resolve '../../../i18n'
  1 | import { getRequestConfig } from 'next-intl/server';
> 2 | import { locales } from '../../../i18n';
    | ^
  3 |
  4 | export default getRequestConfig(async ({ requestLocale }) => {
  5 |   // This typically corresponds to the `[locale]` segment

https://nextjs.org/docs/messages/module-not-found

Import trace for requested module:
./node_modules/next-intl/dist/esm/development/server/react-server/getConfig.js
./node_modules/next-intl/dist/esm/development/server/react-server/getFormatter.js
./node_modules/next-intl/dist/esm/development/server.react-server.js
./src/app/[locale]/layout.tsx @ webpack-internal:///./node_modules/next/dist/client/components/react-dev-overlay/pages/client.js:84
[    4578ms] [ERROR] ./src/i18n/request.ts:15:22
Module not found: Can't resolve '../../../messages'
  13 |   return {
  14 |     locale,
> 15 |     messages: (await import(`../../../messages/${locale}.json`)).default
     |                      ^
  16 |   };
  17 | });

https://nextjs.org/docs/messages/module-not-found

Import trace for requested module:
./node_modules/next-intl/dist/esm/development/server/react-server/getConfig.js
./node_modules/next-intl/dist/esm/development/server/react-server/getFormatter.js
./node_modules/next-intl/dist/esm/development/server.react-server.js
./src/app/[locale]/layout.tsx @ webpack-internal:///./node_modules/next/dist/client/components/react-dev-overlay/pages/client.js:84
[    4622ms] [ERROR] Failed to load resource: the server responded with a status of 500 (Internal Server Error) @ http://localhost:3000/en:0
[    4722ms] [INFO] %cDownload the React DevTools for a better development experience: https://react.dev/link/react-devtools font-weight:bold @ webpack-internal:///./node_modules/react-dom/cjs/react-dom-client.development.js:28004
[    4726ms] Error: Module not found: Can't resolve '../../../i18n'
  1 | import { getRequestConfig } from 'next-intl/server';
> 2 | import { locales } from '../../../i18n';
    | ^
  3 |
  4 | export default getRequestConfig(async ({ requestLocale }) => {
  5 |   // This typically corresponds to the `[locale]` segment

https://nextjs.org/docs/messages/module-not-found

Import trace for requested module:
./node_modules/next-intl/dist/esm/development/server/react-server/getConfig.js
./node_modules/next-intl/dist/esm/development/server/react-server/getFormatter.js
./node_modules/next-intl/dist/esm/development/server.react-server.js
./src/app/[locale]/layout.tsx
    at <unknown> (https://nextjs.org/docs/messages/module-not-found)
    at getNotFoundError (file:///Users/zhaoqing/Documents/Develop/welean-portal/node_modules/next/dist/build/webpack/plugins/wellknown-errors-plugin/parseNotFoundError.js:134:16)
    at async getModuleBuildError (file:///Users/zhaoqing/Documents/Develop/welean-portal/node_modules/next/dist/build/webpack/plugins/wellknown-errors-plugin/webpackModuleError.js:104:27)
    at async (file:///Users/zhaoqing/Documents/Develop/welean-portal/node_modules/next/dist/build/webpack/plugins/wellknown-errors-plugin/index.js:29:49)
    at async (file:///Users/zhaoqing/Documents/Develop/welean-portal/node_modules/next/dist/build/webpack/plugins/wellknown-errors-plugin/index.js:27:21)
[    4727ms] [LOG] [HMR] connected @ webpack-internal:///./node_modules/next/dist/client/components/react-dev-overlay/pages/websocket.js:41
[    4728ms] [ERROR] ./src/i18n/request.ts:2:1
Module not found: Can't resolve '../../../i18n'
  1 | import { getRequestConfig } from 'next-intl/server';
> 2 | import { locales } from '../../../i18n';
    | ^
  3 |
  4 | export default getRequestConfig(async ({ requestLocale }) => {
  5 |   // This typically corresponds to the `[locale]` segment

https://nextjs.org/docs/messages/module-not-found

Import trace for requested module:
./node_modules/next-intl/dist/esm/development/server/react-server/getConfig.js
./node_modules/next-intl/dist/esm/development/server/react-server/getFormatter.js
./node_modules/next-intl/dist/esm/development/server.react-server.js
./src/app/[locale]/layout.tsx @ webpack-internal:///./node_modules/next/dist/client/components/react-dev-overlay/pages/client.js:84
[    4728ms] [ERROR] ./src/i18n/request.ts:15:22
Module not found: Can't resolve '../../../messages'
  13 |   return {
  14 |     locale,
> 15 |     messages: (await import(`../../../messages/${locale}.json`)).default
     |                      ^
  16 |   };
  17 | });

https://nextjs.org/docs/messages/module-not-found

Import trace for requested module:
./node_modules/next-intl/dist/esm/development/server/react-server/getConfig.js
./node_modules/next-intl/dist/esm/development/server/react-server/getFormatter.js
./node_modules/next-intl/dist/esm/development/server.react-server.js
./src/app/[locale]/layout.tsx @ webpack-internal:///./node_modules/next/dist/client/components/react-dev-overlay/pages/client.js:84
[    4774ms] [ERROR] Failed to load resource: the server responded with a status of 500 (Internal Server Error) @ http://localhost:3000/en:0
[    4875ms] [INFO] %cDownload the React DevTools for a better development experience: https://react.dev/link/react-devtools font-weight:bold @ webpack-internal:///./node_modules/react-dom/cjs/react-dom-client.development.js:28004
[    4878ms] Error: Module not found: Can't resolve '../../../i18n'
  1 | import { getRequestConfig } from 'next-intl/server';
> 2 | import { locales } from '../../../i18n';
    | ^
  3 |
  4 | export default getRequestConfig(async ({ requestLocale }) => {
  5 |   // This typically corresponds to the `[locale]` segment

https://nextjs.org/docs/messages/module-not-found

Import trace for requested module:
./node_modules/next-intl/dist/esm/development/server/react-server/getConfig.js
./node_modules/next-intl/dist/esm/development/server/react-server/getFormatter.js
./node_modules/next-intl/dist/esm/development/server.react-server.js
./src/app/[locale]/layout.tsx
    at <unknown> (https://nextjs.org/docs/messages/module-not-found)
    at getNotFoundError (file:///Users/zhaoqing/Documents/Develop/welean-portal/node_modules/next/dist/build/webpack/plugins/wellknown-errors-plugin/parseNotFoundError.js:134:16)
    at async getModuleBuildError (file:///Users/zhaoqing/Documents/Develop/welean-portal/node_modules/next/dist/build/webpack/plugins/wellknown-errors-plugin/webpackModuleError.js:104:27)
    at async (file:///Users/zhaoqing/Documents/Develop/welean-portal/node_modules/next/dist/build/webpack/plugins/wellknown-errors-plugin/index.js:29:49)
    at async (file:///Users/zhaoqing/Documents/Develop/welean-portal/node_modules/next/dist/build/webpack/plugins/wellknown-errors-plugin/index.js:27:21)
[    4879ms] [LOG] [HMR] connected @ webpack-internal:///./node_modules/next/dist/client/components/react-dev-overlay/pages/websocket.js:41
[    4879ms] [ERROR] ./src/i18n/request.ts:2:1
Module not found: Can't resolve '../../../i18n'
  1 | import { getRequestConfig } from 'next-intl/server';
> 2 | import { locales } from '../../../i18n';
    | ^
  3 |
  4 | export default getRequestConfig(async ({ requestLocale }) => {
  5 |   // This typically corresponds to the `[locale]` segment

https://nextjs.org/docs/messages/module-not-found

Import trace for requested module:
./node_modules/next-intl/dist/esm/development/server/react-server/getConfig.js
./node_modules/next-intl/dist/esm/development/server/react-server/getFormatter.js
./node_modules/next-intl/dist/esm/development/server.react-server.js
./src/app/[locale]/layout.tsx @ webpack-internal:///./node_modules/next/dist/client/components/react-dev-overlay/pages/client.js:84
[    4879ms] [ERROR] ./src/i18n/request.ts:15:22
Module not found: Can't resolve '../../../messages'
  13 |   return {
  14 |     locale,
> 15 |     messages: (await import(`../../../messages/${locale}.json`)).default
     |                      ^
  16 |   };
  17 | });

https://nextjs.org/docs/messages/module-not-found

Import trace for requested module:
./node_modules/next-intl/dist/esm/development/server/react-server/getConfig.js
./node_modules/next-intl/dist/esm/development/server/react-server/getFormatter.js
./node_modules/next-intl/dist/esm/development/server.react-server.js
./src/app/[locale]/layout.tsx @ webpack-internal:///./node_modules/next/dist/client/components/react-dev-overlay/pages/client.js:84
[    4925ms] [ERROR] Failed to load resource: the server responded with a status of 500 (Internal Server Error) @ http://localhost:3000/en:0
[    5028ms] [INFO] %cDownload the React DevTools for a better development experience: https://react.dev/link/react-devtools font-weight:bold @ webpack-internal:///./node_modules/react-dom/cjs/react-dom-client.development.js:28004
[    5031ms] Error: Module not found: Can't resolve '../../../i18n'
  1 | import { getRequestConfig } from 'next-intl/server';
> 2 | import { locales } from '../../../i18n';
    | ^
  3 |
  4 | export default getRequestConfig(async ({ requestLocale }) => {
  5 |   // This typically corresponds to the `[locale]` segment

https://nextjs.org/docs/messages/module-not-found

Import trace for requested module:
./node_modules/next-intl/dist/esm/development/server/react-server/getConfig.js
./node_modules/next-intl/dist/esm/development/server/react-server/getFormatter.js
./node_modules/next-intl/dist/esm/development/server.react-server.js
./src/app/[locale]/layout.tsx
    at <unknown> (https://nextjs.org/docs/messages/module-not-found)
    at getNotFoundError (file:///Users/zhaoqing/Documents/Develop/welean-portal/node_modules/next/dist/build/webpack/plugins/wellknown-errors-plugin/parseNotFoundError.js:134:16)
    at async getModuleBuildError (file:///Users/zhaoqing/Documents/Develop/welean-portal/node_modules/next/dist/build/webpack/plugins/wellknown-errors-plugin/webpackModuleError.js:104:27)
    at async (file:///Users/zhaoqing/Documents/Develop/welean-portal/node_modules/next/dist/build/webpack/plugins/wellknown-errors-plugin/index.js:29:49)
    at async (file:///Users/zhaoqing/Documents/Develop/welean-portal/node_modules/next/dist/build/webpack/plugins/wellknown-errors-plugin/index.js:27:21)
[    5031ms] [LOG] [HMR] connected @ webpack-internal:///./node_modules/next/dist/client/components/react-dev-overlay/pages/websocket.js:41
[    5032ms] [ERROR] ./src/i18n/request.ts:2:1
Module not found: Can't resolve '../../../i18n'
  1 | import { getRequestConfig } from 'next-intl/server';
> 2 | import { locales } from '../../../i18n';
    | ^
  3 |
  4 | export default getRequestConfig(async ({ requestLocale }) => {
  5 |   // This typically corresponds to the `[locale]` segment

https://nextjs.org/docs/messages/module-not-found

Import trace for requested module:
./node_modules/next-intl/dist/esm/development/server/react-server/getConfig.js
./node_modules/next-intl/dist/esm/development/server/react-server/getFormatter.js
./node_modules/next-intl/dist/esm/development/server.react-server.js
./src/app/[locale]/layout.tsx @ webpack-internal:///./node_modules/next/dist/client/components/react-dev-overlay/pages/client.js:84
[    5032ms] [ERROR] ./src/i18n/request.ts:15:22
Module not found: Can't resolve '../../../messages'
  13 |   return {
  14 |     locale,
> 15 |     messages: (await import(`../../../messages/${locale}.json`)).default
     |                      ^
  16 |   };
  17 | });

https://nextjs.org/docs/messages/module-not-found

Import trace for requested module:
./node_modules/next-intl/dist/esm/development/server/react-server/getConfig.js
./node_modules/next-intl/dist/esm/development/server/react-server/getFormatter.js
./node_modules/next-intl/dist/esm/development/server.react-server.js
./src/app/[locale]/layout.tsx @ webpack-internal:///./node_modules/next/dist/client/components/react-dev-overlay/pages/client.js:84
[    5076ms] [ERROR] Failed to load resource: the server responded with a status of 500 (Internal Server Error) @ http://localhost:3000/en:0
[    5178ms] [INFO] %cDownload the React DevTools for a better development experience: https://react.dev/link/react-devtools font-weight:bold @ webpack-internal:///./node_modules/react-dom/cjs/react-dom-client.development.js:28004
[    5181ms] Error: Module not found: Can't resolve '../../../i18n'
  1 | import { getRequestConfig } from 'next-intl/server';
> 2 | import { locales } from '../../../i18n';
    | ^
  3 |
  4 | export default getRequestConfig(async ({ requestLocale }) => {
  5 |   // This typically corresponds to the `[locale]` segment

https://nextjs.org/docs/messages/module-not-found

Import trace for requested module:
./node_modules/next-intl/dist/esm/development/server/react-server/getConfig.js
./node_modules/next-intl/dist/esm/development/server/react-server/getFormatter.js
./node_modules/next-intl/dist/esm/development/server.react-server.js
./src/app/[locale]/layout.tsx
    at <unknown> (https://nextjs.org/docs/messages/module-not-found)
    at getNotFoundError (file:///Users/zhaoqing/Documents/Develop/welean-portal/node_modules/next/dist/build/webpack/plugins/wellknown-errors-plugin/parseNotFoundError.js:134:16)
    at async getModuleBuildError (file:///Users/zhaoqing/Documents/Develop/welean-portal/node_modules/next/dist/build/webpack/plugins/wellknown-errors-plugin/webpackModuleError.js:104:27)
    at async (file:///Users/zhaoqing/Documents/Develop/welean-portal/node_modules/next/dist/build/webpack/plugins/wellknown-errors-plugin/index.js:29:49)
    at async (file:///Users/zhaoqing/Documents/Develop/welean-portal/node_modules/next/dist/build/webpack/plugins/wellknown-errors-plugin/index.js:27:21)
[    5182ms] [LOG] [HMR] connected @ webpack-internal:///./node_modules/next/dist/client/components/react-dev-overlay/pages/websocket.js:41
[    5182ms] [ERROR] ./src/i18n/request.ts:2:1
Module not found: Can't resolve '../../../i18n'
  1 | import { getRequestConfig } from 'next-intl/server';
> 2 | import { locales } from '../../../i18n';
    | ^
  3 |
  4 | export default getRequestConfig(async ({ requestLocale }) => {
  5 |   // This typically corresponds to the `[locale]` segment

https://nextjs.org/docs/messages/module-not-found

Import trace for requested module:
./node_modules/next-intl/dist/esm/development/server/react-server/getConfig.js
./node_modules/next-intl/dist/esm/development/server/react-server/getFormatter.js
./node_modules/next-intl/dist/esm/development/server.react-server.js
./src/app/[locale]/layout.tsx @ webpack-internal:///./node_modules/next/dist/client/components/react-dev-overlay/pages/client.js:84
[    5182ms] [ERROR] ./src/i18n/request.ts:15:22
Module not found: Can't resolve '../../../messages'
  13 |   return {
  14 |     locale,
> 15 |     messages: (await import(`../../../messages/${locale}.json`)).default
     |                      ^
  16 |   };
  17 | });

https://nextjs.org/docs/messages/module-not-found

Import trace for requested module:
./node_modules/next-intl/dist/esm/development/server/react-server/getConfig.js
./node_modules/next-intl/dist/esm/development/server/react-server/getFormatter.js
./node_modules/next-intl/dist/esm/development/server.react-server.js
./src/app/[locale]/layout.tsx @ webpack-internal:///./node_modules/next/dist/client/components/react-dev-overlay/pages/client.js:84
[    5230ms] [ERROR] Failed to load resource: the server responded with a status of 500 (Internal Server Error) @ http://localhost:3000/en:0
[    5330ms] [INFO] %cDownload the React DevTools for a better development experience: https://react.dev/link/react-devtools font-weight:bold @ webpack-internal:///./node_modules/react-dom/cjs/react-dom-client.development.js:28004
[    5333ms] Error: Module not found: Can't resolve '../../../i18n'
  1 | import { getRequestConfig } from 'next-intl/server';
> 2 | import { locales } from '../../../i18n';
    | ^
  3 |
  4 | export default getRequestConfig(async ({ requestLocale }) => {
  5 |   // This typically corresponds to the `[locale]` segment

https://nextjs.org/docs/messages/module-not-found

Import trace for requested module:
./node_modules/next-intl/dist/esm/development/server/react-server/getConfig.js
./node_modules/next-intl/dist/esm/development/server/react-server/getFormatter.js
./node_modules/next-intl/dist/esm/development/server.react-server.js
./src/app/[locale]/layout.tsx
    at <unknown> (https://nextjs.org/docs/messages/module-not-found)
    at getNotFoundError (file:///Users/zhaoqing/Documents/Develop/welean-portal/node_modules/next/dist/build/webpack/plugins/wellknown-errors-plugin/parseNotFoundError.js:134:16)
    at async getModuleBuildError (file:///Users/zhaoqing/Documents/Develop/welean-portal/node_modules/next/dist/build/webpack/plugins/wellknown-errors-plugin/webpackModuleError.js:104:27)
    at async (file:///Users/zhaoqing/Documents/Develop/welean-portal/node_modules/next/dist/build/webpack/plugins/wellknown-errors-plugin/index.js:29:49)
    at async (file:///Users/zhaoqing/Documents/Develop/welean-portal/node_modules/next/dist/build/webpack/plugins/wellknown-errors-plugin/index.js:27:21)
[    5334ms] [LOG] [HMR] connected @ webpack-internal:///./node_modules/next/dist/client/components/react-dev-overlay/pages/websocket.js:41
[    5335ms] [ERROR] ./src/i18n/request.ts:2:1
Module not found: Can't resolve '../../../i18n'
  1 | import { getRequestConfig } from 'next-intl/server';
> 2 | import { locales } from '../../../i18n';
    | ^
  3 |
  4 | export default getRequestConfig(async ({ requestLocale }) => {
  5 |   // This typically corresponds to the `[locale]` segment

https://nextjs.org/docs/messages/module-not-found

Import trace for requested module:
./node_modules/next-intl/dist/esm/development/server/react-server/getConfig.js
./node_modules/next-intl/dist/esm/development/server/react-server/getFormatter.js
./node_modules/next-intl/dist/esm/development/server.react-server.js
./src/app/[locale]/layout.tsx @ webpack-internal:///./node_modules/next/dist/client/components/react-dev-overlay/pages/client.js:84
[    5335ms] [ERROR] ./src/i18n/request.ts:15:22
Module not found: Can't resolve '../../../messages'
  13 |   return {
  14 |     locale,
> 15 |     messages: (await import(`../../../messages/${locale}.json`)).default
     |                      ^
  16 |   };
  17 | });

https://nextjs.org/docs/messages/module-not-found

Import trace for requested module:
./node_modules/next-intl/dist/esm/development/server/react-server/getConfig.js
./node_modules/next-intl/dist/esm/development/server/react-server/getFormatter.js
./node_modules/next-intl/dist/esm/development/server.react-server.js
./src/app/[locale]/layout.tsx @ webpack-internal:///./node_modules/next/dist/client/components/react-dev-overlay/pages/client.js:84
[    5381ms] [ERROR] Failed to load resource: the server responded with a status of 500 (Internal Server Error) @ http://localhost:3000/en:0
[    5483ms] [INFO] %cDownload the React DevTools for a better development experience: https://react.dev/link/react-devtools font-weight:bold @ webpack-internal:///./node_modules/react-dom/cjs/react-dom-client.development.js:28004
[    5486ms] Error: Module not found: Can't resolve '../../../i18n'
  1 | import { getRequestConfig } from 'next-intl/server';
> 2 | import { locales } from '../../../i18n';
    | ^
  3 |
  4 | export default getRequestConfig(async ({ requestLocale }) => {
  5 |   // This typically corresponds to the `[locale]` segment

https://nextjs.org/docs/messages/module-not-found

Import trace for requested module:
./node_modules/next-intl/dist/esm/development/server/react-server/getConfig.js
./node_modules/next-intl/dist/esm/development/server/react-server/getFormatter.js
./node_modules/next-intl/dist/esm/development/server.react-server.js
./src/app/[locale]/layout.tsx
    at <unknown> (https://nextjs.org/docs/messages/module-not-found)
    at getNotFoundError (file:///Users/zhaoqing/Documents/Develop/welean-portal/node_modules/next/dist/build/webpack/plugins/wellknown-errors-plugin/parseNotFoundError.js:134:16)
    at async getModuleBuildError (file:///Users/zhaoqing/Documents/Develop/welean-portal/node_modules/next/dist/build/webpack/plugins/wellknown-errors-plugin/webpackModuleError.js:104:27)
    at async (file:///Users/zhaoqing/Documents/Develop/welean-portal/node_modules/next/dist/build/webpack/plugins/wellknown-errors-plugin/index.js:29:49)
    at async (file:///Users/zhaoqing/Documents/Develop/welean-portal/node_modules/next/dist/build/webpack/plugins/wellknown-errors-plugin/index.js:27:21)
[    5487ms] [LOG] [HMR] connected @ webpack-internal:///./node_modules/next/dist/client/components/react-dev-overlay/pages/websocket.js:41
[    5488ms] [ERROR] ./src/i18n/request.ts:2:1
Module not found: Can't resolve '../../../i18n'
  1 | import { getRequestConfig } from 'next-intl/server';
> 2 | import { locales } from '../../../i18n';
    | ^
  3 |
  4 | export default getRequestConfig(async ({ requestLocale }) => {
  5 |   // This typically corresponds to the `[locale]` segment

https://nextjs.org/docs/messages/module-not-found

Import trace for requested module:
./node_modules/next-intl/dist/esm/development/server/react-server/getConfig.js
./node_modules/next-intl/dist/esm/development/server/react-server/getFormatter.js
./node_modules/next-intl/dist/esm/development/server.react-server.js
./src/app/[locale]/layout.tsx @ webpack-internal:///./node_modules/next/dist/client/components/react-dev-overlay/pages/client.js:84
[    5488ms] [ERROR] ./src/i18n/request.ts:15:22
Module not found: Can't resolve '../../../messages'
  13 |   return {
  14 |     locale,
> 15 |     messages: (await import(`../../../messages/${locale}.json`)).default
     |                      ^
  16 |   };
  17 | });

https://nextjs.org/docs/messages/module-not-found

Import trace for requested module:
./node_modules/next-intl/dist/esm/development/server/react-server/getConfig.js
./node_modules/next-intl/dist/esm/development/server/react-server/getFormatter.js
./node_modules/next-intl/dist/esm/development/server.react-server.js
./src/app/[locale]/layout.tsx @ webpack-internal:///./node_modules/next/dist/client/components/react-dev-overlay/pages/client.js:84
[    5540ms] [ERROR] Failed to load resource: the server responded with a status of 500 (Internal Server Error) @ http://localhost:3000/en:0
[    5654ms] [INFO] %cDownload the React DevTools for a better development experience: https://react.dev/link/react-devtools font-weight:bold @ webpack-internal:///./node_modules/react-dom/cjs/react-dom-client.development.js:28004
[    5658ms] Error: Module not found: Can't resolve '../../../i18n'
  1 | import { getRequestConfig } from 'next-intl/server';
> 2 | import { locales } from '../../../i18n';
    | ^
  3 |
  4 | export default getRequestConfig(async ({ requestLocale }) => {
  5 |   // This typically corresponds to the `[locale]` segment

https://nextjs.org/docs/messages/module-not-found

Import trace for requested module:
./node_modules/next-intl/dist/esm/development/server/react-server/getConfig.js
./node_modules/next-intl/dist/esm/development/server/react-server/getFormatter.js
./node_modules/next-intl/dist/esm/development/server.react-server.js
./src/app/[locale]/layout.tsx
    at <unknown> (https://nextjs.org/docs/messages/module-not-found)
    at getNotFoundError (file:///Users/zhaoqing/Documents/Develop/welean-portal/node_modules/next/dist/build/webpack/plugins/wellknown-errors-plugin/parseNotFoundError.js:134:16)
    at async getModuleBuildError (file:///Users/zhaoqing/Documents/Develop/welean-portal/node_modules/next/dist/build/webpack/plugins/wellknown-errors-plugin/webpackModuleError.js:104:27)
    at async (file:///Users/zhaoqing/Documents/Develop/welean-portal/node_modules/next/dist/build/webpack/plugins/wellknown-errors-plugin/index.js:29:49)
    at async (file:///Users/zhaoqing/Documents/Develop/welean-portal/node_modules/next/dist/build/webpack/plugins/wellknown-errors-plugin/index.js:27:21)
[    5658ms] [LOG] [HMR] connected @ webpack-internal:///./node_modules/next/dist/client/components/react-dev-overlay/pages/websocket.js:41
[    5659ms] [ERROR] ./src/i18n/request.ts:2:1
Module not found: Can't resolve '../../../i18n'
  1 | import { getRequestConfig } from 'next-intl/server';
> 2 | import { locales } from '../../../i18n';
    | ^
  3 |
  4 | export default getRequestConfig(async ({ requestLocale }) => {
  5 |   // This typically corresponds to the `[locale]` segment

https://nextjs.org/docs/messages/module-not-found

Import trace for requested module:
./node_modules/next-intl/dist/esm/development/server/react-server/getConfig.js
./node_modules/next-intl/dist/esm/development/server/react-server/getFormatter.js
./node_modules/next-intl/dist/esm/development/server.react-server.js
./src/app/[locale]/layout.tsx @ webpack-internal:///./node_modules/next/dist/client/components/react-dev-overlay/pages/client.js:84
[    5659ms] [ERROR] ./src/i18n/request.ts:15:22
Module not found: Can't resolve '../../../messages'
  13 |   return {
  14 |     locale,
> 15 |     messages: (await import(`../../../messages/${locale}.json`)).default
     |                      ^
  16 |   };
  17 | });

https://nextjs.org/docs/messages/module-not-found

Import trace for requested module:
./node_modules/next-intl/dist/esm/development/server/react-server/getConfig.js
./node_modules/next-intl/dist/esm/development/server/react-server/getFormatter.js
./node_modules/next-intl/dist/esm/development/server.react-server.js
./src/app/[locale]/layout.tsx @ webpack-internal:///./node_modules/next/dist/client/components/react-dev-overlay/pages/client.js:84
[    5735ms] [ERROR] Failed to load resource: the server responded with a status of 500 (Internal Server Error) @ http://localhost:3000/en:0
[    5837ms] [INFO] %cDownload the React DevTools for a better development experience: https://react.dev/link/react-devtools font-weight:bold @ webpack-internal:///./node_modules/react-dom/cjs/react-dom-client.development.js:28004
[    5840ms] Error: Module not found: Can't resolve '../../../i18n'
  1 | import { getRequestConfig } from 'next-intl/server';
> 2 | import { locales } from '../../../i18n';
    | ^
  3 |
  4 | export default getRequestConfig(async ({ requestLocale }) => {
  5 |   // This typically corresponds to the `[locale]` segment

https://nextjs.org/docs/messages/module-not-found

Import trace for requested module:
./node_modules/next-intl/dist/esm/development/server/react-server/getConfig.js
./node_modules/next-intl/dist/esm/development/server/react-server/getFormatter.js
./node_modules/next-intl/dist/esm/development/server.react-server.js
./src/app/[locale]/layout.tsx
    at <unknown> (https://nextjs.org/docs/messages/module-not-found)
    at getNotFoundError (file:///Users/zhaoqing/Documents/Develop/welean-portal/node_modules/next/dist/build/webpack/plugins/wellknown-errors-plugin/parseNotFoundError.js:134:16)
    at async getModuleBuildError (file:///Users/zhaoqing/Documents/Develop/welean-portal/node_modules/next/dist/build/webpack/plugins/wellknown-errors-plugin/webpackModuleError.js:104:27)
    at async (file:///Users/zhaoqing/Documents/Develop/welean-portal/node_modules/next/dist/build/webpack/plugins/wellknown-errors-plugin/index.js:29:49)
    at async (file:///Users/zhaoqing/Documents/Develop/welean-portal/node_modules/next/dist/build/webpack/plugins/wellknown-errors-plugin/index.js:27:21)
[    5840ms] [LOG] [HMR] connected @ webpack-internal:///./node_modules/next/dist/client/components/react-dev-overlay/pages/websocket.js:41
[    5841ms] [ERROR] ./src/i18n/request.ts:2:1
Module not found: Can't resolve '../../../i18n'
  1 | import { getRequestConfig } from 'next-intl/server';
> 2 | import { locales } from '../../../i18n';
    | ^
  3 |
  4 | export default getRequestConfig(async ({ requestLocale }) => {
  5 |   // This typically corresponds to the `[locale]` segment

https://nextjs.org/docs/messages/module-not-found

Import trace for requested module:
./node_modules/next-intl/dist/esm/development/server/react-server/getConfig.js
./node_modules/next-intl/dist/esm/development/server/react-server/getFormatter.js
./node_modules/next-intl/dist/esm/development/server.react-server.js
./src/app/[locale]/layout.tsx @ webpack-internal:///./node_modules/next/dist/client/components/react-dev-overlay/pages/client.js:84
[    5841ms] [ERROR] ./src/i18n/request.ts:15:22
Module not found: Can't resolve '../../../messages'
  13 |   return {
  14 |     locale,
> 15 |     messages: (await import(`../../../messages/${locale}.json`)).default
     |                      ^
  16 |   };
  17 | });

https://nextjs.org/docs/messages/module-not-found

Import trace for requested module:
./node_modules/next-intl/dist/esm/development/server/react-server/getConfig.js
./node_modules/next-intl/dist/esm/development/server/react-server/getFormatter.js
./node_modules/next-intl/dist/esm/development/server.react-server.js
./src/app/[locale]/layout.tsx @ webpack-internal:///./node_modules/next/dist/client/components/react-dev-overlay/pages/client.js:84
[    5887ms] [ERROR] Failed to load resource: the server responded with a status of 500 (Internal Server Error) @ http://localhost:3000/en:0
[    5988ms] [INFO] %cDownload the React DevTools for a better development experience: https://react.dev/link/react-devtools font-weight:bold @ webpack-internal:///./node_modules/react-dom/cjs/react-dom-client.development.js:28004
[    5992ms] Error: Module not found: Can't resolve '../../../i18n'
  1 | import { getRequestConfig } from 'next-intl/server';
> 2 | import { locales } from '../../../i18n';
    | ^
  3 |
  4 | export default getRequestConfig(async ({ requestLocale }) => {
  5 |   // This typically corresponds to the `[locale]` segment

https://nextjs.org/docs/messages/module-not-found

Import trace for requested module:
./node_modules/next-intl/dist/esm/development/server/react-server/getConfig.js
./node_modules/next-intl/dist/esm/development/server/react-server/getFormatter.js
./node_modules/next-intl/dist/esm/development/server.react-server.js
./src/app/[locale]/layout.tsx
    at <unknown> (https://nextjs.org/docs/messages/module-not-found)
    at getNotFoundError (file:///Users/zhaoqing/Documents/Develop/welean-portal/node_modules/next/dist/build/webpack/plugins/wellknown-errors-plugin/parseNotFoundError.js:134:16)
    at async getModuleBuildError (file:///Users/zhaoqing/Documents/Develop/welean-portal/node_modules/next/dist/build/webpack/plugins/wellknown-errors-plugin/webpackModuleError.js:104:27)
    at async (file:///Users/zhaoqing/Documents/Develop/welean-portal/node_modules/next/dist/build/webpack/plugins/wellknown-errors-plugin/index.js:29:49)
    at async (file:///Users/zhaoqing/Documents/Develop/welean-portal/node_modules/next/dist/build/webpack/plugins/wellknown-errors-plugin/index.js:27:21)
[    5996ms] [LOG] [HMR] connected @ webpack-internal:///./node_modules/next/dist/client/components/react-dev-overlay/pages/websocket.js:41
[    5996ms] [ERROR] ./src/i18n/request.ts:2:1
Module not found: Can't resolve '../../../i18n'
  1 | import { getRequestConfig } from 'next-intl/server';
> 2 | import { locales } from '../../../i18n';
    | ^
  3 |
  4 | export default getRequestConfig(async ({ requestLocale }) => {
  5 |   // This typically corresponds to the `[locale]` segment

https://nextjs.org/docs/messages/module-not-found

Import trace for requested module:
./node_modules/next-intl/dist/esm/development/server/react-server/getConfig.js
./node_modules/next-intl/dist/esm/development/server/react-server/getFormatter.js
./node_modules/next-intl/dist/esm/development/server.react-server.js
./src/app/[locale]/layout.tsx @ webpack-internal:///./node_modules/next/dist/client/components/react-dev-overlay/pages/client.js:84
[    5996ms] [ERROR] ./src/i18n/request.ts:15:22
Module not found: Can't resolve '../../../messages'
  13 |   return {
  14 |     locale,
> 15 |     messages: (await import(`../../../messages/${locale}.json`)).default
     |                      ^
  16 |   };
  17 | });

https://nextjs.org/docs/messages/module-not-found

Import trace for requested module:
./node_modules/next-intl/dist/esm/development/server/react-server/getConfig.js
./node_modules/next-intl/dist/esm/development/server/react-server/getFormatter.js
./node_modules/next-intl/dist/esm/development/server.react-server.js
./src/app/[locale]/layout.tsx @ webpack-internal:///./node_modules/next/dist/client/components/react-dev-overlay/pages/client.js:84
[    6038ms] [ERROR] Failed to load resource: the server responded with a status of 500 (Internal Server Error) @ http://localhost:3000/en:0
[    6138ms] [INFO] %cDownload the React DevTools for a better development experience: https://react.dev/link/react-devtools font-weight:bold @ webpack-internal:///./node_modules/react-dom/cjs/react-dom-client.development.js:28004
[    6142ms] Error: Module not found: Can't resolve '../../../i18n'
  1 | import { getRequestConfig } from 'next-intl/server';
> 2 | import { locales } from '../../../i18n';
    | ^
  3 |
  4 | export default getRequestConfig(async ({ requestLocale }) => {
  5 |   // This typically corresponds to the `[locale]` segment

https://nextjs.org/docs/messages/module-not-found

Import trace for requested module:
./node_modules/next-intl/dist/esm/development/server/react-server/getConfig.js
./node_modules/next-intl/dist/esm/development/server/react-server/getFormatter.js
./node_modules/next-intl/dist/esm/development/server.react-server.js
./src/app/[locale]/layout.tsx
    at <unknown> (https://nextjs.org/docs/messages/module-not-found)
    at getNotFoundError (file:///Users/zhaoqing/Documents/Develop/welean-portal/node_modules/next/dist/build/webpack/plugins/wellknown-errors-plugin/parseNotFoundError.js:134:16)
    at async getModuleBuildError (file:///Users/zhaoqing/Documents/Develop/welean-portal/node_modules/next/dist/build/webpack/plugins/wellknown-errors-plugin/webpackModuleError.js:104:27)
    at async (file:///Users/zhaoqing/Documents/Develop/welean-portal/node_modules/next/dist/build/webpack/plugins/wellknown-errors-plugin/index.js:29:49)
    at async (file:///Users/zhaoqing/Documents/Develop/welean-portal/node_modules/next/dist/build/webpack/plugins/wellknown-errors-plugin/index.js:27:21)
[    6142ms] [LOG] [HMR] connected @ webpack-internal:///./node_modules/next/dist/client/components/react-dev-overlay/pages/websocket.js:41
[    6143ms] [ERROR] ./src/i18n/request.ts:2:1
Module not found: Can't resolve '../../../i18n'
  1 | import { getRequestConfig } from 'next-intl/server';
> 2 | import { locales } from '../../../i18n';
    | ^
  3 |
  4 | export default getRequestConfig(async ({ requestLocale }) => {
  5 |   // This typically corresponds to the `[locale]` segment

https://nextjs.org/docs/messages/module-not-found

Import trace for requested module:
./node_modules/next-intl/dist/esm/development/server/react-server/getConfig.js
./node_modules/next-intl/dist/esm/development/server/react-server/getFormatter.js
./node_modules/next-intl/dist/esm/development/server.react-server.js
./src/app/[locale]/layout.tsx @ webpack-internal:///./node_modules/next/dist/client/components/react-dev-overlay/pages/client.js:84
[    6143ms] [ERROR] ./src/i18n/request.ts:15:22
Module not found: Can't resolve '../../../messages'
  13 |   return {
  14 |     locale,
> 15 |     messages: (await import(`../../../messages/${locale}.json`)).default
     |                      ^
  16 |   };
  17 | });

https://nextjs.org/docs/messages/module-not-found

Import trace for requested module:
./node_modules/next-intl/dist/esm/development/server/react-server/getConfig.js
./node_modules/next-intl/dist/esm/development/server/react-server/getFormatter.js
./node_modules/next-intl/dist/esm/development/server.react-server.js
./src/app/[locale]/layout.tsx @ webpack-internal:///./node_modules/next/dist/client/components/react-dev-overlay/pages/client.js:84
[    6191ms] [ERROR] Failed to load resource: the server responded with a status of 500 (Internal Server Error) @ http://localhost:3000/en:0
[    6291ms] [INFO] %cDownload the React DevTools for a better development experience: https://react.dev/link/react-devtools font-weight:bold @ webpack-internal:///./node_modules/react-dom/cjs/react-dom-client.development.js:28004
[    6295ms] Error: Module not found: Can't resolve '../../../i18n'
  1 | import { getRequestConfig } from 'next-intl/server';
> 2 | import { locales } from '../../../i18n';
    | ^
  3 |
  4 | export default getRequestConfig(async ({ requestLocale }) => {
  5 |   // This typically corresponds to the `[locale]` segment

https://nextjs.org/docs/messages/module-not-found

Import trace for requested module:
./node_modules/next-intl/dist/esm/development/server/react-server/getConfig.js
./node_modules/next-intl/dist/esm/development/server/react-server/getFormatter.js
./node_modules/next-intl/dist/esm/development/server.react-server.js
./src/app/[locale]/layout.tsx
    at <unknown> (https://nextjs.org/docs/messages/module-not-found)
    at getNotFoundError (file:///Users/zhaoqing/Documents/Develop/welean-portal/node_modules/next/dist/build/webpack/plugins/wellknown-errors-plugin/parseNotFoundError.js:134:16)
    at async getModuleBuildError (file:///Users/zhaoqing/Documents/Develop/welean-portal/node_modules/next/dist/build/webpack/plugins/wellknown-errors-plugin/webpackModuleError.js:104:27)
    at async (file:///Users/zhaoqing/Documents/Develop/welean-portal/node_modules/next/dist/build/webpack/plugins/wellknown-errors-plugin/index.js:29:49)
    at async (file:///Users/zhaoqing/Documents/Develop/welean-portal/node_modules/next/dist/build/webpack/plugins/wellknown-errors-plugin/index.js:27:21)
[    6295ms] [LOG] [HMR] connected @ webpack-internal:///./node_modules/next/dist/client/components/react-dev-overlay/pages/websocket.js:41
[    6296ms] [ERROR] ./src/i18n/request.ts:2:1
Module not found: Can't resolve '../../../i18n'
  1 | import { getRequestConfig } from 'next-intl/server';
> 2 | import { locales } from '../../../i18n';
    | ^
  3 |
  4 | export default getRequestConfig(async ({ requestLocale }) => {
  5 |   // This typically corresponds to the `[locale]` segment

https://nextjs.org/docs/messages/module-not-found

Import trace for requested module:
./node_modules/next-intl/dist/esm/development/server/react-server/getConfig.js
./node_modules/next-intl/dist/esm/development/server/react-server/getFormatter.js
./node_modules/next-intl/dist/esm/development/server.react-server.js
./src/app/[locale]/layout.tsx @ webpack-internal:///./node_modules/next/dist/client/components/react-dev-overlay/pages/client.js:84
[    6296ms] [ERROR] ./src/i18n/request.ts:15:22
Module not found: Can't resolve '../../../messages'
  13 |   return {
  14 |     locale,
> 15 |     messages: (await import(`../../../messages/${locale}.json`)).default
     |                      ^
  16 |   };
  17 | });

https://nextjs.org/docs/messages/module-not-found

Import trace for requested module:
./node_modules/next-intl/dist/esm/development/server/react-server/getConfig.js
./node_modules/next-intl/dist/esm/development/server/react-server/getFormatter.js
./node_modules/next-intl/dist/esm/development/server.react-server.js
./src/app/[locale]/layout.tsx @ webpack-internal:///./node_modules/next/dist/client/components/react-dev-overlay/pages/client.js:84
[    6341ms] [ERROR] Failed to load resource: the server responded with a status of 500 (Internal Server Error) @ http://localhost:3000/en:0
[    6440ms] [INFO] %cDownload the React DevTools for a better development experience: https://react.dev/link/react-devtools font-weight:bold @ webpack-internal:///./node_modules/react-dom/cjs/react-dom-client.development.js:28004
[    6443ms] Error: Module not found: Can't resolve '../../../i18n'
  1 | import { getRequestConfig } from 'next-intl/server';
> 2 | import { locales } from '../../../i18n';
    | ^
  3 |
  4 | export default getRequestConfig(async ({ requestLocale }) => {
  5 |   // This typically corresponds to the `[locale]` segment

https://nextjs.org/docs/messages/module-not-found

Import trace for requested module:
./node_modules/next-intl/dist/esm/development/server/react-server/getConfig.js
./node_modules/next-intl/dist/esm/development/server/react-server/getFormatter.js
./node_modules/next-intl/dist/esm/development/server.react-server.js
./src/app/[locale]/layout.tsx
    at <unknown> (https://nextjs.org/docs/messages/module-not-found)
    at getNotFoundError (file:///Users/zhaoqing/Documents/Develop/welean-portal/node_modules/next/dist/build/webpack/plugins/wellknown-errors-plugin/parseNotFoundError.js:134:16)
    at async getModuleBuildError (file:///Users/zhaoqing/Documents/Develop/welean-portal/node_modules/next/dist/build/webpack/plugins/wellknown-errors-plugin/webpackModuleError.js:104:27)
    at async (file:///Users/zhaoqing/Documents/Develop/welean-portal/node_modules/next/dist/build/webpack/plugins/wellknown-errors-plugin/index.js:29:49)
    at async (file:///Users/zhaoqing/Documents/Develop/welean-portal/node_modules/next/dist/build/webpack/plugins/wellknown-errors-plugin/index.js:27:21)
[    6444ms] [LOG] [HMR] connected @ webpack-internal:///./node_modules/next/dist/client/components/react-dev-overlay/pages/websocket.js:41
[    6446ms] [ERROR] ./src/i18n/request.ts:2:1
Module not found: Can't resolve '../../../i18n'
  1 | import { getRequestConfig } from 'next-intl/server';
> 2 | import { locales } from '../../../i18n';
    | ^
  3 |
  4 | export default getRequestConfig(async ({ requestLocale }) => {
  5 |   // This typically corresponds to the `[locale]` segment

https://nextjs.org/docs/messages/module-not-found

Import trace for requested module:
./node_modules/next-intl/dist/esm/development/server/react-server/getConfig.js
./node_modules/next-intl/dist/esm/development/server/react-server/getFormatter.js
./node_modules/next-intl/dist/esm/development/server.react-server.js
./src/app/[locale]/layout.tsx @ webpack-internal:///./node_modules/next/dist/client/components/react-dev-overlay/pages/client.js:84
[    6446ms] [ERROR] ./src/i18n/request.ts:15:22
Module not found: Can't resolve '../../../messages'
  13 |   return {
  14 |     locale,
> 15 |     messages: (await import(`../../../messages/${locale}.json`)).default
     |                      ^
  16 |   };
  17 | });

https://nextjs.org/docs/messages/module-not-found

Import trace for requested module:
./node_modules/next-intl/dist/esm/development/server/react-server/getConfig.js
./node_modules/next-intl/dist/esm/development/server/react-server/getFormatter.js
./node_modules/next-intl/dist/esm/development/server.react-server.js
./src/app/[locale]/layout.tsx @ webpack-internal:///./node_modules/next/dist/client/components/react-dev-overlay/pages/client.js:84
[    6492ms] [ERROR] Failed to load resource: the server responded with a status of 500 (Internal Server Error) @ http://localhost:3000/en:0
[    6593ms] [INFO] %cDownload the React DevTools for a better development experience: https://react.dev/link/react-devtools font-weight:bold @ webpack-internal:///./node_modules/react-dom/cjs/react-dom-client.development.js:28004
[    6596ms] Error: Module not found: Can't resolve '../../../i18n'
  1 | import { getRequestConfig } from 'next-intl/server';
> 2 | import { locales } from '../../../i18n';
    | ^
  3 |
  4 | export default getRequestConfig(async ({ requestLocale }) => {
  5 |   // This typically corresponds to the `[locale]` segment

https://nextjs.org/docs/messages/module-not-found

Import trace for requested module:
./node_modules/next-intl/dist/esm/development/server/react-server/getConfig.js
./node_modules/next-intl/dist/esm/development/server/react-server/getFormatter.js
./node_modules/next-intl/dist/esm/development/server.react-server.js
./src/app/[locale]/layout.tsx
    at <unknown> (https://nextjs.org/docs/messages/module-not-found)
    at getNotFoundError (file:///Users/zhaoqing/Documents/Develop/welean-portal/node_modules/next/dist/build/webpack/plugins/wellknown-errors-plugin/parseNotFoundError.js:134:16)
    at async getModuleBuildError (file:///Users/zhaoqing/Documents/Develop/welean-portal/node_modules/next/dist/build/webpack/plugins/wellknown-errors-plugin/webpackModuleError.js:104:27)
    at async (file:///Users/zhaoqing/Documents/Develop/welean-portal/node_modules/next/dist/build/webpack/plugins/wellknown-errors-plugin/index.js:29:49)
    at async (file:///Users/zhaoqing/Documents/Develop/welean-portal/node_modules/next/dist/build/webpack/plugins/wellknown-errors-plugin/index.js:27:21)
[    6597ms] [LOG] [HMR] connected @ webpack-internal:///./node_modules/next/dist/client/components/react-dev-overlay/pages/websocket.js:41
[    6598ms] [ERROR] ./src/i18n/request.ts:2:1
Module not found: Can't resolve '../../../i18n'
  1 | import { getRequestConfig } from 'next-intl/server';
> 2 | import { locales } from '../../../i18n';
    | ^
  3 |
  4 | export default getRequestConfig(async ({ requestLocale }) => {
  5 |   // This typically corresponds to the `[locale]` segment

https://nextjs.org/docs/messages/module-not-found

Import trace for requested module:
./node_modules/next-intl/dist/esm/development/server/react-server/getConfig.js
./node_modules/next-intl/dist/esm/development/server/react-server/getFormatter.js
./node_modules/next-intl/dist/esm/development/server.react-server.js
./src/app/[locale]/layout.tsx @ webpack-internal:///./node_modules/next/dist/client/components/react-dev-overlay/pages/client.js:84
[    6599ms] [ERROR] ./src/i18n/request.ts:15:22
Module not found: Can't resolve '../../../messages'
  13 |   return {
  14 |     locale,
> 15 |     messages: (await import(`../../../messages/${locale}.json`)).default
     |                      ^
  16 |   };
  17 | });

https://nextjs.org/docs/messages/module-not-found

Import trace for requested module:
./node_modules/next-intl/dist/esm/development/server/react-server/getConfig.js
./node_modules/next-intl/dist/esm/development/server/react-server/getFormatter.js
./node_modules/next-intl/dist/esm/development/server.react-server.js
./src/app/[locale]/layout.tsx @ webpack-internal:///./node_modules/next/dist/client/components/react-dev-overlay/pages/client.js:84
[    6643ms] [ERROR] Failed to load resource: the server responded with a status of 500 (Internal Server Error) @ http://localhost:3000/en:0
[    6744ms] [INFO] %cDownload the React DevTools for a better development experience: https://react.dev/link/react-devtools font-weight:bold @ webpack-internal:///./node_modules/react-dom/cjs/react-dom-client.development.js:28004
[    6747ms] Error: Module not found: Can't resolve '../../../i18n'
  1 | import { getRequestConfig } from 'next-intl/server';
> 2 | import { locales } from '../../../i18n';
    | ^
  3 |
  4 | export default getRequestConfig(async ({ requestLocale }) => {
  5 |   // This typically corresponds to the `[locale]` segment

https://nextjs.org/docs/messages/module-not-found

Import trace for requested module:
./node_modules/next-intl/dist/esm/development/server/react-server/getConfig.js
./node_modules/next-intl/dist/esm/development/server/react-server/getFormatter.js
./node_modules/next-intl/dist/esm/development/server.react-server.js
./src/app/[locale]/layout.tsx
    at <unknown> (https://nextjs.org/docs/messages/module-not-found)
    at getNotFoundError (file:///Users/zhaoqing/Documents/Develop/welean-portal/node_modules/next/dist/build/webpack/plugins/wellknown-errors-plugin/parseNotFoundError.js:134:16)
    at async getModuleBuildError (file:///Users/zhaoqing/Documents/Develop/welean-portal/node_modules/next/dist/build/webpack/plugins/wellknown-errors-plugin/webpackModuleError.js:104:27)
    at async (file:///Users/zhaoqing/Documents/Develop/welean-portal/node_modules/next/dist/build/webpack/plugins/wellknown-errors-plugin/index.js:29:49)
    at async (file:///Users/zhaoqing/Documents/Develop/welean-portal/node_modules/next/dist/build/webpack/plugins/wellknown-errors-plugin/index.js:27:21)
[    6748ms] [LOG] [HMR] connected @ webpack-internal:///./node_modules/next/dist/client/components/react-dev-overlay/pages/websocket.js:41
[    6748ms] [ERROR] ./src/i18n/request.ts:2:1
Module not found: Can't resolve '../../../i18n'
  1 | import { getRequestConfig } from 'next-intl/server';
> 2 | import { locales } from '../../../i18n';
    | ^
  3 |
  4 | export default getRequestConfig(async ({ requestLocale }) => {
  5 |   // This typically corresponds to the `[locale]` segment

https://nextjs.org/docs/messages/module-not-found

Import trace for requested module:
./node_modules/next-intl/dist/esm/development/server/react-server/getConfig.js
./node_modules/next-intl/dist/esm/development/server/react-server/getFormatter.js
./node_modules/next-intl/dist/esm/development/server.react-server.js
./src/app/[locale]/layout.tsx @ webpack-internal:///./node_modules/next/dist/client/components/react-dev-overlay/pages/client.js:84
[    6748ms] [ERROR] ./src/i18n/request.ts:15:22
Module not found: Can't resolve '../../../messages'
  13 |   return {
  14 |     locale,
> 15 |     messages: (await import(`../../../messages/${locale}.json`)).default
     |                      ^
  16 |   };
  17 | });

https://nextjs.org/docs/messages/module-not-found

Import trace for requested module:
./node_modules/next-intl/dist/esm/development/server/react-server/getConfig.js
./node_modules/next-intl/dist/esm/development/server/react-server/getFormatter.js
./node_modules/next-intl/dist/esm/development/server.react-server.js
./src/app/[locale]/layout.tsx @ webpack-internal:///./node_modules/next/dist/client/components/react-dev-overlay/pages/client.js:84
[    6794ms] [ERROR] Failed to load resource: the server responded with a status of 500 (Internal Server Error) @ http://localhost:3000/en:0
[    6892ms] [INFO] %cDownload the React DevTools for a better development experience: https://react.dev/link/react-devtools font-weight:bold @ webpack-internal:///./node_modules/react-dom/cjs/react-dom-client.development.js:28004
[    6897ms] Error: Module not found: Can't resolve '../../../i18n'
  1 | import { getRequestConfig } from 'next-intl/server';
> 2 | import { locales } from '../../../i18n';
    | ^
  3 |
  4 | export default getRequestConfig(async ({ requestLocale }) => {
  5 |   // This typically corresponds to the `[locale]` segment

https://nextjs.org/docs/messages/module-not-found

Import trace for requested module:
./node_modules/next-intl/dist/esm/development/server/react-server/getConfig.js
./node_modules/next-intl/dist/esm/development/server/react-server/getFormatter.js
./node_modules/next-intl/dist/esm/development/server.react-server.js
./src/app/[locale]/layout.tsx
    at <unknown> (https://nextjs.org/docs/messages/module-not-found)
    at getNotFoundError (file:///Users/zhaoqing/Documents/Develop/welean-portal/node_modules/next/dist/build/webpack/plugins/wellknown-errors-plugin/parseNotFoundError.js:134:16)
    at async getModuleBuildError (file:///Users/zhaoqing/Documents/Develop/welean-portal/node_modules/next/dist/build/webpack/plugins/wellknown-errors-plugin/webpackModuleError.js:104:27)
    at async (file:///Users/zhaoqing/Documents/Develop/welean-portal/node_modules/next/dist/build/webpack/plugins/wellknown-errors-plugin/index.js:29:49)
    at async (file:///Users/zhaoqing/Documents/Develop/welean-portal/node_modules/next/dist/build/webpack/plugins/wellknown-errors-plugin/index.js:27:21)
[    6900ms] [LOG] [HMR] connected @ webpack-internal:///./node_modules/next/dist/client/components/react-dev-overlay/pages/websocket.js:41
[    6900ms] [ERROR] ./src/i18n/request.ts:2:1
Module not found: Can't resolve '../../../i18n'
  1 | import { getRequestConfig } from 'next-intl/server';
> 2 | import { locales } from '../../../i18n';
    | ^
  3 |
  4 | export default getRequestConfig(async ({ requestLocale }) => {
  5 |   // This typically corresponds to the `[locale]` segment

https://nextjs.org/docs/messages/module-not-found

Import trace for requested module:
./node_modules/next-intl/dist/esm/development/server/react-server/getConfig.js
./node_modules/next-intl/dist/esm/development/server/react-server/getFormatter.js
./node_modules/next-intl/dist/esm/development/server.react-server.js
./src/app/[locale]/layout.tsx @ webpack-internal:///./node_modules/next/dist/client/components/react-dev-overlay/pages/client.js:84
[    6901ms] [ERROR] ./src/i18n/request.ts:15:22
Module not found: Can't resolve '../../../messages'
  13 |   return {
  14 |     locale,
> 15 |     messages: (await import(`../../../messages/${locale}.json`)).default
     |                      ^
  16 |   };
  17 | });

https://nextjs.org/docs/messages/module-not-found

Import trace for requested module:
./node_modules/next-intl/dist/esm/development/server/react-server/getConfig.js
./node_modules/next-intl/dist/esm/development/server/react-server/getFormatter.js
./node_modules/next-intl/dist/esm/development/server.react-server.js
./src/app/[locale]/layout.tsx @ webpack-internal:///./node_modules/next/dist/client/components/react-dev-overlay/pages/client.js:84
[    6946ms] [ERROR] Failed to load resource: the server responded with a status of 500 (Internal Server Error) @ http://localhost:3000/en:0
[    7045ms] [INFO] %cDownload the React DevTools for a better development experience: https://react.dev/link/react-devtools font-weight:bold @ webpack-internal:///./node_modules/react-dom/cjs/react-dom-client.development.js:28004
[    7048ms] Error: Module not found: Can't resolve '../../../i18n'
  1 | import { getRequestConfig } from 'next-intl/server';
> 2 | import { locales } from '../../../i18n';
    | ^
  3 |
  4 | export default getRequestConfig(async ({ requestLocale }) => {
  5 |   // This typically corresponds to the `[locale]` segment

https://nextjs.org/docs/messages/module-not-found

Import trace for requested module:
./node_modules/next-intl/dist/esm/development/server/react-server/getConfig.js
./node_modules/next-intl/dist/esm/development/server/react-server/getFormatter.js
./node_modules/next-intl/dist/esm/development/server.react-server.js
./src/app/[locale]/layout.tsx
    at <unknown> (https://nextjs.org/docs/messages/module-not-found)
    at getNotFoundError (file:///Users/zhaoqing/Documents/Develop/welean-portal/node_modules/next/dist/build/webpack/plugins/wellknown-errors-plugin/parseNotFoundError.js:134:16)
    at async getModuleBuildError (file:///Users/zhaoqing/Documents/Develop/welean-portal/node_modules/next/dist/build/webpack/plugins/wellknown-errors-plugin/webpackModuleError.js:104:27)
    at async (file:///Users/zhaoqing/Documents/Develop/welean-portal/node_modules/next/dist/build/webpack/plugins/wellknown-errors-plugin/index.js:29:49)
    at async (file:///Users/zhaoqing/Documents/Develop/welean-portal/node_modules/next/dist/build/webpack/plugins/wellknown-errors-plugin/index.js:27:21)
[    7049ms] [LOG] [HMR] connected @ webpack-internal:///./node_modules/next/dist/client/components/react-dev-overlay/pages/websocket.js:41
[    7050ms] [ERROR] ./src/i18n/request.ts:2:1
Module not found: Can't resolve '../../../i18n'
  1 | import { getRequestConfig } from 'next-intl/server';
> 2 | import { locales } from '../../../i18n';
    | ^
  3 |
  4 | export default getRequestConfig(async ({ requestLocale }) => {
  5 |   // This typically corresponds to the `[locale]` segment

https://nextjs.org/docs/messages/module-not-found

Import trace for requested module:
./node_modules/next-intl/dist/esm/development/server/react-server/getConfig.js
./node_modules/next-intl/dist/esm/development/server/react-server/getFormatter.js
./node_modules/next-intl/dist/esm/development/server.react-server.js
./src/app/[locale]/layout.tsx @ webpack-internal:///./node_modules/next/dist/client/components/react-dev-overlay/pages/client.js:84
[    7050ms] [ERROR] ./src/i18n/request.ts:15:22
Module not found: Can't resolve '../../../messages'
  13 |   return {
  14 |     locale,
> 15 |     messages: (await import(`../../../messages/${locale}.json`)).default
     |                      ^
  16 |   };
  17 | });

https://nextjs.org/docs/messages/module-not-found

Import trace for requested module:
./node_modules/next-intl/dist/esm/development/server/react-server/getConfig.js
./node_modules/next-intl/dist/esm/development/server/react-server/getFormatter.js
./node_modules/next-intl/dist/esm/development/server.react-server.js
./src/app/[locale]/layout.tsx @ webpack-internal:///./node_modules/next/dist/client/components/react-dev-overlay/pages/client.js:84
[    7097ms] [ERROR] Failed to load resource: the server responded with a status of 500 (Internal Server Error) @ http://localhost:3000/en:0
[    7202ms] [INFO] %cDownload the React DevTools for a better development experience: https://react.dev/link/react-devtools font-weight:bold @ webpack-internal:///./node_modules/react-dom/cjs/react-dom-client.development.js:28004
[    7205ms] Error: Module not found: Can't resolve '../../../i18n'
  1 | import { getRequestConfig } from 'next-intl/server';
> 2 | import { locales } from '../../../i18n';
    | ^
  3 |
  4 | export default getRequestConfig(async ({ requestLocale }) => {
  5 |   // This typically corresponds to the `[locale]` segment

https://nextjs.org/docs/messages/module-not-found

Import trace for requested module:
./node_modules/next-intl/dist/esm/development/server/react-server/getConfig.js
./node_modules/next-intl/dist/esm/development/server/react-server/getFormatter.js
./node_modules/next-intl/dist/esm/development/server.react-server.js
./src/app/[locale]/layout.tsx
    at <unknown> (https://nextjs.org/docs/messages/module-not-found)
    at getNotFoundError (file:///Users/zhaoqing/Documents/Develop/welean-portal/node_modules/next/dist/build/webpack/plugins/wellknown-errors-plugin/parseNotFoundError.js:134:16)
    at async getModuleBuildError (file:///Users/zhaoqing/Documents/Develop/welean-portal/node_modules/next/dist/build/webpack/plugins/wellknown-errors-plugin/webpackModuleError.js:104:27)
    at async (file:///Users/zhaoqing/Documents/Develop/welean-portal/node_modules/next/dist/build/webpack/plugins/wellknown-errors-plugin/index.js:29:49)
    at async (file:///Users/zhaoqing/Documents/Develop/welean-portal/node_modules/next/dist/build/webpack/plugins/wellknown-errors-plugin/index.js:27:21)
[    7206ms] [LOG] [HMR] connected @ webpack-internal:///./node_modules/next/dist/client/components/react-dev-overlay/pages/websocket.js:41
[    7206ms] [ERROR] ./src/i18n/request.ts:2:1
Module not found: Can't resolve '../../../i18n'
  1 | import { getRequestConfig } from 'next-intl/server';
> 2 | import { locales } from '../../../i18n';
    | ^
  3 |
  4 | export default getRequestConfig(async ({ requestLocale }) => {
  5 |   // This typically corresponds to the `[locale]` segment

https://nextjs.org/docs/messages/module-not-found

Import trace for requested module:
./node_modules/next-intl/dist/esm/development/server/react-server/getConfig.js
./node_modules/next-intl/dist/esm/development/server/react-server/getFormatter.js
./node_modules/next-intl/dist/esm/development/server.react-server.js
./src/app/[locale]/layout.tsx @ webpack-internal:///./node_modules/next/dist/client/components/react-dev-overlay/pages/client.js:84
[    7206ms] [ERROR] ./src/i18n/request.ts:15:22
Module not found: Can't resolve '../../../messages'
  13 |   return {
  14 |     locale,
> 15 |     messages: (await import(`../../../messages/${locale}.json`)).default
     |                      ^
  16 |   };
  17 | });

https://nextjs.org/docs/messages/module-not-found

Import trace for requested module:
./node_modules/next-intl/dist/esm/development/server/react-server/getConfig.js
./node_modules/next-intl/dist/esm/development/server/react-server/getFormatter.js
./node_modules/next-intl/dist/esm/development/server.react-server.js
./src/app/[locale]/layout.tsx @ webpack-internal:///./node_modules/next/dist/client/components/react-dev-overlay/pages/client.js:84
[    7252ms] [ERROR] Failed to load resource: the server responded with a status of 500 (Internal Server Error) @ http://localhost:3000/en:0
[    7371ms] [INFO] %cDownload the React DevTools for a better development experience: https://react.dev/link/react-devtools font-weight:bold @ webpack-internal:///./node_modules/react-dom/cjs/react-dom-client.development.js:28004
[    7374ms] Error: Module not found: Can't resolve '../../../i18n'
  1 | import { getRequestConfig } from 'next-intl/server';
> 2 | import { locales } from '../../../i18n';
    | ^
  3 |
  4 | export default getRequestConfig(async ({ requestLocale }) => {
  5 |   // This typically corresponds to the `[locale]` segment

https://nextjs.org/docs/messages/module-not-found

Import trace for requested module:
./node_modules/next-intl/dist/esm/development/server/react-server/getConfig.js
./node_modules/next-intl/dist/esm/development/server/react-server/getFormatter.js
./node_modules/next-intl/dist/esm/development/server.react-server.js
./src/app/[locale]/layout.tsx
    at <unknown> (https://nextjs.org/docs/messages/module-not-found)
    at getNotFoundError (file:///Users/zhaoqing/Documents/Develop/welean-portal/node_modules/next/dist/build/webpack/plugins/wellknown-errors-plugin/parseNotFoundError.js:134:16)
    at async getModuleBuildError (file:///Users/zhaoqing/Documents/Develop/welean-portal/node_modules/next/dist/build/webpack/plugins/wellknown-errors-plugin/webpackModuleError.js:104:27)
    at async (file:///Users/zhaoqing/Documents/Develop/welean-portal/node_modules/next/dist/build/webpack/plugins/wellknown-errors-plugin/index.js:29:49)
    at async (file:///Users/zhaoqing/Documents/Develop/welean-portal/node_modules/next/dist/build/webpack/plugins/wellknown-errors-plugin/index.js:27:21)
[    7376ms] [LOG] [HMR] connected @ webpack-internal:///./node_modules/next/dist/client/components/react-dev-overlay/pages/websocket.js:41
[    7377ms] [ERROR] ./src/i18n/request.ts:2:1
Module not found: Can't resolve '../../../i18n'
  1 | import { getRequestConfig } from 'next-intl/server';
> 2 | import { locales } from '../../../i18n';
    | ^
  3 |
  4 | export default getRequestConfig(async ({ requestLocale }) => {
  5 |   // This typically corresponds to the `[locale]` segment

https://nextjs.org/docs/messages/module-not-found

Import trace for requested module:
./node_modules/next-intl/dist/esm/development/server/react-server/getConfig.js
./node_modules/next-intl/dist/esm/development/server/react-server/getFormatter.js
./node_modules/next-intl/dist/esm/development/server.react-server.js
./src/app/[locale]/layout.tsx @ webpack-internal:///./node_modules/next/dist/client/components/react-dev-overlay/pages/client.js:84
[    7377ms] [ERROR] ./src/i18n/request.ts:15:22
Module not found: Can't resolve '../../../messages'
  13 |   return {
  14 |     locale,
> 15 |     messages: (await import(`../../../messages/${locale}.json`)).default
     |                      ^
  16 |   };
  17 | });

https://nextjs.org/docs/messages/module-not-found

Import trace for requested module:
./node_modules/next-intl/dist/esm/development/server/react-server/getConfig.js
./node_modules/next-intl/dist/esm/development/server/react-server/getFormatter.js
./node_modules/next-intl/dist/esm/development/server.react-server.js
./src/app/[locale]/layout.tsx @ webpack-internal:///./node_modules/next/dist/client/components/react-dev-overlay/pages/client.js:84
[    7460ms] [ERROR] Failed to load resource: the server responded with a status of 500 (Internal Server Error) @ http://localhost:3000/en:0
[    7608ms] [INFO] %cDownload the React DevTools for a better development experience: https://react.dev/link/react-devtools font-weight:bold @ webpack-internal:///./node_modules/react-dom/cjs/react-dom-client.development.js:28004
[    7611ms] Error: Module not found: Can't resolve '../../../i18n'
  1 | import { getRequestConfig } from 'next-intl/server';
> 2 | import { locales } from '../../../i18n';
    | ^
  3 |
  4 | export default getRequestConfig(async ({ requestLocale }) => {
  5 |   // This typically corresponds to the `[locale]` segment

https://nextjs.org/docs/messages/module-not-found

Import trace for requested module:
./node_modules/next-intl/dist/esm/development/server/react-server/getConfig.js
./node_modules/next-intl/dist/esm/development/server/react-server/getFormatter.js
./node_modules/next-intl/dist/esm/development/server.react-server.js
./src/app/[locale]/layout.tsx
    at <unknown> (https://nextjs.org/docs/messages/module-not-found)
    at getNotFoundError (file:///Users/zhaoqing/Documents/Develop/welean-portal/node_modules/next/dist/build/webpack/plugins/wellknown-errors-plugin/parseNotFoundError.js:134:16)
    at async getModuleBuildError (file:///Users/zhaoqing/Documents/Develop/welean-portal/node_modules/next/dist/build/webpack/plugins/wellknown-errors-plugin/webpackModuleError.js:104:27)
    at async (file:///Users/zhaoqing/Documents/Develop/welean-portal/node_modules/next/dist/build/webpack/plugins/wellknown-errors-plugin/index.js:29:49)
    at async (file:///Users/zhaoqing/Documents/Develop/welean-portal/node_modules/next/dist/build/webpack/plugins/wellknown-errors-plugin/index.js:27:21)
[    7612ms] [LOG] [HMR] connected @ webpack-internal:///./node_modules/next/dist/client/components/react-dev-overlay/pages/websocket.js:41
[    7613ms] [ERROR] ./src/i18n/request.ts:2:1
Module not found: Can't resolve '../../../i18n'
  1 | import { getRequestConfig } from 'next-intl/server';
> 2 | import { locales } from '../../../i18n';
    | ^
  3 |
  4 | export default getRequestConfig(async ({ requestLocale }) => {
  5 |   // This typically corresponds to the `[locale]` segment

https://nextjs.org/docs/messages/module-not-found

Import trace for requested module:
./node_modules/next-intl/dist/esm/development/server/react-server/getConfig.js
./node_modules/next-intl/dist/esm/development/server/react-server/getFormatter.js
./node_modules/next-intl/dist/esm/development/server.react-server.js
./src/app/[locale]/layout.tsx @ webpack-internal:///./node_modules/next/dist/client/components/react-dev-overlay/pages/client.js:84
[    7613ms] [ERROR] ./src/i18n/request.ts:15:22
Module not found: Can't resolve '../../../messages'
  13 |   return {
  14 |     locale,
> 15 |     messages: (await import(`../../../messages/${locale}.json`)).default
     |                      ^
  16 |   };
  17 | });

https://nextjs.org/docs/messages/module-not-found

Import trace for requested module:
./node_modules/next-intl/dist/esm/development/server/react-server/getConfig.js
./node_modules/next-intl/dist/esm/development/server/react-server/getFormatter.js
./node_modules/next-intl/dist/esm/development/server.react-server.js
./src/app/[locale]/layout.tsx @ webpack-internal:///./node_modules/next/dist/client/components/react-dev-overlay/pages/client.js:84
[    7659ms] [ERROR] Failed to load resource: the server responded with a status of 500 (Internal Server Error) @ http://localhost:3000/en:0
[    7771ms] [INFO] %cDownload the React DevTools for a better development experience: https://react.dev/link/react-devtools font-weight:bold @ webpack-internal:///./node_modules/react-dom/cjs/react-dom-client.development.js:28004
[    7774ms] Error: Module not found: Can't resolve '../../../i18n'
  1 | import { getRequestConfig } from 'next-intl/server';
> 2 | import { locales } from '../../../i18n';
    | ^
  3 |
  4 | export default getRequestConfig(async ({ requestLocale }) => {
  5 |   // This typically corresponds to the `[locale]` segment

https://nextjs.org/docs/messages/module-not-found

Import trace for requested module:
./node_modules/next-intl/dist/esm/development/server/react-server/getConfig.js
./node_modules/next-intl/dist/esm/development/server/react-server/getFormatter.js
./node_modules/next-intl/dist/esm/development/server.react-server.js
./src/app/[locale]/layout.tsx
    at <unknown> (https://nextjs.org/docs/messages/module-not-found)
    at getNotFoundError (file:///Users/zhaoqing/Documents/Develop/welean-portal/node_modules/next/dist/build/webpack/plugins/wellknown-errors-plugin/parseNotFoundError.js:134:16)
    at async getModuleBuildError (file:///Users/zhaoqing/Documents/Develop/welean-portal/node_modules/next/dist/build/webpack/plugins/wellknown-errors-plugin/webpackModuleError.js:104:27)
    at async (file:///Users/zhaoqing/Documents/Develop/welean-portal/node_modules/next/dist/build/webpack/plugins/wellknown-errors-plugin/index.js:29:49)
    at async (file:///Users/zhaoqing/Documents/Develop/welean-portal/node_modules/next/dist/build/webpack/plugins/wellknown-errors-plugin/index.js:27:21)
[    7775ms] [LOG] [HMR] connected @ webpack-internal:///./node_modules/next/dist/client/components/react-dev-overlay/pages/websocket.js:41
[    7775ms] [ERROR] ./src/i18n/request.ts:2:1
Module not found: Can't resolve '../../../i18n'
  1 | import { getRequestConfig } from 'next-intl/server';
> 2 | import { locales } from '../../../i18n';
    | ^
  3 |
  4 | export default getRequestConfig(async ({ requestLocale }) => {
  5 |   // This typically corresponds to the `[locale]` segment

https://nextjs.org/docs/messages/module-not-found

Import trace for requested module:
./node_modules/next-intl/dist/esm/development/server/react-server/getConfig.js
./node_modules/next-intl/dist/esm/development/server/react-server/getFormatter.js
./node_modules/next-intl/dist/esm/development/server.react-server.js
./src/app/[locale]/layout.tsx @ webpack-internal:///./node_modules/next/dist/client/components/react-dev-overlay/pages/client.js:84
[    7775ms] [ERROR] ./src/i18n/request.ts:15:22
Module not found: Can't resolve '../../../messages'
  13 |   return {
  14 |     locale,
> 15 |     messages: (await import(`../../../messages/${locale}.json`)).default
     |                      ^
  16 |   };
  17 | });

https://nextjs.org/docs/messages/module-not-found

Import trace for requested module:
./node_modules/next-intl/dist/esm/development/server/react-server/getConfig.js
./node_modules/next-intl/dist/esm/development/server/react-server/getFormatter.js
./node_modules/next-intl/dist/esm/development/server.react-server.js
./src/app/[locale]/layout.tsx @ webpack-internal:///./node_modules/next/dist/client/components/react-dev-overlay/pages/client.js:84
[    7860ms] [ERROR] Failed to load resource: the server responded with a status of 500 (Internal Server Error) @ http://localhost:3000/en:0
[    7963ms] [INFO] %cDownload the React DevTools for a better development experience: https://react.dev/link/react-devtools font-weight:bold @ webpack-internal:///./node_modules/react-dom/cjs/react-dom-client.development.js:28004
[    7966ms] Error: Module not found: Can't resolve '../../../i18n'
  1 | import { getRequestConfig } from 'next-intl/server';
> 2 | import { locales } from '../../../i18n';
    | ^
  3 |
  4 | export default getRequestConfig(async ({ requestLocale }) => {
  5 |   // This typically corresponds to the `[locale]` segment

https://nextjs.org/docs/messages/module-not-found

Import trace for requested module:
./node_modules/next-intl/dist/esm/development/server/react-server/getConfig.js
./node_modules/next-intl/dist/esm/development/server/react-server/getFormatter.js
./node_modules/next-intl/dist/esm/development/server.react-server.js
./src/app/[locale]/layout.tsx
    at <unknown> (https://nextjs.org/docs/messages/module-not-found)
    at getNotFoundError (file:///Users/zhaoqing/Documents/Develop/welean-portal/node_modules/next/dist/build/webpack/plugins/wellknown-errors-plugin/parseNotFoundError.js:134:16)
    at async getModuleBuildError (file:///Users/zhaoqing/Documents/Develop/welean-portal/node_modules/next/dist/build/webpack/plugins/wellknown-errors-plugin/webpackModuleError.js:104:27)
    at async (file:///Users/zhaoqing/Documents/Develop/welean-portal/node_modules/next/dist/build/webpack/plugins/wellknown-errors-plugin/index.js:29:49)
    at async (file:///Users/zhaoqing/Documents/Develop/welean-portal/node_modules/next/dist/build/webpack/plugins/wellknown-errors-plugin/index.js:27:21)
[    7967ms] [LOG] [HMR] connected @ webpack-internal:///./node_modules/next/dist/client/components/react-dev-overlay/pages/websocket.js:41
[    7968ms] [ERROR] ./src/i18n/request.ts:2:1
Module not found: Can't resolve '../../../i18n'
  1 | import { getRequestConfig } from 'next-intl/server';
> 2 | import { locales } from '../../../i18n';
    | ^
  3 |
  4 | export default getRequestConfig(async ({ requestLocale }) => {
  5 |   // This typically corresponds to the `[locale]` segment

https://nextjs.org/docs/messages/module-not-found

Import trace for requested module:
./node_modules/next-intl/dist/esm/development/server/react-server/getConfig.js
./node_modules/next-intl/dist/esm/development/server/react-server/getFormatter.js
./node_modules/next-intl/dist/esm/development/server.react-server.js
./src/app/[locale]/layout.tsx @ webpack-internal:///./node_modules/next/dist/client/components/react-dev-overlay/pages/client.js:84
[    7968ms] [ERROR] ./src/i18n/request.ts:15:22
Module not found: Can't resolve '../../../messages'
  13 |   return {
  14 |     locale,
> 15 |     messages: (await import(`../../../messages/${locale}.json`)).default
     |                      ^
  16 |   };
  17 | });

https://nextjs.org/docs/messages/module-not-found

Import trace for requested module:
./node_modules/next-intl/dist/esm/development/server/react-server/getConfig.js
./node_modules/next-intl/dist/esm/development/server/react-server/getFormatter.js
./node_modules/next-intl/dist/esm/development/server.react-server.js
./src/app/[locale]/layout.tsx @ webpack-internal:///./node_modules/next/dist/client/components/react-dev-overlay/pages/client.js:84
[    8011ms] [ERROR] Failed to load resource: the server responded with a status of 500 (Internal Server Error) @ http://localhost:3000/en:0
[    8126ms] [INFO] %cDownload the React DevTools for a better development experience: https://react.dev/link/react-devtools font-weight:bold @ webpack-internal:///./node_modules/react-dom/cjs/react-dom-client.development.js:28004
[    8131ms] Error: Module not found: Can't resolve '../../../i18n'
  1 | import { getRequestConfig } from 'next-intl/server';
> 2 | import { locales } from '../../../i18n';
    | ^
  3 |
  4 | export default getRequestConfig(async ({ requestLocale }) => {
  5 |   // This typically corresponds to the `[locale]` segment

https://nextjs.org/docs/messages/module-not-found

Import trace for requested module:
./node_modules/next-intl/dist/esm/development/server/react-server/getConfig.js
./node_modules/next-intl/dist/esm/development/server/react-server/getFormatter.js
./node_modules/next-intl/dist/esm/development/server.react-server.js
./src/app/[locale]/layout.tsx
    at <unknown> (https://nextjs.org/docs/messages/module-not-found)
    at getNotFoundError (file:///Users/zhaoqing/Documents/Develop/welean-portal/node_modules/next/dist/build/webpack/plugins/wellknown-errors-plugin/parseNotFoundError.js:134:16)
    at async getModuleBuildError (file:///Users/zhaoqing/Documents/Develop/welean-portal/node_modules/next/dist/build/webpack/plugins/wellknown-errors-plugin/webpackModuleError.js:104:27)
    at async (file:///Users/zhaoqing/Documents/Develop/welean-portal/node_modules/next/dist/build/webpack/plugins/wellknown-errors-plugin/index.js:29:49)
    at async (file:///Users/zhaoqing/Documents/Develop/welean-portal/node_modules/next/dist/build/webpack/plugins/wellknown-errors-plugin/index.js:27:21)
[    8134ms] [LOG] [HMR] connected @ webpack-internal:///./node_modules/next/dist/client/components/react-dev-overlay/pages/websocket.js:41
[    8135ms] [ERROR] ./src/i18n/request.ts:2:1
Module not found: Can't resolve '../../../i18n'
  1 | import { getRequestConfig } from 'next-intl/server';
> 2 | import { locales } from '../../../i18n';
    | ^
  3 |
  4 | export default getRequestConfig(async ({ requestLocale }) => {
  5 |   // This typically corresponds to the `[locale]` segment

https://nextjs.org/docs/messages/module-not-found

Import trace for requested module:
./node_modules/next-intl/dist/esm/development/server/react-server/getConfig.js
./node_modules/next-intl/dist/esm/development/server/react-server/getFormatter.js
./node_modules/next-intl/dist/esm/development/server.react-server.js
./src/app/[locale]/layout.tsx @ webpack-internal:///./node_modules/next/dist/client/components/react-dev-overlay/pages/client.js:84
[    8135ms] [ERROR] ./src/i18n/request.ts:15:22
Module not found: Can't resolve '../../../messages'
  13 |   return {
  14 |     locale,
> 15 |     messages: (await import(`../../../messages/${locale}.json`)).default
     |                      ^
  16 |   };
  17 | });

https://nextjs.org/docs/messages/module-not-found

Import trace for requested module:
./node_modules/next-intl/dist/esm/development/server/react-server/getConfig.js
./node_modules/next-intl/dist/esm/development/server/react-server/getFormatter.js
./node_modules/next-intl/dist/esm/development/server.react-server.js
./src/app/[locale]/layout.tsx @ webpack-internal:///./node_modules/next/dist/client/components/react-dev-overlay/pages/client.js:84
[    8179ms] [ERROR] Failed to load resource: the server responded with a status of 500 (Internal Server Error) @ http://localhost:3000/en:0
[    8292ms] [INFO] %cDownload the React DevTools for a better development experience: https://react.dev/link/react-devtools font-weight:bold @ webpack-internal:///./node_modules/react-dom/cjs/react-dom-client.development.js:28004
[    8295ms] Error: Module not found: Can't resolve '../../../i18n'
  1 | import { getRequestConfig } from 'next-intl/server';
> 2 | import { locales } from '../../../i18n';
    | ^
  3 |
  4 | export default getRequestConfig(async ({ requestLocale }) => {
  5 |   // This typically corresponds to the `[locale]` segment

https://nextjs.org/docs/messages/module-not-found

Import trace for requested module:
./node_modules/next-intl/dist/esm/development/server/react-server/getConfig.js
./node_modules/next-intl/dist/esm/development/server/react-server/getFormatter.js
./node_modules/next-intl/dist/esm/development/server.react-server.js
./src/app/[locale]/layout.tsx
    at <unknown> (https://nextjs.org/docs/messages/module-not-found)
    at getNotFoundError (file:///Users/zhaoqing/Documents/Develop/welean-portal/node_modules/next/dist/build/webpack/plugins/wellknown-errors-plugin/parseNotFoundError.js:134:16)
    at async getModuleBuildError (file:///Users/zhaoqing/Documents/Develop/welean-portal/node_modules/next/dist/build/webpack/plugins/wellknown-errors-plugin/webpackModuleError.js:104:27)
    at async (file:///Users/zhaoqing/Documents/Develop/welean-portal/node_modules/next/dist/build/webpack/plugins/wellknown-errors-plugin/index.js:29:49)
    at async (file:///Users/zhaoqing/Documents/Develop/welean-portal/node_modules/next/dist/build/webpack/plugins/wellknown-errors-plugin/index.js:27:21)
[    8297ms] [LOG] [HMR] connected @ webpack-internal:///./node_modules/next/dist/client/components/react-dev-overlay/pages/websocket.js:41
[    8297ms] [ERROR] ./src/i18n/request.ts:2:1
Module not found: Can't resolve '../../../i18n'
  1 | import { getRequestConfig } from 'next-intl/server';
> 2 | import { locales } from '../../../i18n';
    | ^
  3 |
  4 | export default getRequestConfig(async ({ requestLocale }) => {
  5 |   // This typically corresponds to the `[locale]` segment

https://nextjs.org/docs/messages/module-not-found

Import trace for requested module:
./node_modules/next-intl/dist/esm/development/server/react-server/getConfig.js
./node_modules/next-intl/dist/esm/development/server/react-server/getFormatter.js
./node_modules/next-intl/dist/esm/development/server.react-server.js
./src/app/[locale]/layout.tsx @ webpack-internal:///./node_modules/next/dist/client/components/react-dev-overlay/pages/client.js:84
[    8297ms] [ERROR] ./src/i18n/request.ts:15:22
Module not found: Can't resolve '../../../messages'
  13 |   return {
  14 |     locale,
> 15 |     messages: (await import(`../../../messages/${locale}.json`)).default
     |                      ^
  16 |   };
  17 | });

https://nextjs.org/docs/messages/module-not-found

Import trace for requested module:
./node_modules/next-intl/dist/esm/development/server/react-server/getConfig.js
./node_modules/next-intl/dist/esm/development/server/react-server/getFormatter.js
./node_modules/next-intl/dist/esm/development/server.react-server.js
./src/app/[locale]/layout.tsx @ webpack-internal:///./node_modules/next/dist/client/components/react-dev-overlay/pages/client.js:84
[    8325ms] [ERROR] Failed to load resource: the server responded with a status of 500 (Internal Server Error) @ http://localhost:3000/en:0
[    8426ms] [INFO] %cDownload the React DevTools for a better development experience: https://react.dev/link/react-devtools font-weight:bold @ webpack-internal:///./node_modules/react-dom/cjs/react-dom-client.development.js:28004
[    8429ms] Error: Module not found: Can't resolve '../../../i18n'
  1 | import { getRequestConfig } from 'next-intl/server';
> 2 | import { locales } from '../../../i18n';
    | ^
  3 |
  4 | export default getRequestConfig(async ({ requestLocale }) => {
  5 |   // This typically corresponds to the `[locale]` segment

https://nextjs.org/docs/messages/module-not-found

Import trace for requested module:
./node_modules/next-intl/dist/esm/development/server/react-server/getConfig.js
./node_modules/next-intl/dist/esm/development/server/react-server/getFormatter.js
./node_modules/next-intl/dist/esm/development/server.react-server.js
./src/app/[locale]/layout.tsx
    at <unknown> (https://nextjs.org/docs/messages/module-not-found)
    at getNotFoundError (file:///Users/zhaoqing/Documents/Develop/welean-portal/node_modules/next/dist/build/webpack/plugins/wellknown-errors-plugin/parseNotFoundError.js:134:16)
    at async getModuleBuildError (file:///Users/zhaoqing/Documents/Develop/welean-portal/node_modules/next/dist/build/webpack/plugins/wellknown-errors-plugin/webpackModuleError.js:104:27)
    at async (file:///Users/zhaoqing/Documents/Develop/welean-portal/node_modules/next/dist/build/webpack/plugins/wellknown-errors-plugin/index.js:29:49)
    at async (file:///Users/zhaoqing/Documents/Develop/welean-portal/node_modules/next/dist/build/webpack/plugins/wellknown-errors-plugin/index.js:27:21)
[    8430ms] [LOG] [HMR] connected @ webpack-internal:///./node_modules/next/dist/client/components/react-dev-overlay/pages/websocket.js:41
[    8430ms] [ERROR] ./src/i18n/request.ts:2:1
Module not found: Can't resolve '../../../i18n'
  1 | import { getRequestConfig } from 'next-intl/server';
> 2 | import { locales } from '../../../i18n';
    | ^
  3 |
  4 | export default getRequestConfig(async ({ requestLocale }) => {
  5 |   // This typically corresponds to the `[locale]` segment

https://nextjs.org/docs/messages/module-not-found

Import trace for requested module:
./node_modules/next-intl/dist/esm/development/server/react-server/getConfig.js
./node_modules/next-intl/dist/esm/development/server/react-server/getFormatter.js
./node_modules/next-intl/dist/esm/development/server.react-server.js
./src/app/[locale]/layout.tsx @ webpack-internal:///./node_modules/next/dist/client/components/react-dev-overlay/pages/client.js:84
[    8430ms] [ERROR] ./src/i18n/request.ts:15:22
Module not found: Can't resolve '../../../messages'
  13 |   return {
  14 |     locale,
> 15 |     messages: (await import(`../../../messages/${locale}.json`)).default
     |                      ^
  16 |   };
  17 | });

https://nextjs.org/docs/messages/module-not-found

Import trace for requested module:
./node_modules/next-intl/dist/esm/development/server/react-server/getConfig.js
./node_modules/next-intl/dist/esm/development/server/react-server/getFormatter.js
./node_modules/next-intl/dist/esm/development/server.react-server.js
./src/app/[locale]/layout.tsx @ webpack-internal:///./node_modules/next/dist/client/components/react-dev-overlay/pages/client.js:84
[    8473ms] [ERROR] Failed to load resource: the server responded with a status of 500 (Internal Server Error) @ http://localhost:3000/en:0
[    8576ms] [INFO] %cDownload the React DevTools for a better development experience: https://react.dev/link/react-devtools font-weight:bold @ webpack-internal:///./node_modules/react-dom/cjs/react-dom-client.development.js:28004
[    8579ms] Error: Module not found: Can't resolve '../../../i18n'
  1 | import { getRequestConfig } from 'next-intl/server';
> 2 | import { locales } from '../../../i18n';
    | ^
  3 |
  4 | export default getRequestConfig(async ({ requestLocale }) => {
  5 |   // This typically corresponds to the `[locale]` segment

https://nextjs.org/docs/messages/module-not-found

Import trace for requested module:
./node_modules/next-intl/dist/esm/development/server/react-server/getConfig.js
./node_modules/next-intl/dist/esm/development/server/react-server/getFormatter.js
./node_modules/next-intl/dist/esm/development/server.react-server.js
./src/app/[locale]/layout.tsx
    at <unknown> (https://nextjs.org/docs/messages/module-not-found)
    at getNotFoundError (file:///Users/zhaoqing/Documents/Develop/welean-portal/node_modules/next/dist/build/webpack/plugins/wellknown-errors-plugin/parseNotFoundError.js:134:16)
    at async getModuleBuildError (file:///Users/zhaoqing/Documents/Develop/welean-portal/node_modules/next/dist/build/webpack/plugins/wellknown-errors-plugin/webpackModuleError.js:104:27)
    at async (file:///Users/zhaoqing/Documents/Develop/welean-portal/node_modules/next/dist/build/webpack/plugins/wellknown-errors-plugin/index.js:29:49)
    at async (file:///Users/zhaoqing/Documents/Develop/welean-portal/node_modules/next/dist/build/webpack/plugins/wellknown-errors-plugin/index.js:27:21)
[    8580ms] [LOG] [HMR] connected @ webpack-internal:///./node_modules/next/dist/client/components/react-dev-overlay/pages/websocket.js:41
[    8580ms] [ERROR] ./src/i18n/request.ts:2:1
Module not found: Can't resolve '../../../i18n'
  1 | import { getRequestConfig } from 'next-intl/server';
> 2 | import { locales } from '../../../i18n';
    | ^
  3 |
  4 | export default getRequestConfig(async ({ requestLocale }) => {
  5 |   // This typically corresponds to the `[locale]` segment

https://nextjs.org/docs/messages/module-not-found

Import trace for requested module:
./node_modules/next-intl/dist/esm/development/server/react-server/getConfig.js
./node_modules/next-intl/dist/esm/development/server/react-server/getFormatter.js
./node_modules/next-intl/dist/esm/development/server.react-server.js
./src/app/[locale]/layout.tsx @ webpack-internal:///./node_modules/next/dist/client/components/react-dev-overlay/pages/client.js:84
[    8580ms] [ERROR] ./src/i18n/request.ts:15:22
Module not found: Can't resolve '../../../messages'
  13 |   return {
  14 |     locale,
> 15 |     messages: (await import(`../../../messages/${locale}.json`)).default
     |                      ^
  16 |   };
  17 | });

https://nextjs.org/docs/messages/module-not-found

Import trace for requested module:
./node_modules/next-intl/dist/esm/development/server/react-server/getConfig.js
./node_modules/next-intl/dist/esm/development/server/react-server/getFormatter.js
./node_modules/next-intl/dist/esm/development/server.react-server.js
./src/app/[locale]/layout.tsx @ webpack-internal:///./node_modules/next/dist/client/components/react-dev-overlay/pages/client.js:84
[    8622ms] [ERROR] Failed to load resource: the server responded with a status of 500 (Internal Server Error) @ http://localhost:3000/en:0
[    8723ms] [INFO] %cDownload the React DevTools for a better development experience: https://react.dev/link/react-devtools font-weight:bold @ webpack-internal:///./node_modules/react-dom/cjs/react-dom-client.development.js:28004
[    8726ms] Error: Module not found: Can't resolve '../../../i18n'
  1 | import { getRequestConfig } from 'next-intl/server';
> 2 | import { locales } from '../../../i18n';
    | ^
  3 |
  4 | export default getRequestConfig(async ({ requestLocale }) => {
  5 |   // This typically corresponds to the `[locale]` segment

https://nextjs.org/docs/messages/module-not-found

Import trace for requested module:
./node_modules/next-intl/dist/esm/development/server/react-server/getConfig.js
./node_modules/next-intl/dist/esm/development/server/react-server/getFormatter.js
./node_modules/next-intl/dist/esm/development/server.react-server.js
./src/app/[locale]/layout.tsx
    at <unknown> (https://nextjs.org/docs/messages/module-not-found)
    at getNotFoundError (file:///Users/zhaoqing/Documents/Develop/welean-portal/node_modules/next/dist/build/webpack/plugins/wellknown-errors-plugin/parseNotFoundError.js:134:16)
    at async getModuleBuildError (file:///Users/zhaoqing/Documents/Develop/welean-portal/node_modules/next/dist/build/webpack/plugins/wellknown-errors-plugin/webpackModuleError.js:104:27)
    at async (file:///Users/zhaoqing/Documents/Develop/welean-portal/node_modules/next/dist/build/webpack/plugins/wellknown-errors-plugin/index.js:29:49)
    at async (file:///Users/zhaoqing/Documents/Develop/welean-portal/node_modules/next/dist/build/webpack/plugins/wellknown-errors-plugin/index.js:27:21)
[    8727ms] [LOG] [HMR] connected @ webpack-internal:///./node_modules/next/dist/client/components/react-dev-overlay/pages/websocket.js:41
[    8727ms] [ERROR] ./src/i18n/request.ts:2:1
Module not found: Can't resolve '../../../i18n'
  1 | import { getRequestConfig } from 'next-intl/server';
> 2 | import { locales } from '../../../i18n';
    | ^
  3 |
  4 | export default getRequestConfig(async ({ requestLocale }) => {
  5 |   // This typically corresponds to the `[locale]` segment

https://nextjs.org/docs/messages/module-not-found

Import trace for requested module:
./node_modules/next-intl/dist/esm/development/server/react-server/getConfig.js
./node_modules/next-intl/dist/esm/development/server/react-server/getFormatter.js
./node_modules/next-intl/dist/esm/development/server.react-server.js
./src/app/[locale]/layout.tsx @ webpack-internal:///./node_modules/next/dist/client/components/react-dev-overlay/pages/client.js:84
[    8727ms] [ERROR] ./src/i18n/request.ts:15:22
Module not found: Can't resolve '../../../messages'
  13 |   return {
  14 |     locale,
> 15 |     messages: (await import(`../../../messages/${locale}.json`)).default
     |                      ^
  16 |   };
  17 | });

https://nextjs.org/docs/messages/module-not-found

Import trace for requested module:
./node_modules/next-intl/dist/esm/development/server/react-server/getConfig.js
./node_modules/next-intl/dist/esm/development/server/react-server/getFormatter.js
./node_modules/next-intl/dist/esm/development/server.react-server.js
./src/app/[locale]/layout.tsx @ webpack-internal:///./node_modules/next/dist/client/components/react-dev-overlay/pages/client.js:84
[    8773ms] [ERROR] Failed to load resource: the server responded with a status of 500 (Internal Server Error) @ http://localhost:3000/en:0
[    8874ms] [INFO] %cDownload the React DevTools for a better development experience: https://react.dev/link/react-devtools font-weight:bold @ webpack-internal:///./node_modules/react-dom/cjs/react-dom-client.development.js:28004
[    8877ms] Error: Module not found: Can't resolve '../../../i18n'
  1 | import { getRequestConfig } from 'next-intl/server';
> 2 | import { locales } from '../../../i18n';
    | ^
  3 |
  4 | export default getRequestConfig(async ({ requestLocale }) => {
  5 |   // This typically corresponds to the `[locale]` segment

https://nextjs.org/docs/messages/module-not-found

Import trace for requested module:
./node_modules/next-intl/dist/esm/development/server/react-server/getConfig.js
./node_modules/next-intl/dist/esm/development/server/react-server/getFormatter.js
./node_modules/next-intl/dist/esm/development/server.react-server.js
./src/app/[locale]/layout.tsx
    at <unknown> (https://nextjs.org/docs/messages/module-not-found)
    at getNotFoundError (file:///Users/zhaoqing/Documents/Develop/welean-portal/node_modules/next/dist/build/webpack/plugins/wellknown-errors-plugin/parseNotFoundError.js:134:16)
    at async getModuleBuildError (file:///Users/zhaoqing/Documents/Develop/welean-portal/node_modules/next/dist/build/webpack/plugins/wellknown-errors-plugin/webpackModuleError.js:104:27)
    at async (file:///Users/zhaoqing/Documents/Develop/welean-portal/node_modules/next/dist/build/webpack/plugins/wellknown-errors-plugin/index.js:29:49)
    at async (file:///Users/zhaoqing/Documents/Develop/welean-portal/node_modules/next/dist/build/webpack/plugins/wellknown-errors-plugin/index.js:27:21)
[    8878ms] [LOG] [HMR] connected @ webpack-internal:///./node_modules/next/dist/client/components/react-dev-overlay/pages/websocket.js:41
[    8878ms] [ERROR] ./src/i18n/request.ts:2:1
Module not found: Can't resolve '../../../i18n'
  1 | import { getRequestConfig } from 'next-intl/server';
> 2 | import { locales } from '../../../i18n';
    | ^
  3 |
  4 | export default getRequestConfig(async ({ requestLocale }) => {
  5 |   // This typically corresponds to the `[locale]` segment

https://nextjs.org/docs/messages/module-not-found

Import trace for requested module:
./node_modules/next-intl/dist/esm/development/server/react-server/getConfig.js
./node_modules/next-intl/dist/esm/development/server/react-server/getFormatter.js
./node_modules/next-intl/dist/esm/development/server.react-server.js
./src/app/[locale]/layout.tsx @ webpack-internal:///./node_modules/next/dist/client/components/react-dev-overlay/pages/client.js:84
[    8878ms] [ERROR] ./src/i18n/request.ts:15:22
Module not found: Can't resolve '../../../messages'
  13 |   return {
  14 |     locale,
> 15 |     messages: (await import(`../../../messages/${locale}.json`)).default
     |                      ^
  16 |   };
  17 | });

https://nextjs.org/docs/messages/module-not-found

Import trace for requested module:
./node_modules/next-intl/dist/esm/development/server/react-server/getConfig.js
./node_modules/next-intl/dist/esm/development/server/react-server/getFormatter.js
./node_modules/next-intl/dist/esm/development/server.react-server.js
./src/app/[locale]/layout.tsx @ webpack-internal:///./node_modules/next/dist/client/components/react-dev-overlay/pages/client.js:84
[    8924ms] [ERROR] Failed to load resource: the server responded with a status of 500 (Internal Server Error) @ http://localhost:3000/en:0
[    9026ms] [INFO] %cDownload the React DevTools for a better development experience: https://react.dev/link/react-devtools font-weight:bold @ webpack-internal:///./node_modules/react-dom/cjs/react-dom-client.development.js:28004
[    9031ms] Error: Module not found: Can't resolve '../../../i18n'
  1 | import { getRequestConfig } from 'next-intl/server';
> 2 | import { locales } from '../../../i18n';
    | ^
  3 |
  4 | export default getRequestConfig(async ({ requestLocale }) => {
  5 |   // This typically corresponds to the `[locale]` segment

https://nextjs.org/docs/messages/module-not-found

Import trace for requested module:
./node_modules/next-intl/dist/esm/development/server/react-server/getConfig.js
./node_modules/next-intl/dist/esm/development/server/react-server/getFormatter.js
./node_modules/next-intl/dist/esm/development/server.react-server.js
./src/app/[locale]/layout.tsx
    at <unknown> (https://nextjs.org/docs/messages/module-not-found)
    at getNotFoundError (file:///Users/zhaoqing/Documents/Develop/welean-portal/node_modules/next/dist/build/webpack/plugins/wellknown-errors-plugin/parseNotFoundError.js:134:16)
    at async getModuleBuildError (file:///Users/zhaoqing/Documents/Develop/welean-portal/node_modules/next/dist/build/webpack/plugins/wellknown-errors-plugin/webpackModuleError.js:104:27)
    at async (file:///Users/zhaoqing/Documents/Develop/welean-portal/node_modules/next/dist/build/webpack/plugins/wellknown-errors-plugin/index.js:29:49)
    at async (file:///Users/zhaoqing/Documents/Develop/welean-portal/node_modules/next/dist/build/webpack/plugins/wellknown-errors-plugin/index.js:27:21)
[    9034ms] [LOG] [HMR] connected @ webpack-internal:///./node_modules/next/dist/client/components/react-dev-overlay/pages/websocket.js:41
[    9034ms] [ERROR] ./src/i18n/request.ts:2:1
Module not found: Can't resolve '../../../i18n'
  1 | import { getRequestConfig } from 'next-intl/server';
> 2 | import { locales } from '../../../i18n';
    | ^
  3 |
  4 | export default getRequestConfig(async ({ requestLocale }) => {
  5 |   // This typically corresponds to the `[locale]` segment

https://nextjs.org/docs/messages/module-not-found

Import trace for requested module:
./node_modules/next-intl/dist/esm/development/server/react-server/getConfig.js
./node_modules/next-intl/dist/esm/development/server/react-server/getFormatter.js
./node_modules/next-intl/dist/esm/development/server.react-server.js
./src/app/[locale]/layout.tsx @ webpack-internal:///./node_modules/next/dist/client/components/react-dev-overlay/pages/client.js:84
[    9034ms] [ERROR] ./src/i18n/request.ts:15:22
Module not found: Can't resolve '../../../messages'
  13 |   return {
  14 |     locale,
> 15 |     messages: (await import(`../../../messages/${locale}.json`)).default
     |                      ^
  16 |   };
  17 | });

https://nextjs.org/docs/messages/module-not-found

Import trace for requested module:
./node_modules/next-intl/dist/esm/development/server/react-server/getConfig.js
./node_modules/next-intl/dist/esm/development/server/react-server/getFormatter.js
./node_modules/next-intl/dist/esm/development/server.react-server.js
./src/app/[locale]/layout.tsx @ webpack-internal:///./node_modules/next/dist/client/components/react-dev-overlay/pages/client.js:84
[    9077ms] [ERROR] Failed to load resource: the server responded with a status of 500 (Internal Server Error) @ http://localhost:3000/en:0
[    9178ms] [INFO] %cDownload the React DevTools for a better development experience: https://react.dev/link/react-devtools font-weight:bold @ webpack-internal:///./node_modules/react-dom/cjs/react-dom-client.development.js:28004
[    9182ms] Error: Module not found: Can't resolve '../../../i18n'
  1 | import { getRequestConfig } from 'next-intl/server';
> 2 | import { locales } from '../../../i18n';
    | ^
  3 |
  4 | export default getRequestConfig(async ({ requestLocale }) => {
  5 |   // This typically corresponds to the `[locale]` segment

https://nextjs.org/docs/messages/module-not-found

Import trace for requested module:
./node_modules/next-intl/dist/esm/development/server/react-server/getConfig.js
./node_modules/next-intl/dist/esm/development/server/react-server/getFormatter.js
./node_modules/next-intl/dist/esm/development/server.react-server.js
./src/app/[locale]/layout.tsx
    at <unknown> (https://nextjs.org/docs/messages/module-not-found)
    at getNotFoundError (file:///Users/zhaoqing/Documents/Develop/welean-portal/node_modules/next/dist/build/webpack/plugins/wellknown-errors-plugin/parseNotFoundError.js:134:16)
    at async getModuleBuildError (file:///Users/zhaoqing/Documents/Develop/welean-portal/node_modules/next/dist/build/webpack/plugins/wellknown-errors-plugin/webpackModuleError.js:104:27)
    at async (file:///Users/zhaoqing/Documents/Develop/welean-portal/node_modules/next/dist/build/webpack/plugins/wellknown-errors-plugin/index.js:29:49)
    at async (file:///Users/zhaoqing/Documents/Develop/welean-portal/node_modules/next/dist/build/webpack/plugins/wellknown-errors-plugin/index.js:27:21)
[    9182ms] [LOG] [HMR] connected @ webpack-internal:///./node_modules/next/dist/client/components/react-dev-overlay/pages/websocket.js:41
[    9183ms] [ERROR] ./src/i18n/request.ts:2:1
Module not found: Can't resolve '../../../i18n'
  1 | import { getRequestConfig } from 'next-intl/server';
> 2 | import { locales } from '../../../i18n';
    | ^
  3 |
  4 | export default getRequestConfig(async ({ requestLocale }) => {
  5 |   // This typically corresponds to the `[locale]` segment

https://nextjs.org/docs/messages/module-not-found

Import trace for requested module:
./node_modules/next-intl/dist/esm/development/server/react-server/getConfig.js
./node_modules/next-intl/dist/esm/development/server/react-server/getFormatter.js
./node_modules/next-intl/dist/esm/development/server.react-server.js
./src/app/[locale]/layout.tsx @ webpack-internal:///./node_modules/next/dist/client/components/react-dev-overlay/pages/client.js:84
[    9183ms] [ERROR] ./src/i18n/request.ts:15:22
Module not found: Can't resolve '../../../messages'
  13 |   return {
  14 |     locale,
> 15 |     messages: (await import(`../../../messages/${locale}.json`)).default
     |                      ^
  16 |   };
  17 | });

https://nextjs.org/docs/messages/module-not-found

Import trace for requested module:
./node_modules/next-intl/dist/esm/development/server/react-server/getConfig.js
./node_modules/next-intl/dist/esm/development/server/react-server/getFormatter.js
./node_modules/next-intl/dist/esm/development/server.react-server.js
./src/app/[locale]/layout.tsx @ webpack-internal:///./node_modules/next/dist/client/components/react-dev-overlay/pages/client.js:84
[    9227ms] [ERROR] Failed to load resource: the server responded with a status of 500 (Internal Server Error) @ http://localhost:3000/en:0
[    9329ms] [INFO] %cDownload the React DevTools for a better development experience: https://react.dev/link/react-devtools font-weight:bold @ webpack-internal:///./node_modules/react-dom/cjs/react-dom-client.development.js:28004
[    9332ms] Error: Module not found: Can't resolve '../../../i18n'
  1 | import { getRequestConfig } from 'next-intl/server';
> 2 | import { locales } from '../../../i18n';
    | ^
  3 |
  4 | export default getRequestConfig(async ({ requestLocale }) => {
  5 |   // This typically corresponds to the `[locale]` segment

https://nextjs.org/docs/messages/module-not-found

Import trace for requested module:
./node_modules/next-intl/dist/esm/development/server/react-server/getConfig.js
./node_modules/next-intl/dist/esm/development/server/react-server/getFormatter.js
./node_modules/next-intl/dist/esm/development/server.react-server.js
./src/app/[locale]/layout.tsx
    at <unknown> (https://nextjs.org/docs/messages/module-not-found)
    at getNotFoundError (file:///Users/zhaoqing/Documents/Develop/welean-portal/node_modules/next/dist/build/webpack/plugins/wellknown-errors-plugin/parseNotFoundError.js:134:16)
    at async getModuleBuildError (file:///Users/zhaoqing/Documents/Develop/welean-portal/node_modules/next/dist/build/webpack/plugins/wellknown-errors-plugin/webpackModuleError.js:104:27)
    at async (file:///Users/zhaoqing/Documents/Develop/welean-portal/node_modules/next/dist/build/webpack/plugins/wellknown-errors-plugin/index.js:29:49)
    at async (file:///Users/zhaoqing/Documents/Develop/welean-portal/node_modules/next/dist/build/webpack/plugins/wellknown-errors-plugin/index.js:27:21)
[    9333ms] [LOG] [HMR] connected @ webpack-internal:///./node_modules/next/dist/client/components/react-dev-overlay/pages/websocket.js:41
[    9333ms] [ERROR] ./src/i18n/request.ts:2:1
Module not found: Can't resolve '../../../i18n'
  1 | import { getRequestConfig } from 'next-intl/server';
> 2 | import { locales } from '../../../i18n';
    | ^
  3 |
  4 | export default getRequestConfig(async ({ requestLocale }) => {
  5 |   // This typically corresponds to the `[locale]` segment

https://nextjs.org/docs/messages/module-not-found

Import trace for requested module:
./node_modules/next-intl/dist/esm/development/server/react-server/getConfig.js
./node_modules/next-intl/dist/esm/development/server/react-server/getFormatter.js
./node_modules/next-intl/dist/esm/development/server.react-server.js
./src/app/[locale]/layout.tsx @ webpack-internal:///./node_modules/next/dist/client/components/react-dev-overlay/pages/client.js:84
[    9333ms] [ERROR] ./src/i18n/request.ts:15:22
Module not found: Can't resolve '../../../messages'
  13 |   return {
  14 |     locale,
> 15 |     messages: (await import(`../../../messages/${locale}.json`)).default
     |                      ^
  16 |   };
  17 | });

https://nextjs.org/docs/messages/module-not-found

Import trace for requested module:
./node_modules/next-intl/dist/esm/development/server/react-server/getConfig.js
./node_modules/next-intl/dist/esm/development/server/react-server/getFormatter.js
./node_modules/next-intl/dist/esm/development/server.react-server.js
./src/app/[locale]/layout.tsx @ webpack-internal:///./node_modules/next/dist/client/components/react-dev-overlay/pages/client.js:84
[    9389ms] [ERROR] Failed to load resource: the server responded with a status of 500 (Internal Server Error) @ http://localhost:3000/en:0
[    9511ms] [INFO] %cDownload the React DevTools for a better development experience: https://react.dev/link/react-devtools font-weight:bold @ webpack-internal:///./node_modules/react-dom/cjs/react-dom-client.development.js:28004
[    9514ms] Error: Module not found: Can't resolve '../../../i18n'
  1 | import { getRequestConfig } from 'next-intl/server';
> 2 | import { locales } from '../../../i18n';
    | ^
  3 |
  4 | export default getRequestConfig(async ({ requestLocale }) => {
  5 |   // This typically corresponds to the `[locale]` segment

https://nextjs.org/docs/messages/module-not-found

Import trace for requested module:
./node_modules/next-intl/dist/esm/development/server/react-server/getConfig.js
./node_modules/next-intl/dist/esm/development/server/react-server/getFormatter.js
./node_modules/next-intl/dist/esm/development/server.react-server.js
./src/app/[locale]/layout.tsx
    at <unknown> (https://nextjs.org/docs/messages/module-not-found)
    at getNotFoundError (file:///Users/zhaoqing/Documents/Develop/welean-portal/node_modules/next/dist/build/webpack/plugins/wellknown-errors-plugin/parseNotFoundError.js:134:16)
    at async getModuleBuildError (file:///Users/zhaoqing/Documents/Develop/welean-portal/node_modules/next/dist/build/webpack/plugins/wellknown-errors-plugin/webpackModuleError.js:104:27)
    at async (file:///Users/zhaoqing/Documents/Develop/welean-portal/node_modules/next/dist/build/webpack/plugins/wellknown-errors-plugin/index.js:29:49)
    at async (file:///Users/zhaoqing/Documents/Develop/welean-portal/node_modules/next/dist/build/webpack/plugins/wellknown-errors-plugin/index.js:27:21)
[    9515ms] [LOG] [HMR] connected @ webpack-internal:///./node_modules/next/dist/client/components/react-dev-overlay/pages/websocket.js:41
[    9516ms] [ERROR] ./src/i18n/request.ts:2:1
Module not found: Can't resolve '../../../i18n'
  1 | import { getRequestConfig } from 'next-intl/server';
> 2 | import { locales } from '../../../i18n';
    | ^
  3 |
  4 | export default getRequestConfig(async ({ requestLocale }) => {
  5 |   // This typically corresponds to the `[locale]` segment

https://nextjs.org/docs/messages/module-not-found

Import trace for requested module:
./node_modules/next-intl/dist/esm/development/server/react-server/getConfig.js
./node_modules/next-intl/dist/esm/development/server/react-server/getFormatter.js
./node_modules/next-intl/dist/esm/development/server.react-server.js
./src/app/[locale]/layout.tsx @ webpack-internal:///./node_modules/next/dist/client/components/react-dev-overlay/pages/client.js:84
[    9516ms] [ERROR] ./src/i18n/request.ts:15:22
Module not found: Can't resolve '../../../messages'
  13 |   return {
  14 |     locale,
> 15 |     messages: (await import(`../../../messages/${locale}.json`)).default
     |                      ^
  16 |   };
  17 | });

https://nextjs.org/docs/messages/module-not-found

Import trace for requested module:
./node_modules/next-intl/dist/esm/development/server/react-server/getConfig.js
./node_modules/next-intl/dist/esm/development/server/react-server/getFormatter.js
./node_modules/next-intl/dist/esm/development/server.react-server.js
./src/app/[locale]/layout.tsx @ webpack-internal:///./node_modules/next/dist/client/components/react-dev-overlay/pages/client.js:84
[    9584ms] [ERROR] Failed to load resource: the server responded with a status of 500 (Internal Server Error) @ http://localhost:3000/en:0
[    9685ms] [INFO] %cDownload the React DevTools for a better development experience: https://react.dev/link/react-devtools font-weight:bold @ webpack-internal:///./node_modules/react-dom/cjs/react-dom-client.development.js:28004
[    9688ms] Error: Module not found: Can't resolve '../../../i18n'
  1 | import { getRequestConfig } from 'next-intl/server';
> 2 | import { locales } from '../../../i18n';
    | ^
  3 |
  4 | export default getRequestConfig(async ({ requestLocale }) => {
  5 |   // This typically corresponds to the `[locale]` segment

https://nextjs.org/docs/messages/module-not-found

Import trace for requested module:
./node_modules/next-intl/dist/esm/development/server/react-server/getConfig.js
./node_modules/next-intl/dist/esm/development/server/react-server/getFormatter.js
./node_modules/next-intl/dist/esm/development/server.react-server.js
./src/app/[locale]/layout.tsx
    at <unknown> (https://nextjs.org/docs/messages/module-not-found)
    at getNotFoundError (file:///Users/zhaoqing/Documents/Develop/welean-portal/node_modules/next/dist/build/webpack/plugins/wellknown-errors-plugin/parseNotFoundError.js:134:16)
    at async getModuleBuildError (file:///Users/zhaoqing/Documents/Develop/welean-portal/node_modules/next/dist/build/webpack/plugins/wellknown-errors-plugin/webpackModuleError.js:104:27)
    at async (file:///Users/zhaoqing/Documents/Develop/welean-portal/node_modules/next/dist/build/webpack/plugins/wellknown-errors-plugin/index.js:29:49)
    at async (file:///Users/zhaoqing/Documents/Develop/welean-portal/node_modules/next/dist/build/webpack/plugins/wellknown-errors-plugin/index.js:27:21)
[    9689ms] [LOG] [HMR] connected @ webpack-internal:///./node_modules/next/dist/client/components/react-dev-overlay/pages/websocket.js:41
[    9689ms] [ERROR] ./src/i18n/request.ts:2:1
Module not found: Can't resolve '../../../i18n'
  1 | import { getRequestConfig } from 'next-intl/server';
> 2 | import { locales } from '../../../i18n';
    | ^
  3 |
  4 | export default getRequestConfig(async ({ requestLocale }) => {
  5 |   // This typically corresponds to the `[locale]` segment

https://nextjs.org/docs/messages/module-not-found

Import trace for requested module:
./node_modules/next-intl/dist/esm/development/server/react-server/getConfig.js
./node_modules/next-intl/dist/esm/development/server/react-server/getFormatter.js
./node_modules/next-intl/dist/esm/development/server.react-server.js
./src/app/[locale]/layout.tsx @ webpack-internal:///./node_modules/next/dist/client/components/react-dev-overlay/pages/client.js:84
[    9689ms] [ERROR] ./src/i18n/request.ts:15:22
Module not found: Can't resolve '../../../messages'
  13 |   return {
  14 |     locale,
> 15 |     messages: (await import(`../../../messages/${locale}.json`)).default
     |                      ^
  16 |   };
  17 | });

https://nextjs.org/docs/messages/module-not-found

Import trace for requested module:
./node_modules/next-intl/dist/esm/development/server/react-server/getConfig.js
./node_modules/next-intl/dist/esm/development/server/react-server/getFormatter.js
./node_modules/next-intl/dist/esm/development/server.react-server.js
./src/app/[locale]/layout.tsx @ webpack-internal:///./node_modules/next/dist/client/components/react-dev-overlay/pages/client.js:84
[    9739ms] [ERROR] Failed to load resource: the server responded with a status of 500 (Internal Server Error) @ http://localhost:3000/en:0
[    9839ms] [INFO] %cDownload the React DevTools for a better development experience: https://react.dev/link/react-devtools font-weight:bold @ webpack-internal:///./node_modules/react-dom/cjs/react-dom-client.development.js:28004
[    9842ms] Error: Module not found: Can't resolve '../../../i18n'
  1 | import { getRequestConfig } from 'next-intl/server';
> 2 | import { locales } from '../../../i18n';
    | ^
  3 |
  4 | export default getRequestConfig(async ({ requestLocale }) => {
  5 |   // This typically corresponds to the `[locale]` segment

https://nextjs.org/docs/messages/module-not-found

Import trace for requested module:
./node_modules/next-intl/dist/esm/development/server/react-server/getConfig.js
./node_modules/next-intl/dist/esm/development/server/react-server/getFormatter.js
./node_modules/next-intl/dist/esm/development/server.react-server.js
./src/app/[locale]/layout.tsx
    at <unknown> (https://nextjs.org/docs/messages/module-not-found)
    at getNotFoundError (file:///Users/zhaoqing/Documents/Develop/welean-portal/node_modules/next/dist/build/webpack/plugins/wellknown-errors-plugin/parseNotFoundError.js:134:16)
    at async getModuleBuildError (file:///Users/zhaoqing/Documents/Develop/welean-portal/node_modules/next/dist/build/webpack/plugins/wellknown-errors-plugin/webpackModuleError.js:104:27)
    at async (file:///Users/zhaoqing/Documents/Develop/welean-portal/node_modules/next/dist/build/webpack/plugins/wellknown-errors-plugin/index.js:29:49)
    at async (file:///Users/zhaoqing/Documents/Develop/welean-portal/node_modules/next/dist/build/webpack/plugins/wellknown-errors-plugin/index.js:27:21)
[    9843ms] [LOG] [HMR] connected @ webpack-internal:///./node_modules/next/dist/client/components/react-dev-overlay/pages/websocket.js:41
[    9843ms] [ERROR] ./src/i18n/request.ts:2:1
Module not found: Can't resolve '../../../i18n'
  1 | import { getRequestConfig } from 'next-intl/server';
> 2 | import { locales } from '../../../i18n';
    | ^
  3 |
  4 | export default getRequestConfig(async ({ requestLocale }) => {
  5 |   // This typically corresponds to the `[locale]` segment

https://nextjs.org/docs/messages/module-not-found

Import trace for requested module:
./node_modules/next-intl/dist/esm/development/server/react-server/getConfig.js
./node_modules/next-intl/dist/esm/development/server/react-server/getFormatter.js
./node_modules/next-intl/dist/esm/development/server.react-server.js
./src/app/[locale]/layout.tsx @ webpack-internal:///./node_modules/next/dist/client/components/react-dev-overlay/pages/client.js:84
[    9843ms] [ERROR] ./src/i18n/request.ts:15:22
Module not found: Can't resolve '../../../messages'
  13 |   return {
  14 |     locale,
> 15 |     messages: (await import(`../../../messages/${locale}.json`)).default
     |                      ^
  16 |   };
  17 | });

https://nextjs.org/docs/messages/module-not-found

Import trace for requested module:
./node_modules/next-intl/dist/esm/development/server/react-server/getConfig.js
./node_modules/next-intl/dist/esm/development/server/react-server/getFormatter.js
./node_modules/next-intl/dist/esm/development/server.react-server.js
./src/app/[locale]/layout.tsx @ webpack-internal:///./node_modules/next/dist/client/components/react-dev-overlay/pages/client.js:84
[    9890ms] [ERROR] Failed to load resource: the server responded with a status of 500 (Internal Server Error) @ http://localhost:3000/en:0
[    9987ms] [INFO] %cDownload the React DevTools for a better development experience: https://react.dev/link/react-devtools font-weight:bold @ webpack-internal:///./node_modules/react-dom/cjs/react-dom-client.development.js:28004
[    9990ms] Error: Module not found: Can't resolve '../../../i18n'
  1 | import { getRequestConfig } from 'next-intl/server';
> 2 | import { locales } from '../../../i18n';
    | ^
  3 |
  4 | export default getRequestConfig(async ({ requestLocale }) => {
  5 |   // This typically corresponds to the `[locale]` segment

https://nextjs.org/docs/messages/module-not-found

Import trace for requested module:
./node_modules/next-intl/dist/esm/development/server/react-server/getConfig.js
./node_modules/next-intl/dist/esm/development/server/react-server/getFormatter.js
./node_modules/next-intl/dist/esm/development/server.react-server.js
./src/app/[locale]/layout.tsx
    at <unknown> (https://nextjs.org/docs/messages/module-not-found)
    at getNotFoundError (file:///Users/zhaoqing/Documents/Develop/welean-portal/node_modules/next/dist/build/webpack/plugins/wellknown-errors-plugin/parseNotFoundError.js:134:16)
    at async getModuleBuildError (file:///Users/zhaoqing/Documents/Develop/welean-portal/node_modules/next/dist/build/webpack/plugins/wellknown-errors-plugin/webpackModuleError.js:104:27)
    at async (file:///Users/zhaoqing/Documents/Develop/welean-portal/node_modules/next/dist/build/webpack/plugins/wellknown-errors-plugin/index.js:29:49)
    at async (file:///Users/zhaoqing/Documents/Develop/welean-portal/node_modules/next/dist/build/webpack/plugins/wellknown-errors-plugin/index.js:27:21)
[    9991ms] [LOG] [HMR] connected @ webpack-internal:///./node_modules/next/dist/client/components/react-dev-overlay/pages/websocket.js:41
[    9992ms] [ERROR] ./src/i18n/request.ts:2:1
Module not found: Can't resolve '../../../i18n'
  1 | import { getRequestConfig } from 'next-intl/server';
> 2 | import { locales } from '../../../i18n';
    | ^
  3 |
  4 | export default getRequestConfig(async ({ requestLocale }) => {
  5 |   // This typically corresponds to the `[locale]` segment

https://nextjs.org/docs/messages/module-not-found

Import trace for requested module:
./node_modules/next-intl/dist/esm/development/server/react-server/getConfig.js
./node_modules/next-intl/dist/esm/development/server/react-server/getFormatter.js
./node_modules/next-intl/dist/esm/development/server.react-server.js
./src/app/[locale]/layout.tsx @ webpack-internal:///./node_modules/next/dist/client/components/react-dev-overlay/pages/client.js:84
[    9992ms] [ERROR] ./src/i18n/request.ts:15:22
Module not found: Can't resolve '../../../messages'
  13 |   return {
  14 |     locale,
> 15 |     messages: (await import(`../../../messages/${locale}.json`)).default
     |                      ^
  16 |   };
  17 | });

https://nextjs.org/docs/messages/module-not-found

Import trace for requested module:
./node_modules/next-intl/dist/esm/development/server/react-server/getConfig.js
./node_modules/next-intl/dist/esm/development/server/react-server/getFormatter.js
./node_modules/next-intl/dist/esm/development/server.react-server.js
./src/app/[locale]/layout.tsx @ webpack-internal:///./node_modules/next/dist/client/components/react-dev-overlay/pages/client.js:84
[   10041ms] [ERROR] Failed to load resource: the server responded with a status of 500 (Internal Server Error) @ http://localhost:3000/en:0
[   10138ms] [INFO] %cDownload the React DevTools for a better development experience: https://react.dev/link/react-devtools font-weight:bold @ webpack-internal:///./node_modules/react-dom/cjs/react-dom-client.development.js:28004
[   10144ms] Error: Module not found: Can't resolve '../../../i18n'
  1 | import { getRequestConfig } from 'next-intl/server';
> 2 | import { locales } from '../../../i18n';
    | ^
  3 |
  4 | export default getRequestConfig(async ({ requestLocale }) => {
  5 |   // This typically corresponds to the `[locale]` segment

https://nextjs.org/docs/messages/module-not-found

Import trace for requested module:
./node_modules/next-intl/dist/esm/development/server/react-server/getConfig.js
./node_modules/next-intl/dist/esm/development/server/react-server/getFormatter.js
./node_modules/next-intl/dist/esm/development/server.react-server.js
./src/app/[locale]/layout.tsx
    at <unknown> (https://nextjs.org/docs/messages/module-not-found)
    at getNotFoundError (file:///Users/zhaoqing/Documents/Develop/welean-portal/node_modules/next/dist/build/webpack/plugins/wellknown-errors-plugin/parseNotFoundError.js:134:16)
    at async getModuleBuildError (file:///Users/zhaoqing/Documents/Develop/welean-portal/node_modules/next/dist/build/webpack/plugins/wellknown-errors-plugin/webpackModuleError.js:104:27)
    at async (file:///Users/zhaoqing/Documents/Develop/welean-portal/node_modules/next/dist/build/webpack/plugins/wellknown-errors-plugin/index.js:29:49)
    at async (file:///Users/zhaoqing/Documents/Develop/welean-portal/node_modules/next/dist/build/webpack/plugins/wellknown-errors-plugin/index.js:27:21)
[   10146ms] [LOG] [HMR] connected @ webpack-internal:///./node_modules/next/dist/client/components/react-dev-overlay/pages/websocket.js:41
[   10147ms] [ERROR] ./src/i18n/request.ts:2:1
Module not found: Can't resolve '../../../i18n'
  1 | import { getRequestConfig } from 'next-intl/server';
> 2 | import { locales } from '../../../i18n';
    | ^
  3 |
  4 | export default getRequestConfig(async ({ requestLocale }) => {
  5 |   // This typically corresponds to the `[locale]` segment

https://nextjs.org/docs/messages/module-not-found

Import trace for requested module:
./node_modules/next-intl/dist/esm/development/server/react-server/getConfig.js
./node_modules/next-intl/dist/esm/development/server/react-server/getFormatter.js
./node_modules/next-intl/dist/esm/development/server.react-server.js
./src/app/[locale]/layout.tsx @ webpack-internal:///./node_modules/next/dist/client/components/react-dev-overlay/pages/client.js:84
[   10147ms] [ERROR] ./src/i18n/request.ts:15:22
Module not found: Can't resolve '../../../messages'
  13 |   return {
  14 |     locale,
> 15 |     messages: (await import(`../../../messages/${locale}.json`)).default
     |                      ^
  16 |   };
  17 | });

https://nextjs.org/docs/messages/module-not-found

Import trace for requested module:
./node_modules/next-intl/dist/esm/development/server/react-server/getConfig.js
./node_modules/next-intl/dist/esm/development/server/react-server/getFormatter.js
./node_modules/next-intl/dist/esm/development/server.react-server.js
./src/app/[locale]/layout.tsx @ webpack-internal:///./node_modules/next/dist/client/components/react-dev-overlay/pages/client.js:84
[   10193ms] [ERROR] Failed to load resource: the server responded with a status of 500 (Internal Server Error) @ http://localhost:3000/en:0
[   10290ms] [INFO] %cDownload the React DevTools for a better development experience: https://react.dev/link/react-devtools font-weight:bold @ webpack-internal:///./node_modules/react-dom/cjs/react-dom-client.development.js:28004
[   10293ms] Error: Module not found: Can't resolve '../../../i18n'
  1 | import { getRequestConfig } from 'next-intl/server';
> 2 | import { locales } from '../../../i18n';
    | ^
  3 |
  4 | export default getRequestConfig(async ({ requestLocale }) => {
  5 |   // This typically corresponds to the `[locale]` segment

https://nextjs.org/docs/messages/module-not-found

Import trace for requested module:
./node_modules/next-intl/dist/esm/development/server/react-server/getConfig.js
./node_modules/next-intl/dist/esm/development/server/react-server/getFormatter.js
./node_modules/next-intl/dist/esm/development/server.react-server.js
./src/app/[locale]/layout.tsx
    at <unknown> (https://nextjs.org/docs/messages/module-not-found)
    at getNotFoundError (file:///Users/zhaoqing/Documents/Develop/welean-portal/node_modules/next/dist/build/webpack/plugins/wellknown-errors-plugin/parseNotFoundError.js:134:16)
    at async getModuleBuildError (file:///Users/zhaoqing/Documents/Develop/welean-portal/node_modules/next/dist/build/webpack/plugins/wellknown-errors-plugin/webpackModuleError.js:104:27)
    at async (file:///Users/zhaoqing/Documents/Develop/welean-portal/node_modules/next/dist/build/webpack/plugins/wellknown-errors-plugin/index.js:29:49)
    at async (file:///Users/zhaoqing/Documents/Develop/welean-portal/node_modules/next/dist/build/webpack/plugins/wellknown-errors-plugin/index.js:27:21)
[   10294ms] [LOG] [HMR] connected @ webpack-internal:///./node_modules/next/dist/client/components/react-dev-overlay/pages/websocket.js:41
[   10295ms] [ERROR] ./src/i18n/request.ts:2:1
Module not found: Can't resolve '../../../i18n'
  1 | import { getRequestConfig } from 'next-intl/server';
> 2 | import { locales } from '../../../i18n';
    | ^
  3 |
  4 | export default getRequestConfig(async ({ requestLocale }) => {
  5 |   // This typically corresponds to the `[locale]` segment

https://nextjs.org/docs/messages/module-not-found

Import trace for requested module:
./node_modules/next-intl/dist/esm/development/server/react-server/getConfig.js
./node_modules/next-intl/dist/esm/development/server/react-server/getFormatter.js
./node_modules/next-intl/dist/esm/development/server.react-server.js
./src/app/[locale]/layout.tsx @ webpack-internal:///./node_modules/next/dist/client/components/react-dev-overlay/pages/client.js:84
[   10295ms] [ERROR] ./src/i18n/request.ts:15:22
Module not found: Can't resolve '../../../messages'
  13 |   return {
  14 |     locale,
> 15 |     messages: (await import(`../../../messages/${locale}.json`)).default
     |                      ^
  16 |   };
  17 | });

https://nextjs.org/docs/messages/module-not-found

Import trace for requested module:
./node_modules/next-intl/dist/esm/development/server/react-server/getConfig.js
./node_modules/next-intl/dist/esm/development/server/react-server/getFormatter.js
./node_modules/next-intl/dist/esm/development/server.react-server.js
./src/app/[locale]/layout.tsx @ webpack-internal:///./node_modules/next/dist/client/components/react-dev-overlay/pages/client.js:84
[   10342ms] [ERROR] Failed to load resource: the server responded with a status of 500 (Internal Server Error) @ http://localhost:3000/en:0
[   10441ms] [INFO] %cDownload the React DevTools for a better development experience: https://react.dev/link/react-devtools font-weight:bold @ webpack-internal:///./node_modules/react-dom/cjs/react-dom-client.development.js:28004
[   10444ms] Error: Module not found: Can't resolve '../../../i18n'
  1 | import { getRequestConfig } from 'next-intl/server';
> 2 | import { locales } from '../../../i18n';
    | ^
  3 |
  4 | export default getRequestConfig(async ({ requestLocale }) => {
  5 |   // This typically corresponds to the `[locale]` segment

https://nextjs.org/docs/messages/module-not-found

Import trace for requested module:
./node_modules/next-intl/dist/esm/development/server/react-server/getConfig.js
./node_modules/next-intl/dist/esm/development/server/react-server/getFormatter.js
./node_modules/next-intl/dist/esm/development/server.react-server.js
./src/app/[locale]/layout.tsx
    at <unknown> (https://nextjs.org/docs/messages/module-not-found)
    at getNotFoundError (file:///Users/zhaoqing/Documents/Develop/welean-portal/node_modules/next/dist/build/webpack/plugins/wellknown-errors-plugin/parseNotFoundError.js:134:16)
    at async getModuleBuildError (file:///Users/zhaoqing/Documents/Develop/welean-portal/node_modules/next/dist/build/webpack/plugins/wellknown-errors-plugin/webpackModuleError.js:104:27)
    at async (file:///Users/zhaoqing/Documents/Develop/welean-portal/node_modules/next/dist/build/webpack/plugins/wellknown-errors-plugin/index.js:29:49)
    at async (file:///Users/zhaoqing/Documents/Develop/welean-portal/node_modules/next/dist/build/webpack/plugins/wellknown-errors-plugin/index.js:27:21)
[   10445ms] [LOG] [HMR] connected @ webpack-internal:///./node_modules/next/dist/client/components/react-dev-overlay/pages/websocket.js:41
[   10445ms] [ERROR] ./src/i18n/request.ts:2:1
Module not found: Can't resolve '../../../i18n'
  1 | import { getRequestConfig } from 'next-intl/server';
> 2 | import { locales } from '../../../i18n';
    | ^
  3 |
  4 | export default getRequestConfig(async ({ requestLocale }) => {
  5 |   // This typically corresponds to the `[locale]` segment

https://nextjs.org/docs/messages/module-not-found

Import trace for requested module:
./node_modules/next-intl/dist/esm/development/server/react-server/getConfig.js
./node_modules/next-intl/dist/esm/development/server/react-server/getFormatter.js
./node_modules/next-intl/dist/esm/development/server.react-server.js
./src/app/[locale]/layout.tsx @ webpack-internal:///./node_modules/next/dist/client/components/react-dev-overlay/pages/client.js:84
[   10445ms] [ERROR] ./src/i18n/request.ts:15:22
Module not found: Can't resolve '../../../messages'
  13 |   return {
  14 |     locale,
> 15 |     messages: (await import(`../../../messages/${locale}.json`)).default
     |                      ^
  16 |   };
  17 | });

https://nextjs.org/docs/messages/module-not-found

Import trace for requested module:
./node_modules/next-intl/dist/esm/development/server/react-server/getConfig.js
./node_modules/next-intl/dist/esm/development/server/react-server/getFormatter.js
./node_modules/next-intl/dist/esm/development/server.react-server.js
./src/app/[locale]/layout.tsx @ webpack-internal:///./node_modules/next/dist/client/components/react-dev-overlay/pages/client.js:84
[   10494ms] [ERROR] Failed to load resource: the server responded with a status of 500 (Internal Server Error) @ http://localhost:3000/en:0
[   10593ms] [INFO] %cDownload the React DevTools for a better development experience: https://react.dev/link/react-devtools font-weight:bold @ webpack-internal:///./node_modules/react-dom/cjs/react-dom-client.development.js:28004
[   10596ms] Error: Module not found: Can't resolve '../../../i18n'
  1 | import { getRequestConfig } from 'next-intl/server';
> 2 | import { locales } from '../../../i18n';
    | ^
  3 |
  4 | export default getRequestConfig(async ({ requestLocale }) => {
  5 |   // This typically corresponds to the `[locale]` segment

https://nextjs.org/docs/messages/module-not-found

Import trace for requested module:
./node_modules/next-intl/dist/esm/development/server/react-server/getConfig.js
./node_modules/next-intl/dist/esm/development/server/react-server/getFormatter.js
./node_modules/next-intl/dist/esm/development/server.react-server.js
./src/app/[locale]/layout.tsx
    at <unknown> (https://nextjs.org/docs/messages/module-not-found)
    at getNotFoundError (file:///Users/zhaoqing/Documents/Develop/welean-portal/node_modules/next/dist/build/webpack/plugins/wellknown-errors-plugin/parseNotFoundError.js:134:16)
    at async getModuleBuildError (file:///Users/zhaoqing/Documents/Develop/welean-portal/node_modules/next/dist/build/webpack/plugins/wellknown-errors-plugin/webpackModuleError.js:104:27)
    at async (file:///Users/zhaoqing/Documents/Develop/welean-portal/node_modules/next/dist/build/webpack/plugins/wellknown-errors-plugin/index.js:29:49)
    at async (file:///Users/zhaoqing/Documents/Develop/welean-portal/node_modules/next/dist/build/webpack/plugins/wellknown-errors-plugin/index.js:27:21)
[   10597ms] [LOG] [HMR] connected @ webpack-internal:///./node_modules/next/dist/client/components/react-dev-overlay/pages/websocket.js:41
[   10597ms] [ERROR] ./src/i18n/request.ts:2:1
Module not found: Can't resolve '../../../i18n'
  1 | import { getRequestConfig } from 'next-intl/server';
> 2 | import { locales } from '../../../i18n';
    | ^
  3 |
  4 | export default getRequestConfig(async ({ requestLocale }) => {
  5 |   // This typically corresponds to the `[locale]` segment

https://nextjs.org/docs/messages/module-not-found

Import trace for requested module:
./node_modules/next-intl/dist/esm/development/server/react-server/getConfig.js
./node_modules/next-intl/dist/esm/development/server/react-server/getFormatter.js
./node_modules/next-intl/dist/esm/development/server.react-server.js
./src/app/[locale]/layout.tsx @ webpack-internal:///./node_modules/next/dist/client/components/react-dev-overlay/pages/client.js:84
[   10598ms] [ERROR] ./src/i18n/request.ts:15:22
Module not found: Can't resolve '../../../messages'
  13 |   return {
  14 |     locale,
> 15 |     messages: (await import(`../../../messages/${locale}.json`)).default
     |                      ^
  16 |   };
  17 | });

https://nextjs.org/docs/messages/module-not-found

Import trace for requested module:
./node_modules/next-intl/dist/esm/development/server/react-server/getConfig.js
./node_modules/next-intl/dist/esm/development/server/react-server/getFormatter.js
./node_modules/next-intl/dist/esm/development/server.react-server.js
./src/app/[locale]/layout.tsx @ webpack-internal:///./node_modules/next/dist/client/components/react-dev-overlay/pages/client.js:84
[   10646ms] [ERROR] Failed to load resource: the server responded with a status of 500 (Internal Server Error) @ http://localhost:3000/en:0
[   10745ms] [INFO] %cDownload the React DevTools for a better development experience: https://react.dev/link/react-devtools font-weight:bold @ webpack-internal:///./node_modules/react-dom/cjs/react-dom-client.development.js:28004
[   10748ms] Error: Module not found: Can't resolve '../../../i18n'
  1 | import { getRequestConfig } from 'next-intl/server';
> 2 | import { locales } from '../../../i18n';
    | ^
  3 |
  4 | export default getRequestConfig(async ({ requestLocale }) => {
  5 |   // This typically corresponds to the `[locale]` segment

https://nextjs.org/docs/messages/module-not-found

Import trace for requested module:
./node_modules/next-intl/dist/esm/development/server/react-server/getConfig.js
./node_modules/next-intl/dist/esm/development/server/react-server/getFormatter.js
./node_modules/next-intl/dist/esm/development/server.react-server.js
./src/app/[locale]/layout.tsx
    at <unknown> (https://nextjs.org/docs/messages/module-not-found)
    at getNotFoundError (file:///Users/zhaoqing/Documents/Develop/welean-portal/node_modules/next/dist/build/webpack/plugins/wellknown-errors-plugin/parseNotFoundError.js:134:16)
    at async getModuleBuildError (file:///Users/zhaoqing/Documents/Develop/welean-portal/node_modules/next/dist/build/webpack/plugins/wellknown-errors-plugin/webpackModuleError.js:104:27)
    at async (file:///Users/zhaoqing/Documents/Develop/welean-portal/node_modules/next/dist/build/webpack/plugins/wellknown-errors-plugin/index.js:29:49)
    at async (file:///Users/zhaoqing/Documents/Develop/welean-portal/node_modules/next/dist/build/webpack/plugins/wellknown-errors-plugin/index.js:27:21)
[   10748ms] [LOG] [HMR] connected @ webpack-internal:///./node_modules/next/dist/client/components/react-dev-overlay/pages/websocket.js:41
[   10749ms] [ERROR] ./src/i18n/request.ts:2:1
Module not found: Can't resolve '../../../i18n'
  1 | import { getRequestConfig } from 'next-intl/server';
> 2 | import { locales } from '../../../i18n';
    | ^
  3 |
  4 | export default getRequestConfig(async ({ requestLocale }) => {
  5 |   // This typically corresponds to the `[locale]` segment

https://nextjs.org/docs/messages/module-not-found

Import trace for requested module:
./node_modules/next-intl/dist/esm/development/server/react-server/getConfig.js
./node_modules/next-intl/dist/esm/development/server/react-server/getFormatter.js
./node_modules/next-intl/dist/esm/development/server.react-server.js
./src/app/[locale]/layout.tsx @ webpack-internal:///./node_modules/next/dist/client/components/react-dev-overlay/pages/client.js:84
[   10749ms] [ERROR] ./src/i18n/request.ts:15:22
Module not found: Can't resolve '../../../messages'
  13 |   return {
  14 |     locale,
> 15 |     messages: (await import(`../../../messages/${locale}.json`)).default
     |                      ^
  16 |   };
  17 | });

https://nextjs.org/docs/messages/module-not-found

Import trace for requested module:
./node_modules/next-intl/dist/esm/development/server/react-server/getConfig.js
./node_modules/next-intl/dist/esm/development/server/react-server/getFormatter.js
./node_modules/next-intl/dist/esm/development/server.react-server.js
./src/app/[locale]/layout.tsx @ webpack-internal:///./node_modules/next/dist/client/components/react-dev-overlay/pages/client.js:84
[   10797ms] [ERROR] Failed to load resource: the server responded with a status of 500 (Internal Server Error) @ http://localhost:3000/en:0
[   10894ms] [INFO] %cDownload the React DevTools for a better development experience: https://react.dev/link/react-devtools font-weight:bold @ webpack-internal:///./node_modules/react-dom/cjs/react-dom-client.development.js:28004
[   10897ms] Error: Module not found: Can't resolve '../../../i18n'
  1 | import { getRequestConfig } from 'next-intl/server';
> 2 | import { locales } from '../../../i18n';
    | ^
  3 |
  4 | export default getRequestConfig(async ({ requestLocale }) => {
  5 |   // This typically corresponds to the `[locale]` segment

https://nextjs.org/docs/messages/module-not-found

Import trace for requested module:
./node_modules/next-intl/dist/esm/development/server/react-server/getConfig.js
./node_modules/next-intl/dist/esm/development/server/react-server/getFormatter.js
./node_modules/next-intl/dist/esm/development/server.react-server.js
./src/app/[locale]/layout.tsx
    at <unknown> (https://nextjs.org/docs/messages/module-not-found)
    at getNotFoundError (file:///Users/zhaoqing/Documents/Develop/welean-portal/node_modules/next/dist/build/webpack/plugins/wellknown-errors-plugin/parseNotFoundError.js:134:16)
    at async getModuleBuildError (file:///Users/zhaoqing/Documents/Develop/welean-portal/node_modules/next/dist/build/webpack/plugins/wellknown-errors-plugin/webpackModuleError.js:104:27)
    at async (file:///Users/zhaoqing/Documents/Develop/welean-portal/node_modules/next/dist/build/webpack/plugins/wellknown-errors-plugin/index.js:29:49)
    at async (file:///Users/zhaoqing/Documents/Develop/welean-portal/node_modules/next/dist/build/webpack/plugins/wellknown-errors-plugin/index.js:27:21)
[   10899ms] [LOG] [HMR] connected @ webpack-internal:///./node_modules/next/dist/client/components/react-dev-overlay/pages/websocket.js:41
[   10900ms] [ERROR] ./src/i18n/request.ts:2:1
Module not found: Can't resolve '../../../i18n'
  1 | import { getRequestConfig } from 'next-intl/server';
> 2 | import { locales } from '../../../i18n';
    | ^
  3 |
  4 | export default getRequestConfig(async ({ requestLocale }) => {
  5 |   // This typically corresponds to the `[locale]` segment

https://nextjs.org/docs/messages/module-not-found

Import trace for requested module:
./node_modules/next-intl/dist/esm/development/server/react-server/getConfig.js
./node_modules/next-intl/dist/esm/development/server/react-server/getFormatter.js
./node_modules/next-intl/dist/esm/development/server.react-server.js
./src/app/[locale]/layout.tsx @ webpack-internal:///./node_modules/next/dist/client/components/react-dev-overlay/pages/client.js:84
[   10900ms] [ERROR] ./src/i18n/request.ts:15:22
Module not found: Can't resolve '../../../messages'
  13 |   return {
  14 |     locale,
> 15 |     messages: (await import(`../../../messages/${locale}.json`)).default
     |                      ^
  16 |   };
  17 | });

https://nextjs.org/docs/messages/module-not-found

Import trace for requested module:
./node_modules/next-intl/dist/esm/development/server/react-server/getConfig.js
./node_modules/next-intl/dist/esm/development/server/react-server/getFormatter.js
./node_modules/next-intl/dist/esm/development/server.react-server.js
./src/app/[locale]/layout.tsx @ webpack-internal:///./node_modules/next/dist/client/components/react-dev-overlay/pages/client.js:84
[   10949ms] [ERROR] Failed to load resource: the server responded with a status of 500 (Internal Server Error) @ http://localhost:3000/en:0
[   11049ms] [INFO] %cDownload the React DevTools for a better development experience: https://react.dev/link/react-devtools font-weight:bold @ webpack-internal:///./node_modules/react-dom/cjs/react-dom-client.development.js:28004
[   11055ms] Error: Module not found: Can't resolve '../../../i18n'
  1 | import { getRequestConfig } from 'next-intl/server';
> 2 | import { locales } from '../../../i18n';
    | ^
  3 |
  4 | export default getRequestConfig(async ({ requestLocale }) => {
  5 |   // This typically corresponds to the `[locale]` segment

https://nextjs.org/docs/messages/module-not-found

Import trace for requested module:
./node_modules/next-intl/dist/esm/development/server/react-server/getConfig.js
./node_modules/next-intl/dist/esm/development/server/react-server/getFormatter.js
./node_modules/next-intl/dist/esm/development/server.react-server.js
./src/app/[locale]/layout.tsx
    at <unknown> (https://nextjs.org/docs/messages/module-not-found)
    at getNotFoundError (file:///Users/zhaoqing/Documents/Develop/welean-portal/node_modules/next/dist/build/webpack/plugins/wellknown-errors-plugin/parseNotFoundError.js:134:16)
    at async getModuleBuildError (file:///Users/zhaoqing/Documents/Develop/welean-portal/node_modules/next/dist/build/webpack/plugins/wellknown-errors-plugin/webpackModuleError.js:104:27)
    at async (file:///Users/zhaoqing/Documents/Develop/welean-portal/node_modules/next/dist/build/webpack/plugins/wellknown-errors-plugin/index.js:29:49)
    at async (file:///Users/zhaoqing/Documents/Develop/welean-portal/node_modules/next/dist/build/webpack/plugins/wellknown-errors-plugin/index.js:27:21)
[   11057ms] [LOG] [HMR] connected @ webpack-internal:///./node_modules/next/dist/client/components/react-dev-overlay/pages/websocket.js:41
[   11058ms] [ERROR] ./src/i18n/request.ts:2:1
Module not found: Can't resolve '../../../i18n'
  1 | import { getRequestConfig } from 'next-intl/server';
> 2 | import { locales } from '../../../i18n';
    | ^
  3 |
  4 | export default getRequestConfig(async ({ requestLocale }) => {
  5 |   // This typically corresponds to the `[locale]` segment

https://nextjs.org/docs/messages/module-not-found

Import trace for requested module:
./node_modules/next-intl/dist/esm/development/server/react-server/getConfig.js
./node_modules/next-intl/dist/esm/development/server/react-server/getFormatter.js
./node_modules/next-intl/dist/esm/development/server.react-server.js
./src/app/[locale]/layout.tsx @ webpack-internal:///./node_modules/next/dist/client/components/react-dev-overlay/pages/client.js:84
[   11058ms] [ERROR] ./src/i18n/request.ts:15:22
Module not found: Can't resolve '../../../messages'
  13 |   return {
  14 |     locale,
> 15 |     messages: (await import(`../../../messages/${locale}.json`)).default
     |                      ^
  16 |   };
  17 | });

https://nextjs.org/docs/messages/module-not-found

Import trace for requested module:
./node_modules/next-intl/dist/esm/development/server/react-server/getConfig.js
./node_modules/next-intl/dist/esm/development/server/react-server/getFormatter.js
./node_modules/next-intl/dist/esm/development/server.react-server.js
./src/app/[locale]/layout.tsx @ webpack-internal:///./node_modules/next/dist/client/components/react-dev-overlay/pages/client.js:84
[   11104ms] [ERROR] Failed to load resource: the server responded with a status of 500 (Internal Server Error) @ http://localhost:3000/en:0
[   11216ms] [INFO] %cDownload the React DevTools for a better development experience: https://react.dev/link/react-devtools font-weight:bold @ webpack-internal:///./node_modules/react-dom/cjs/react-dom-client.development.js:28004
[   11219ms] Error: Module not found: Can't resolve '../../../i18n'
  1 | import { getRequestConfig } from 'next-intl/server';
> 2 | import { locales } from '../../../i18n';
    | ^
  3 |
  4 | export default getRequestConfig(async ({ requestLocale }) => {
  5 |   // This typically corresponds to the `[locale]` segment

https://nextjs.org/docs/messages/module-not-found

Import trace for requested module:
./node_modules/next-intl/dist/esm/development/server/react-server/getConfig.js
./node_modules/next-intl/dist/esm/development/server/react-server/getFormatter.js
./node_modules/next-intl/dist/esm/development/server.react-server.js
./src/app/[locale]/layout.tsx
    at <unknown> (https://nextjs.org/docs/messages/module-not-found)
    at getNotFoundError (file:///Users/zhaoqing/Documents/Develop/welean-portal/node_modules/next/dist/build/webpack/plugins/wellknown-errors-plugin/parseNotFoundError.js:134:16)
    at async getModuleBuildError (file:///Users/zhaoqing/Documents/Develop/welean-portal/node_modules/next/dist/build/webpack/plugins/wellknown-errors-plugin/webpackModuleError.js:104:27)
    at async (file:///Users/zhaoqing/Documents/Develop/welean-portal/node_modules/next/dist/build/webpack/plugins/wellknown-errors-plugin/index.js:29:49)
    at async (file:///Users/zhaoqing/Documents/Develop/welean-portal/node_modules/next/dist/build/webpack/plugins/wellknown-errors-plugin/index.js:27:21)
[   11220ms] [LOG] [HMR] connected @ webpack-internal:///./node_modules/next/dist/client/components/react-dev-overlay/pages/websocket.js:41
[   11221ms] [ERROR] ./src/i18n/request.ts:2:1
Module not found: Can't resolve '../../../i18n'
  1 | import { getRequestConfig } from 'next-intl/server';
> 2 | import { locales } from '../../../i18n';
    | ^
  3 |
  4 | export default getRequestConfig(async ({ requestLocale }) => {
  5 |   // This typically corresponds to the `[locale]` segment

https://nextjs.org/docs/messages/module-not-found

Import trace for requested module:
./node_modules/next-intl/dist/esm/development/server/react-server/getConfig.js
./node_modules/next-intl/dist/esm/development/server/react-server/getFormatter.js
./node_modules/next-intl/dist/esm/development/server.react-server.js
./src/app/[locale]/layout.tsx @ webpack-internal:///./node_modules/next/dist/client/components/react-dev-overlay/pages/client.js:84
[   11221ms] [ERROR] ./src/i18n/request.ts:15:22
Module not found: Can't resolve '../../../messages'
  13 |   return {
  14 |     locale,
> 15 |     messages: (await import(`../../../messages/${locale}.json`)).default
     |                      ^
  16 |   };
  17 | });

https://nextjs.org/docs/messages/module-not-found

Import trace for requested module:
./node_modules/next-intl/dist/esm/development/server/react-server/getConfig.js
./node_modules/next-intl/dist/esm/development/server/react-server/getFormatter.js
./node_modules/next-intl/dist/esm/development/server.react-server.js
./src/app/[locale]/layout.tsx @ webpack-internal:///./node_modules/next/dist/client/components/react-dev-overlay/pages/client.js:84
[   11308ms] [ERROR] Failed to load resource: the server responded with a status of 500 (Internal Server Error) @ http://localhost:3000/en:0
[   11406ms] [INFO] %cDownload the React DevTools for a better development experience: https://react.dev/link/react-devtools font-weight:bold @ webpack-internal:///./node_modules/react-dom/cjs/react-dom-client.development.js:28004
[   11409ms] Error: Module not found: Can't resolve '../../../i18n'
  1 | import { getRequestConfig } from 'next-intl/server';
> 2 | import { locales } from '../../../i18n';
    | ^
  3 |
  4 | export default getRequestConfig(async ({ requestLocale }) => {
  5 |   // This typically corresponds to the `[locale]` segment

https://nextjs.org/docs/messages/module-not-found

Import trace for requested module:
./node_modules/next-intl/dist/esm/development/server/react-server/getConfig.js
./node_modules/next-intl/dist/esm/development/server/react-server/getFormatter.js
./node_modules/next-intl/dist/esm/development/server.react-server.js
./src/app/[locale]/layout.tsx
    at <unknown> (https://nextjs.org/docs/messages/module-not-found)
    at getNotFoundError (file:///Users/zhaoqing/Documents/Develop/welean-portal/node_modules/next/dist/build/webpack/plugins/wellknown-errors-plugin/parseNotFoundError.js:134:16)
    at async getModuleBuildError (file:///Users/zhaoqing/Documents/Develop/welean-portal/node_modules/next/dist/build/webpack/plugins/wellknown-errors-plugin/webpackModuleError.js:104:27)
    at async (file:///Users/zhaoqing/Documents/Develop/welean-portal/node_modules/next/dist/build/webpack/plugins/wellknown-errors-plugin/index.js:29:49)
    at async (file:///Users/zhaoqing/Documents/Develop/welean-portal/node_modules/next/dist/build/webpack/plugins/wellknown-errors-plugin/index.js:27:21)
[   11410ms] [LOG] [HMR] connected @ webpack-internal:///./node_modules/next/dist/client/components/react-dev-overlay/pages/websocket.js:41
[   11411ms] [ERROR] ./src/i18n/request.ts:2:1
Module not found: Can't resolve '../../../i18n'
  1 | import { getRequestConfig } from 'next-intl/server';
> 2 | import { locales } from '../../../i18n';
    | ^
  3 |
  4 | export default getRequestConfig(async ({ requestLocale }) => {
  5 |   // This typically corresponds to the `[locale]` segment

https://nextjs.org/docs/messages/module-not-found

Import trace for requested module:
./node_modules/next-intl/dist/esm/development/server/react-server/getConfig.js
./node_modules/next-intl/dist/esm/development/server/react-server/getFormatter.js
./node_modules/next-intl/dist/esm/development/server.react-server.js
./src/app/[locale]/layout.tsx @ webpack-internal:///./node_modules/next/dist/client/components/react-dev-overlay/pages/client.js:84
[   11411ms] [ERROR] ./src/i18n/request.ts:15:22
Module not found: Can't resolve '../../../messages'
  13 |   return {
  14 |     locale,
> 15 |     messages: (await import(`../../../messages/${locale}.json`)).default
     |                      ^
  16 |   };
  17 | });

https://nextjs.org/docs/messages/module-not-found

Import trace for requested module:
./node_modules/next-intl/dist/esm/development/server/react-server/getConfig.js
./node_modules/next-intl/dist/esm/development/server/react-server/getFormatter.js
./node_modules/next-intl/dist/esm/development/server.react-server.js
./src/app/[locale]/layout.tsx @ webpack-internal:///./node_modules/next/dist/client/components/react-dev-overlay/pages/client.js:84
[   11456ms] [ERROR] Failed to load resource: the server responded with a status of 500 (Internal Server Error) @ http://localhost:3000/en:0
[   11554ms] [INFO] %cDownload the React DevTools for a better development experience: https://react.dev/link/react-devtools font-weight:bold @ webpack-internal:///./node_modules/react-dom/cjs/react-dom-client.development.js:28004
[   11558ms] Error: Module not found: Can't resolve '../../../i18n'
  1 | import { getRequestConfig } from 'next-intl/server';
> 2 | import { locales } from '../../../i18n';
    | ^
  3 |
  4 | export default getRequestConfig(async ({ requestLocale }) => {
  5 |   // This typically corresponds to the `[locale]` segment

https://nextjs.org/docs/messages/module-not-found

Import trace for requested module:
./node_modules/next-intl/dist/esm/development/server/react-server/getConfig.js
./node_modules/next-intl/dist/esm/development/server/react-server/getFormatter.js
./node_modules/next-intl/dist/esm/development/server.react-server.js
./src/app/[locale]/layout.tsx
    at <unknown> (https://nextjs.org/docs/messages/module-not-found)
    at getNotFoundError (file:///Users/zhaoqing/Documents/Develop/welean-portal/node_modules/next/dist/build/webpack/plugins/wellknown-errors-plugin/parseNotFoundError.js:134:16)
    at async getModuleBuildError (file:///Users/zhaoqing/Documents/Develop/welean-portal/node_modules/next/dist/build/webpack/plugins/wellknown-errors-plugin/webpackModuleError.js:104:27)
    at async (file:///Users/zhaoqing/Documents/Develop/welean-portal/node_modules/next/dist/build/webpack/plugins/wellknown-errors-plugin/index.js:29:49)
    at async (file:///Users/zhaoqing/Documents/Develop/welean-portal/node_modules/next/dist/build/webpack/plugins/wellknown-errors-plugin/index.js:27:21)
[   11558ms] [LOG] [HMR] connected @ webpack-internal:///./node_modules/next/dist/client/components/react-dev-overlay/pages/websocket.js:41
[   11560ms] [ERROR] ./src/i18n/request.ts:2:1
Module not found: Can't resolve '../../../i18n'
  1 | import { getRequestConfig } from 'next-intl/server';
> 2 | import { locales } from '../../../i18n';
    | ^
  3 |
  4 | export default getRequestConfig(async ({ requestLocale }) => {
  5 |   // This typically corresponds to the `[locale]` segment

https://nextjs.org/docs/messages/module-not-found

Import trace for requested module:
./node_modules/next-intl/dist/esm/development/server/react-server/getConfig.js
./node_modules/next-intl/dist/esm/development/server/react-server/getFormatter.js
./node_modules/next-intl/dist/esm/development/server.react-server.js
./src/app/[locale]/layout.tsx @ webpack-internal:///./node_modules/next/dist/client/components/react-dev-overlay/pages/client.js:84
[   11560ms] [ERROR] ./src/i18n/request.ts:15:22
Module not found: Can't resolve '../../../messages'
  13 |   return {
  14 |     locale,
> 15 |     messages: (await import(`../../../messages/${locale}.json`)).default
     |                      ^
  16 |   };
  17 | });

https://nextjs.org/docs/messages/module-not-found

Import trace for requested module:
./node_modules/next-intl/dist/esm/development/server/react-server/getConfig.js
./node_modules/next-intl/dist/esm/development/server/react-server/getFormatter.js
./node_modules/next-intl/dist/esm/development/server.react-server.js
./src/app/[locale]/layout.tsx @ webpack-internal:///./node_modules/next/dist/client/components/react-dev-overlay/pages/client.js:84
[   11606ms] [ERROR] Failed to load resource: the server responded with a status of 500 (Internal Server Error) @ http://localhost:3000/en:0
[   11705ms] [INFO] %cDownload the React DevTools for a better development experience: https://react.dev/link/react-devtools font-weight:bold @ webpack-internal:///./node_modules/react-dom/cjs/react-dom-client.development.js:28004
[   11708ms] Error: Module not found: Can't resolve '../../../i18n'
  1 | import { getRequestConfig } from 'next-intl/server';
> 2 | import { locales } from '../../../i18n';
    | ^
  3 |
  4 | export default getRequestConfig(async ({ requestLocale }) => {
  5 |   // This typically corresponds to the `[locale]` segment

https://nextjs.org/docs/messages/module-not-found

Import trace for requested module:
./node_modules/next-intl/dist/esm/development/server/react-server/getConfig.js
./node_modules/next-intl/dist/esm/development/server/react-server/getFormatter.js
./node_modules/next-intl/dist/esm/development/server.react-server.js
./src/app/[locale]/layout.tsx
    at <unknown> (https://nextjs.org/docs/messages/module-not-found)
    at getNotFoundError (file:///Users/zhaoqing/Documents/Develop/welean-portal/node_modules/next/dist/build/webpack/plugins/wellknown-errors-plugin/parseNotFoundError.js:134:16)
    at async getModuleBuildError (file:///Users/zhaoqing/Documents/Develop/welean-portal/node_modules/next/dist/build/webpack/plugins/wellknown-errors-plugin/webpackModuleError.js:104:27)
    at async (file:///Users/zhaoqing/Documents/Develop/welean-portal/node_modules/next/dist/build/webpack/plugins/wellknown-errors-plugin/index.js:29:49)
    at async (file:///Users/zhaoqing/Documents/Develop/welean-portal/node_modules/next/dist/build/webpack/plugins/wellknown-errors-plugin/index.js:27:21)
[   11709ms] [LOG] [HMR] connected @ webpack-internal:///./node_modules/next/dist/client/components/react-dev-overlay/pages/websocket.js:41
[   11709ms] [ERROR] ./src/i18n/request.ts:2:1
Module not found: Can't resolve '../../../i18n'
  1 | import { getRequestConfig } from 'next-intl/server';
> 2 | import { locales } from '../../../i18n';
    | ^
  3 |
  4 | export default getRequestConfig(async ({ requestLocale }) => {
  5 |   // This typically corresponds to the `[locale]` segment

https://nextjs.org/docs/messages/module-not-found

Import trace for requested module:
./node_modules/next-intl/dist/esm/development/server/react-server/getConfig.js
./node_modules/next-intl/dist/esm/development/server/react-server/getFormatter.js
./node_modules/next-intl/dist/esm/development/server.react-server.js
./src/app/[locale]/layout.tsx @ webpack-internal:///./node_modules/next/dist/client/components/react-dev-overlay/pages/client.js:84
[   11710ms] [ERROR] ./src/i18n/request.ts:15:22
Module not found: Can't resolve '../../../messages'
  13 |   return {
  14 |     locale,
> 15 |     messages: (await import(`../../../messages/${locale}.json`)).default
     |                      ^
  16 |   };
  17 | });

https://nextjs.org/docs/messages/module-not-found

Import trace for requested module:
./node_modules/next-intl/dist/esm/development/server/react-server/getConfig.js
./node_modules/next-intl/dist/esm/development/server/react-server/getFormatter.js
./node_modules/next-intl/dist/esm/development/server.react-server.js
./src/app/[locale]/layout.tsx @ webpack-internal:///./node_modules/next/dist/client/components/react-dev-overlay/pages/client.js:84
[   11758ms] [ERROR] Failed to load resource: the server responded with a status of 500 (Internal Server Error) @ http://localhost:3000/en:0
[   11853ms] [INFO] %cDownload the React DevTools for a better development experience: https://react.dev/link/react-devtools font-weight:bold @ webpack-internal:///./node_modules/react-dom/cjs/react-dom-client.development.js:28004
[   11857ms] Error: Module not found: Can't resolve '../../../i18n'
  1 | import { getRequestConfig } from 'next-intl/server';
> 2 | import { locales } from '../../../i18n';
    | ^
  3 |
  4 | export default getRequestConfig(async ({ requestLocale }) => {
  5 |   // This typically corresponds to the `[locale]` segment

https://nextjs.org/docs/messages/module-not-found

Import trace for requested module:
./node_modules/next-intl/dist/esm/development/server/react-server/getConfig.js
./node_modules/next-intl/dist/esm/development/server/react-server/getFormatter.js
./node_modules/next-intl/dist/esm/development/server.react-server.js
./src/app/[locale]/layout.tsx
    at <unknown> (https://nextjs.org/docs/messages/module-not-found)
    at getNotFoundError (file:///Users/zhaoqing/Documents/Develop/welean-portal/node_modules/next/dist/build/webpack/plugins/wellknown-errors-plugin/parseNotFoundError.js:134:16)
    at async getModuleBuildError (file:///Users/zhaoqing/Documents/Develop/welean-portal/node_modules/next/dist/build/webpack/plugins/wellknown-errors-plugin/webpackModuleError.js:104:27)
    at async (file:///Users/zhaoqing/Documents/Develop/welean-portal/node_modules/next/dist/build/webpack/plugins/wellknown-errors-plugin/index.js:29:49)
    at async (file:///Users/zhaoqing/Documents/Develop/welean-portal/node_modules/next/dist/build/webpack/plugins/wellknown-errors-plugin/index.js:27:21)
[   11858ms] [LOG] [HMR] connected @ webpack-internal:///./node_modules/next/dist/client/components/react-dev-overlay/pages/websocket.js:41
[   11858ms] [ERROR] ./src/i18n/request.ts:2:1
Module not found: Can't resolve '../../../i18n'
  1 | import { getRequestConfig } from 'next-intl/server';
> 2 | import { locales } from '../../../i18n';
    | ^
  3 |
  4 | export default getRequestConfig(async ({ requestLocale }) => {
  5 |   // This typically corresponds to the `[locale]` segment

https://nextjs.org/docs/messages/module-not-found

Import trace for requested module:
./node_modules/next-intl/dist/esm/development/server/react-server/getConfig.js
./node_modules/next-intl/dist/esm/development/server/react-server/getFormatter.js
./node_modules/next-intl/dist/esm/development/server.react-server.js
./src/app/[locale]/layout.tsx @ webpack-internal:///./node_modules/next/dist/client/components/react-dev-overlay/pages/client.js:84
[   11858ms] [ERROR] ./src/i18n/request.ts:15:22
Module not found: Can't resolve '../../../messages'
  13 |   return {
  14 |     locale,
> 15 |     messages: (await import(`../../../messages/${locale}.json`)).default
     |                      ^
  16 |   };
  17 | });

https://nextjs.org/docs/messages/module-not-found

Import trace for requested module:
./node_modules/next-intl/dist/esm/development/server/react-server/getConfig.js
./node_modules/next-intl/dist/esm/development/server/react-server/getFormatter.js
./node_modules/next-intl/dist/esm/development/server.react-server.js
./src/app/[locale]/layout.tsx @ webpack-internal:///./node_modules/next/dist/client/components/react-dev-overlay/pages/client.js:84
[   11910ms] [ERROR] Failed to load resource: the server responded with a status of 500 (Internal Server Error) @ http://localhost:3000/en:0
[   12007ms] [INFO] %cDownload the React DevTools for a better development experience: https://react.dev/link/react-devtools font-weight:bold @ webpack-internal:///./node_modules/react-dom/cjs/react-dom-client.development.js:28004
[   12011ms] Error: Module not found: Can't resolve '../../../i18n'
  1 | import { getRequestConfig } from 'next-intl/server';
> 2 | import { locales } from '../../../i18n';
    | ^
  3 |
  4 | export default getRequestConfig(async ({ requestLocale }) => {
  5 |   // This typically corresponds to the `[locale]` segment

https://nextjs.org/docs/messages/module-not-found

Import trace for requested module:
./node_modules/next-intl/dist/esm/development/server/react-server/getConfig.js
./node_modules/next-intl/dist/esm/development/server/react-server/getFormatter.js
./node_modules/next-intl/dist/esm/development/server.react-server.js
./src/app/[locale]/layout.tsx
    at <unknown> (https://nextjs.org/docs/messages/module-not-found)
    at getNotFoundError (file:///Users/zhaoqing/Documents/Develop/welean-portal/node_modules/next/dist/build/webpack/plugins/wellknown-errors-plugin/parseNotFoundError.js:134:16)
    at async getModuleBuildError (file:///Users/zhaoqing/Documents/Develop/welean-portal/node_modules/next/dist/build/webpack/plugins/wellknown-errors-plugin/webpackModuleError.js:104:27)
    at async (file:///Users/zhaoqing/Documents/Develop/welean-portal/node_modules/next/dist/build/webpack/plugins/wellknown-errors-plugin/index.js:29:49)
    at async (file:///Users/zhaoqing/Documents/Develop/welean-portal/node_modules/next/dist/build/webpack/plugins/wellknown-errors-plugin/index.js:27:21)
[   12012ms] [LOG] [HMR] connected @ webpack-internal:///./node_modules/next/dist/client/components/react-dev-overlay/pages/websocket.js:41
[   12012ms] [ERROR] ./src/i18n/request.ts:2:1
Module not found: Can't resolve '../../../i18n'
  1 | import { getRequestConfig } from 'next-intl/server';
> 2 | import { locales } from '../../../i18n';
    | ^
  3 |
  4 | export default getRequestConfig(async ({ requestLocale }) => {
  5 |   // This typically corresponds to the `[locale]` segment

https://nextjs.org/docs/messages/module-not-found

Import trace for requested module:
./node_modules/next-intl/dist/esm/development/server/react-server/getConfig.js
./node_modules/next-intl/dist/esm/development/server/react-server/getFormatter.js
./node_modules/next-intl/dist/esm/development/server.react-server.js
./src/app/[locale]/layout.tsx @ webpack-internal:///./node_modules/next/dist/client/components/react-dev-overlay/pages/client.js:84
[   12012ms] [ERROR] ./src/i18n/request.ts:15:22
Module not found: Can't resolve '../../../messages'
  13 |   return {
  14 |     locale,
> 15 |     messages: (await import(`../../../messages/${locale}.json`)).default
     |                      ^
  16 |   };
  17 | });

https://nextjs.org/docs/messages/module-not-found

Import trace for requested module:
./node_modules/next-intl/dist/esm/development/server/react-server/getConfig.js
./node_modules/next-intl/dist/esm/development/server/react-server/getFormatter.js
./node_modules/next-intl/dist/esm/development/server.react-server.js
./src/app/[locale]/layout.tsx @ webpack-internal:///./node_modules/next/dist/client/components/react-dev-overlay/pages/client.js:84
[   12061ms] [ERROR] Failed to load resource: the server responded with a status of 500 (Internal Server Error) @ http://localhost:3000/en:0
[   12159ms] [INFO] %cDownload the React DevTools for a better development experience: https://react.dev/link/react-devtools font-weight:bold @ webpack-internal:///./node_modules/react-dom/cjs/react-dom-client.development.js:28004
[   12164ms] Error: Module not found: Can't resolve '../../../i18n'
  1 | import { getRequestConfig } from 'next-intl/server';
> 2 | import { locales } from '../../../i18n';
    | ^
  3 |
  4 | export default getRequestConfig(async ({ requestLocale }) => {
  5 |   // This typically corresponds to the `[locale]` segment

https://nextjs.org/docs/messages/module-not-found

Import trace for requested module:
./node_modules/next-intl/dist/esm/development/server/react-server/getConfig.js
./node_modules/next-intl/dist/esm/development/server/react-server/getFormatter.js
./node_modules/next-intl/dist/esm/development/server.react-server.js
./src/app/[locale]/layout.tsx
    at <unknown> (https://nextjs.org/docs/messages/module-not-found)
    at getNotFoundError (file:///Users/zhaoqing/Documents/Develop/welean-portal/node_modules/next/dist/build/webpack/plugins/wellknown-errors-plugin/parseNotFoundError.js:134:16)
    at async getModuleBuildError (file:///Users/zhaoqing/Documents/Develop/welean-portal/node_modules/next/dist/build/webpack/plugins/wellknown-errors-plugin/webpackModuleError.js:104:27)
    at async (file:///Users/zhaoqing/Documents/Develop/welean-portal/node_modules/next/dist/build/webpack/plugins/wellknown-errors-plugin/index.js:29:49)
    at async (file:///Users/zhaoqing/Documents/Develop/welean-portal/node_modules/next/dist/build/webpack/plugins/wellknown-errors-plugin/index.js:27:21)
[   12167ms] [LOG] [HMR] connected @ webpack-internal:///./node_modules/next/dist/client/components/react-dev-overlay/pages/websocket.js:41
[   12167ms] [ERROR] ./src/i18n/request.ts:2:1
Module not found: Can't resolve '../../../i18n'
  1 | import { getRequestConfig } from 'next-intl/server';
> 2 | import { locales } from '../../../i18n';
    | ^
  3 |
  4 | export default getRequestConfig(async ({ requestLocale }) => {
  5 |   // This typically corresponds to the `[locale]` segment

https://nextjs.org/docs/messages/module-not-found

Import trace for requested module:
./node_modules/next-intl/dist/esm/development/server/react-server/getConfig.js
./node_modules/next-intl/dist/esm/development/server/react-server/getFormatter.js
./node_modules/next-intl/dist/esm/development/server.react-server.js
./src/app/[locale]/layout.tsx @ webpack-internal:///./node_modules/next/dist/client/components/react-dev-overlay/pages/client.js:84
[   12167ms] [ERROR] ./src/i18n/request.ts:15:22
Module not found: Can't resolve '../../../messages'
  13 |   return {
  14 |     locale,
> 15 |     messages: (await import(`../../../messages/${locale}.json`)).default
     |                      ^
  16 |   };
  17 | });

https://nextjs.org/docs/messages/module-not-found

Import trace for requested module:
./node_modules/next-intl/dist/esm/development/server/react-server/getConfig.js
./node_modules/next-intl/dist/esm/development/server/react-server/getFormatter.js
./node_modules/next-intl/dist/esm/development/server.react-server.js
./src/app/[locale]/layout.tsx @ webpack-internal:///./node_modules/next/dist/client/components/react-dev-overlay/pages/client.js:84
[   12213ms] [ERROR] Failed to load resource: the server responded with a status of 500 (Internal Server Error) @ http://localhost:3000/en:0
[   12311ms] [INFO] %cDownload the React DevTools for a better development experience: https://react.dev/link/react-devtools font-weight:bold @ webpack-internal:///./node_modules/react-dom/cjs/react-dom-client.development.js:28004
[   12314ms] Error: Module not found: Can't resolve '../../../i18n'
  1 | import { getRequestConfig } from 'next-intl/server';
> 2 | import { locales } from '../../../i18n';
    | ^
  3 |
  4 | export default getRequestConfig(async ({ requestLocale }) => {
  5 |   // This typically corresponds to the `[locale]` segment

https://nextjs.org/docs/messages/module-not-found

Import trace for requested module:
./node_modules/next-intl/dist/esm/development/server/react-server/getConfig.js
./node_modules/next-intl/dist/esm/development/server/react-server/getFormatter.js
./node_modules/next-intl/dist/esm/development/server.react-server.js
./src/app/[locale]/layout.tsx
    at <unknown> (https://nextjs.org/docs/messages/module-not-found)
    at getNotFoundError (file:///Users/zhaoqing/Documents/Develop/welean-portal/node_modules/next/dist/build/webpack/plugins/wellknown-errors-plugin/parseNotFoundError.js:134:16)
    at async getModuleBuildError (file:///Users/zhaoqing/Documents/Develop/welean-portal/node_modules/next/dist/build/webpack/plugins/wellknown-errors-plugin/webpackModuleError.js:104:27)
    at async (file:///Users/zhaoqing/Documents/Develop/welean-portal/node_modules/next/dist/build/webpack/plugins/wellknown-errors-plugin/index.js:29:49)
    at async (file:///Users/zhaoqing/Documents/Develop/welean-portal/node_modules/next/dist/build/webpack/plugins/wellknown-errors-plugin/index.js:27:21)
[   12315ms] [LOG] [HMR] connected @ webpack-internal:///./node_modules/next/dist/client/components/react-dev-overlay/pages/websocket.js:41
[   12316ms] [ERROR] ./src/i18n/request.ts:2:1
Module not found: Can't resolve '../../../i18n'
  1 | import { getRequestConfig } from 'next-intl/server';
> 2 | import { locales } from '../../../i18n';
    | ^
  3 |
  4 | export default getRequestConfig(async ({ requestLocale }) => {
  5 |   // This typically corresponds to the `[locale]` segment

https://nextjs.org/docs/messages/module-not-found

Import trace for requested module:
./node_modules/next-intl/dist/esm/development/server/react-server/getConfig.js
./node_modules/next-intl/dist/esm/development/server/react-server/getFormatter.js
./node_modules/next-intl/dist/esm/development/server.react-server.js
./src/app/[locale]/layout.tsx @ webpack-internal:///./node_modules/next/dist/client/components/react-dev-overlay/pages/client.js:84
[   12317ms] [ERROR] ./src/i18n/request.ts:15:22
Module not found: Can't resolve '../../../messages'
  13 |   return {
  14 |     locale,
> 15 |     messages: (await import(`../../../messages/${locale}.json`)).default
     |                      ^
  16 |   };
  17 | });

https://nextjs.org/docs/messages/module-not-found

Import trace for requested module:
./node_modules/next-intl/dist/esm/development/server/react-server/getConfig.js
./node_modules/next-intl/dist/esm/development/server/react-server/getFormatter.js
./node_modules/next-intl/dist/esm/development/server.react-server.js
./src/app/[locale]/layout.tsx @ webpack-internal:///./node_modules/next/dist/client/components/react-dev-overlay/pages/client.js:84
[   12363ms] [ERROR] Failed to load resource: the server responded with a status of 500 (Internal Server Error) @ http://localhost:3000/en:0
[   12459ms] [INFO] %cDownload the React DevTools for a better development experience: https://react.dev/link/react-devtools font-weight:bold @ webpack-internal:///./node_modules/react-dom/cjs/react-dom-client.development.js:28004
[   12462ms] Error: Module not found: Can't resolve '../../../i18n'
  1 | import { getRequestConfig } from 'next-intl/server';
> 2 | import { locales } from '../../../i18n';
    | ^
  3 |
  4 | export default getRequestConfig(async ({ requestLocale }) => {
  5 |   // This typically corresponds to the `[locale]` segment

https://nextjs.org/docs/messages/module-not-found

Import trace for requested module:
./node_modules/next-intl/dist/esm/development/server/react-server/getConfig.js
./node_modules/next-intl/dist/esm/development/server/react-server/getFormatter.js
./node_modules/next-intl/dist/esm/development/server.react-server.js
./src/app/[locale]/layout.tsx
    at <unknown> (https://nextjs.org/docs/messages/module-not-found)
    at getNotFoundError (file:///Users/zhaoqing/Documents/Develop/welean-portal/node_modules/next/dist/build/webpack/plugins/wellknown-errors-plugin/parseNotFoundError.js:134:16)
    at async getModuleBuildError (file:///Users/zhaoqing/Documents/Develop/welean-portal/node_modules/next/dist/build/webpack/plugins/wellknown-errors-plugin/webpackModuleError.js:104:27)
    at async (file:///Users/zhaoqing/Documents/Develop/welean-portal/node_modules/next/dist/build/webpack/plugins/wellknown-errors-plugin/index.js:29:49)
    at async (file:///Users/zhaoqing/Documents/Develop/welean-portal/node_modules/next/dist/build/webpack/plugins/wellknown-errors-plugin/index.js:27:21)
[   12463ms] [LOG] [HMR] connected @ webpack-internal:///./node_modules/next/dist/client/components/react-dev-overlay/pages/websocket.js:41
[   12463ms] [ERROR] ./src/i18n/request.ts:2:1
Module not found: Can't resolve '../../../i18n'
  1 | import { getRequestConfig } from 'next-intl/server';
> 2 | import { locales } from '../../../i18n';
    | ^
  3 |
  4 | export default getRequestConfig(async ({ requestLocale }) => {
  5 |   // This typically corresponds to the `[locale]` segment

https://nextjs.org/docs/messages/module-not-found

Import trace for requested module:
./node_modules/next-intl/dist/esm/development/server/react-server/getConfig.js
./node_modules/next-intl/dist/esm/development/server/react-server/getFormatter.js
./node_modules/next-intl/dist/esm/development/server.react-server.js
./src/app/[locale]/layout.tsx @ webpack-internal:///./node_modules/next/dist/client/components/react-dev-overlay/pages/client.js:84
[   12463ms] [ERROR] ./src/i18n/request.ts:15:22
Module not found: Can't resolve '../../../messages'
  13 |   return {
  14 |     locale,
> 15 |     messages: (await import(`../../../messages/${locale}.json`)).default
     |                      ^
  16 |   };
  17 | });

https://nextjs.org/docs/messages/module-not-found

Import trace for requested module:
./node_modules/next-intl/dist/esm/development/server/react-server/getConfig.js
./node_modules/next-intl/dist/esm/development/server/react-server/getFormatter.js
./node_modules/next-intl/dist/esm/development/server.react-server.js
./src/app/[locale]/layout.tsx @ webpack-internal:///./node_modules/next/dist/client/components/react-dev-overlay/pages/client.js:84
[   12518ms] [ERROR] Failed to load resource: the server responded with a status of 500 (Internal Server Error) @ http://localhost:3000/en:0
[   12616ms] [INFO] %cDownload the React DevTools for a better development experience: https://react.dev/link/react-devtools font-weight:bold @ webpack-internal:///./node_modules/react-dom/cjs/react-dom-client.development.js:28004
[   12620ms] Error: Module not found: Can't resolve '../../../i18n'
  1 | import { getRequestConfig } from 'next-intl/server';
> 2 | import { locales } from '../../../i18n';
    | ^
  3 |
  4 | export default getRequestConfig(async ({ requestLocale }) => {
  5 |   // This typically corresponds to the `[locale]` segment

https://nextjs.org/docs/messages/module-not-found

Import trace for requested module:
./node_modules/next-intl/dist/esm/development/server/react-server/getConfig.js
./node_modules/next-intl/dist/esm/development/server/react-server/getFormatter.js
./node_modules/next-intl/dist/esm/development/server.react-server.js
./src/app/[locale]/layout.tsx
    at <unknown> (https://nextjs.org/docs/messages/module-not-found)
    at getNotFoundError (file:///Users/zhaoqing/Documents/Develop/welean-portal/node_modules/next/dist/build/webpack/plugins/wellknown-errors-plugin/parseNotFoundError.js:134:16)
    at async getModuleBuildError (file:///Users/zhaoqing/Documents/Develop/welean-portal/node_modules/next/dist/build/webpack/plugins/wellknown-errors-plugin/webpackModuleError.js:104:27)
    at async (file:///Users/zhaoqing/Documents/Develop/welean-portal/node_modules/next/dist/build/webpack/plugins/wellknown-errors-plugin/index.js:29:49)
    at async (file:///Users/zhaoqing/Documents/Develop/welean-portal/node_modules/next/dist/build/webpack/plugins/wellknown-errors-plugin/index.js:27:21)
[   12620ms] [LOG] [HMR] connected @ webpack-internal:///./node_modules/next/dist/client/components/react-dev-overlay/pages/websocket.js:41
[   12622ms] [ERROR] ./src/i18n/request.ts:2:1
Module not found: Can't resolve '../../../i18n'
  1 | import { getRequestConfig } from 'next-intl/server';
> 2 | import { locales } from '../../../i18n';
    | ^
  3 |
  4 | export default getRequestConfig(async ({ requestLocale }) => {
  5 |   // This typically corresponds to the `[locale]` segment

https://nextjs.org/docs/messages/module-not-found

Import trace for requested module:
./node_modules/next-intl/dist/esm/development/server/react-server/getConfig.js
./node_modules/next-intl/dist/esm/development/server/react-server/getFormatter.js
./node_modules/next-intl/dist/esm/development/server.react-server.js
./src/app/[locale]/layout.tsx @ webpack-internal:///./node_modules/next/dist/client/components/react-dev-overlay/pages/client.js:84
[   12622ms] [ERROR] ./src/i18n/request.ts:15:22
Module not found: Can't resolve '../../../messages'
  13 |   return {
  14 |     locale,
> 15 |     messages: (await import(`../../../messages/${locale}.json`)).default
     |                      ^
  16 |   };
  17 | });

https://nextjs.org/docs/messages/module-not-found

Import trace for requested module:
./node_modules/next-intl/dist/esm/development/server/react-server/getConfig.js
./node_modules/next-intl/dist/esm/development/server/react-server/getFormatter.js
./node_modules/next-intl/dist/esm/development/server.react-server.js
./src/app/[locale]/layout.tsx @ webpack-internal:///./node_modules/next/dist/client/components/react-dev-overlay/pages/client.js:84
[   12667ms] [ERROR] Failed to load resource: the server responded with a status of 500 (Internal Server Error) @ http://localhost:3000/en:0
[   12764ms] [INFO] %cDownload the React DevTools for a better development experience: https://react.dev/link/react-devtools font-weight:bold @ webpack-internal:///./node_modules/react-dom/cjs/react-dom-client.development.js:28004
[   12767ms] Error: Module not found: Can't resolve '../../../i18n'
  1 | import { getRequestConfig } from 'next-intl/server';
> 2 | import { locales } from '../../../i18n';
    | ^
  3 |
  4 | export default getRequestConfig(async ({ requestLocale }) => {
  5 |   // This typically corresponds to the `[locale]` segment

https://nextjs.org/docs/messages/module-not-found

Import trace for requested module:
./node_modules/next-intl/dist/esm/development/server/react-server/getConfig.js
./node_modules/next-intl/dist/esm/development/server/react-server/getFormatter.js
./node_modules/next-intl/dist/esm/development/server.react-server.js
./src/app/[locale]/layout.tsx
    at <unknown> (https://nextjs.org/docs/messages/module-not-found)
    at getNotFoundError (file:///Users/zhaoqing/Documents/Develop/welean-portal/node_modules/next/dist/build/webpack/plugins/wellknown-errors-plugin/parseNotFoundError.js:134:16)
    at async getModuleBuildError (file:///Users/zhaoqing/Documents/Develop/welean-portal/node_modules/next/dist/build/webpack/plugins/wellknown-errors-plugin/webpackModuleError.js:104:27)
    at async (file:///Users/zhaoqing/Documents/Develop/welean-portal/node_modules/next/dist/build/webpack/plugins/wellknown-errors-plugin/index.js:29:49)
    at async (file:///Users/zhaoqing/Documents/Develop/welean-portal/node_modules/next/dist/build/webpack/plugins/wellknown-errors-plugin/index.js:27:21)
[   12768ms] [LOG] [HMR] connected @ webpack-internal:///./node_modules/next/dist/client/components/react-dev-overlay/pages/websocket.js:41
[   12768ms] [ERROR] ./src/i18n/request.ts:2:1
Module not found: Can't resolve '../../../i18n'
  1 | import { getRequestConfig } from 'next-intl/server';
> 2 | import { locales } from '../../../i18n';
    | ^
  3 |
  4 | export default getRequestConfig(async ({ requestLocale }) => {
  5 |   // This typically corresponds to the `[locale]` segment

https://nextjs.org/docs/messages/module-not-found

Import trace for requested module:
./node_modules/next-intl/dist/esm/development/server/react-server/getConfig.js
./node_modules/next-intl/dist/esm/development/server/react-server/getFormatter.js
./node_modules/next-intl/dist/esm/development/server.react-server.js
./src/app/[locale]/layout.tsx @ webpack-internal:///./node_modules/next/dist/client/components/react-dev-overlay/pages/client.js:84
[   12768ms] [ERROR] ./src/i18n/request.ts:15:22
Module not found: Can't resolve '../../../messages'
  13 |   return {
  14 |     locale,
> 15 |     messages: (await import(`../../../messages/${locale}.json`)).default
     |                      ^
  16 |   };
  17 | });

https://nextjs.org/docs/messages/module-not-found

Import trace for requested module:
./node_modules/next-intl/dist/esm/development/server/react-server/getConfig.js
./node_modules/next-intl/dist/esm/development/server/react-server/getFormatter.js
./node_modules/next-intl/dist/esm/development/server.react-server.js
./src/app/[locale]/layout.tsx @ webpack-internal:///./node_modules/next/dist/client/components/react-dev-overlay/pages/client.js:84
[   12822ms] [ERROR] Failed to load resource: the server responded with a status of 500 (Internal Server Error) @ http://localhost:3000/en:0
[   12921ms] [INFO] %cDownload the React DevTools for a better development experience: https://react.dev/link/react-devtools font-weight:bold @ webpack-internal:///./node_modules/react-dom/cjs/react-dom-client.development.js:28004
[   12924ms] Error: Module not found: Can't resolve '../../../i18n'
  1 | import { getRequestConfig } from 'next-intl/server';
> 2 | import { locales } from '../../../i18n';
    | ^
  3 |
  4 | export default getRequestConfig(async ({ requestLocale }) => {
  5 |   // This typically corresponds to the `[locale]` segment

https://nextjs.org/docs/messages/module-not-found

Import trace for requested module:
./node_modules/next-intl/dist/esm/development/server/react-server/getConfig.js
./node_modules/next-intl/dist/esm/development/server/react-server/getFormatter.js
./node_modules/next-intl/dist/esm/development/server.react-server.js
./src/app/[locale]/layout.tsx
    at <unknown> (https://nextjs.org/docs/messages/module-not-found)
    at getNotFoundError (file:///Users/zhaoqing/Documents/Develop/welean-portal/node_modules/next/dist/build/webpack/plugins/wellknown-errors-plugin/parseNotFoundError.js:134:16)
    at async getModuleBuildError (file:///Users/zhaoqing/Documents/Develop/welean-portal/node_modules/next/dist/build/webpack/plugins/wellknown-errors-plugin/webpackModuleError.js:104:27)
    at async (file:///Users/zhaoqing/Documents/Develop/welean-portal/node_modules/next/dist/build/webpack/plugins/wellknown-errors-plugin/index.js:29:49)
    at async (file:///Users/zhaoqing/Documents/Develop/welean-portal/node_modules/next/dist/build/webpack/plugins/wellknown-errors-plugin/index.js:27:21)
[   12925ms] [LOG] [HMR] connected @ webpack-internal:///./node_modules/next/dist/client/components/react-dev-overlay/pages/websocket.js:41
[   12925ms] [ERROR] ./src/i18n/request.ts:2:1
Module not found: Can't resolve '../../../i18n'
  1 | import { getRequestConfig } from 'next-intl/server';
> 2 | import { locales } from '../../../i18n';
    | ^
  3 |
  4 | export default getRequestConfig(async ({ requestLocale }) => {
  5 |   // This typically corresponds to the `[locale]` segment

https://nextjs.org/docs/messages/module-not-found

Import trace for requested module:
./node_modules/next-intl/dist/esm/development/server/react-server/getConfig.js
./node_modules/next-intl/dist/esm/development/server/react-server/getFormatter.js
./node_modules/next-intl/dist/esm/development/server.react-server.js
./src/app/[locale]/layout.tsx @ webpack-internal:///./node_modules/next/dist/client/components/react-dev-overlay/pages/client.js:84
[   12925ms] [ERROR] ./src/i18n/request.ts:15:22
Module not found: Can't resolve '../../../messages'
  13 |   return {
  14 |     locale,
> 15 |     messages: (await import(`../../../messages/${locale}.json`)).default
     |                      ^
  16 |   };
  17 | });

https://nextjs.org/docs/messages/module-not-found

Import trace for requested module:
./node_modules/next-intl/dist/esm/development/server/react-server/getConfig.js
./node_modules/next-intl/dist/esm/development/server/react-server/getFormatter.js
./node_modules/next-intl/dist/esm/development/server.react-server.js
./src/app/[locale]/layout.tsx @ webpack-internal:///./node_modules/next/dist/client/components/react-dev-overlay/pages/client.js:84
[   12974ms] [ERROR] Failed to load resource: the server responded with a status of 500 (Internal Server Error) @ http://localhost:3000/en:0
[   13070ms] [INFO] %cDownload the React DevTools for a better development experience: https://react.dev/link/react-devtools font-weight:bold @ webpack-internal:///./node_modules/react-dom/cjs/react-dom-client.development.js:28004
[   13075ms] Error: Module not found: Can't resolve '../../../i18n'
  1 | import { getRequestConfig } from 'next-intl/server';
> 2 | import { locales } from '../../../i18n';
    | ^
  3 |
  4 | export default getRequestConfig(async ({ requestLocale }) => {
  5 |   // This typically corresponds to the `[locale]` segment

https://nextjs.org/docs/messages/module-not-found

Import trace for requested module:
./node_modules/next-intl/dist/esm/development/server/react-server/getConfig.js
./node_modules/next-intl/dist/esm/development/server/react-server/getFormatter.js
./node_modules/next-intl/dist/esm/development/server.react-server.js
./src/app/[locale]/layout.tsx
    at <unknown> (https://nextjs.org/docs/messages/module-not-found)
    at getNotFoundError (file:///Users/zhaoqing/Documents/Develop/welean-portal/node_modules/next/dist/build/webpack/plugins/wellknown-errors-plugin/parseNotFoundError.js:134:16)
    at async getModuleBuildError (file:///Users/zhaoqing/Documents/Develop/welean-portal/node_modules/next/dist/build/webpack/plugins/wellknown-errors-plugin/webpackModuleError.js:104:27)
    at async (file:///Users/zhaoqing/Documents/Develop/welean-portal/node_modules/next/dist/build/webpack/plugins/wellknown-errors-plugin/index.js:29:49)
    at async (file:///Users/zhaoqing/Documents/Develop/welean-portal/node_modules/next/dist/build/webpack/plugins/wellknown-errors-plugin/index.js:27:21)
[   13078ms] [LOG] [HMR] connected @ webpack-internal:///./node_modules/next/dist/client/components/react-dev-overlay/pages/websocket.js:41
[   13078ms] [ERROR] ./src/i18n/request.ts:2:1
Module not found: Can't resolve '../../../i18n'
  1 | import { getRequestConfig } from 'next-intl/server';
> 2 | import { locales } from '../../../i18n';
    | ^
  3 |
  4 | export default getRequestConfig(async ({ requestLocale }) => {
  5 |   // This typically corresponds to the `[locale]` segment

https://nextjs.org/docs/messages/module-not-found

Import trace for requested module:
./node_modules/next-intl/dist/esm/development/server/react-server/getConfig.js
./node_modules/next-intl/dist/esm/development/server/react-server/getFormatter.js
./node_modules/next-intl/dist/esm/development/server.react-server.js
./src/app/[locale]/layout.tsx @ webpack-internal:///./node_modules/next/dist/client/components/react-dev-overlay/pages/client.js:84
[   13078ms] [ERROR] ./src/i18n/request.ts:15:22
Module not found: Can't resolve '../../../messages'
  13 |   return {
  14 |     locale,
> 15 |     messages: (await import(`../../../messages/${locale}.json`)).default
     |                      ^
  16 |   };
  17 | });

https://nextjs.org/docs/messages/module-not-found

Import trace for requested module:
./node_modules/next-intl/dist/esm/development/server/react-server/getConfig.js
./node_modules/next-intl/dist/esm/development/server/react-server/getFormatter.js
./node_modules/next-intl/dist/esm/development/server.react-server.js
./src/app/[locale]/layout.tsx @ webpack-internal:///./node_modules/next/dist/client/components/react-dev-overlay/pages/client.js:84
[   13122ms] [ERROR] Failed to load resource: the server responded with a status of 500 (Internal Server Error) @ http://localhost:3000/en:0
[   13220ms] [INFO] %cDownload the React DevTools for a better development experience: https://react.dev/link/react-devtools font-weight:bold @ webpack-internal:///./node_modules/react-dom/cjs/react-dom-client.development.js:28004
[   13223ms] Error: Module not found: Can't resolve '../../../i18n'
  1 | import { getRequestConfig } from 'next-intl/server';
> 2 | import { locales } from '../../../i18n';
    | ^
  3 |
  4 | export default getRequestConfig(async ({ requestLocale }) => {
  5 |   // This typically corresponds to the `[locale]` segment

https://nextjs.org/docs/messages/module-not-found

Import trace for requested module:
./node_modules/next-intl/dist/esm/development/server/react-server/getConfig.js
./node_modules/next-intl/dist/esm/development/server/react-server/getFormatter.js
./node_modules/next-intl/dist/esm/development/server.react-server.js
./src/app/[locale]/layout.tsx
    at <unknown> (https://nextjs.org/docs/messages/module-not-found)
    at getNotFoundError (file:///Users/zhaoqing/Documents/Develop/welean-portal/node_modules/next/dist/build/webpack/plugins/wellknown-errors-plugin/parseNotFoundError.js:134:16)
    at async getModuleBuildError (file:///Users/zhaoqing/Documents/Develop/welean-portal/node_modules/next/dist/build/webpack/plugins/wellknown-errors-plugin/webpackModuleError.js:104:27)
    at async (file:///Users/zhaoqing/Documents/Develop/welean-portal/node_modules/next/dist/build/webpack/plugins/wellknown-errors-plugin/index.js:29:49)
    at async (file:///Users/zhaoqing/Documents/Develop/welean-portal/node_modules/next/dist/build/webpack/plugins/wellknown-errors-plugin/index.js:27:21)
[   13224ms] [LOG] [HMR] connected @ webpack-internal:///./node_modules/next/dist/client/components/react-dev-overlay/pages/websocket.js:41
[   13226ms] [ERROR] ./src/i18n/request.ts:2:1
Module not found: Can't resolve '../../../i18n'
  1 | import { getRequestConfig } from 'next-intl/server';
> 2 | import { locales } from '../../../i18n';
    | ^
  3 |
  4 | export default getRequestConfig(async ({ requestLocale }) => {
  5 |   // This typically corresponds to the `[locale]` segment

https://nextjs.org/docs/messages/module-not-found

Import trace for requested module:
./node_modules/next-intl/dist/esm/development/server/react-server/getConfig.js
./node_modules/next-intl/dist/esm/development/server/react-server/getFormatter.js
./node_modules/next-intl/dist/esm/development/server.react-server.js
./src/app/[locale]/layout.tsx @ webpack-internal:///./node_modules/next/dist/client/components/react-dev-overlay/pages/client.js:84
[   13226ms] [ERROR] ./src/i18n/request.ts:15:22
Module not found: Can't resolve '../../../messages'
  13 |   return {
  14 |     locale,
> 15 |     messages: (await import(`../../../messages/${locale}.json`)).default
     |                      ^
  16 |   };
  17 | });

https://nextjs.org/docs/messages/module-not-found

Import trace for requested module:
./node_modules/next-intl/dist/esm/development/server/react-server/getConfig.js
./node_modules/next-intl/dist/esm/development/server/react-server/getFormatter.js
./node_modules/next-intl/dist/esm/development/server.react-server.js
./src/app/[locale]/layout.tsx @ webpack-internal:///./node_modules/next/dist/client/components/react-dev-overlay/pages/client.js:84
[   13275ms] [ERROR] Failed to load resource: the server responded with a status of 500 (Internal Server Error) @ http://localhost:3000/en:0
[   13372ms] [INFO] %cDownload the React DevTools for a better development experience: https://react.dev/link/react-devtools font-weight:bold @ webpack-internal:///./node_modules/react-dom/cjs/react-dom-client.development.js:28004
[   13375ms] Error: Module not found: Can't resolve '../../../i18n'
  1 | import { getRequestConfig } from 'next-intl/server';
> 2 | import { locales } from '../../../i18n';
    | ^
  3 |
  4 | export default getRequestConfig(async ({ requestLocale }) => {
  5 |   // This typically corresponds to the `[locale]` segment

https://nextjs.org/docs/messages/module-not-found

Import trace for requested module:
./node_modules/next-intl/dist/esm/development/server/react-server/getConfig.js
./node_modules/next-intl/dist/esm/development/server/react-server/getFormatter.js
./node_modules/next-intl/dist/esm/development/server.react-server.js
./src/app/[locale]/layout.tsx
    at <unknown> (https://nextjs.org/docs/messages/module-not-found)
    at getNotFoundError (file:///Users/zhaoqing/Documents/Develop/welean-portal/node_modules/next/dist/build/webpack/plugins/wellknown-errors-plugin/parseNotFoundError.js:134:16)
    at async getModuleBuildError (file:///Users/zhaoqing/Documents/Develop/welean-portal/node_modules/next/dist/build/webpack/plugins/wellknown-errors-plugin/webpackModuleError.js:104:27)
    at async (file:///Users/zhaoqing/Documents/Develop/welean-portal/node_modules/next/dist/build/webpack/plugins/wellknown-errors-plugin/index.js:29:49)
    at async (file:///Users/zhaoqing/Documents/Develop/welean-portal/node_modules/next/dist/build/webpack/plugins/wellknown-errors-plugin/index.js:27:21)
[   13376ms] [LOG] [HMR] connected @ webpack-internal:///./node_modules/next/dist/client/components/react-dev-overlay/pages/websocket.js:41
[   13376ms] [ERROR] ./src/i18n/request.ts:2:1
Module not found: Can't resolve '../../../i18n'
  1 | import { getRequestConfig } from 'next-intl/server';
> 2 | import { locales } from '../../../i18n';
    | ^
  3 |
  4 | export default getRequestConfig(async ({ requestLocale }) => {
  5 |   // This typically corresponds to the `[locale]` segment

https://nextjs.org/docs/messages/module-not-found

Import trace for requested module:
./node_modules/next-intl/dist/esm/development/server/react-server/getConfig.js
./node_modules/next-intl/dist/esm/development/server/react-server/getFormatter.js
./node_modules/next-intl/dist/esm/development/server.react-server.js
./src/app/[locale]/layout.tsx @ webpack-internal:///./node_modules/next/dist/client/components/react-dev-overlay/pages/client.js:84
[   13377ms] [ERROR] ./src/i18n/request.ts:15:22
Module not found: Can't resolve '../../../messages'
  13 |   return {
  14 |     locale,
> 15 |     messages: (await import(`../../../messages/${locale}.json`)).default
     |                      ^
  16 |   };
  17 | });

https://nextjs.org/docs/messages/module-not-found

Import trace for requested module:
./node_modules/next-intl/dist/esm/development/server/react-server/getConfig.js
./node_modules/next-intl/dist/esm/development/server/react-server/getFormatter.js
./node_modules/next-intl/dist/esm/development/server.react-server.js
./src/app/[locale]/layout.tsx @ webpack-internal:///./node_modules/next/dist/client/components/react-dev-overlay/pages/client.js:84
[   13426ms] [ERROR] Failed to load resource: the server responded with a status of 500 (Internal Server Error) @ http://localhost:3000/en:0
[   13524ms] [INFO] %cDownload the React DevTools for a better development experience: https://react.dev/link/react-devtools font-weight:bold @ webpack-internal:///./node_modules/react-dom/cjs/react-dom-client.development.js:28004
[   13528ms] Error: Module not found: Can't resolve '../../../i18n'
  1 | import { getRequestConfig } from 'next-intl/server';
> 2 | import { locales } from '../../../i18n';
    | ^
  3 |
  4 | export default getRequestConfig(async ({ requestLocale }) => {
  5 |   // This typically corresponds to the `[locale]` segment

https://nextjs.org/docs/messages/module-not-found

Import trace for requested module:
./node_modules/next-intl/dist/esm/development/server/react-server/getConfig.js
./node_modules/next-intl/dist/esm/development/server/react-server/getFormatter.js
./node_modules/next-intl/dist/esm/development/server.react-server.js
./src/app/[locale]/layout.tsx
    at <unknown> (https://nextjs.org/docs/messages/module-not-found)
    at getNotFoundError (file:///Users/zhaoqing/Documents/Develop/welean-portal/node_modules/next/dist/build/webpack/plugins/wellknown-errors-plugin/parseNotFoundError.js:134:16)
    at async getModuleBuildError (file:///Users/zhaoqing/Documents/Develop/welean-portal/node_modules/next/dist/build/webpack/plugins/wellknown-errors-plugin/webpackModuleError.js:104:27)
    at async (file:///Users/zhaoqing/Documents/Develop/welean-portal/node_modules/next/dist/build/webpack/plugins/wellknown-errors-plugin/index.js:29:49)
    at async (file:///Users/zhaoqing/Documents/Develop/welean-portal/node_modules/next/dist/build/webpack/plugins/wellknown-errors-plugin/index.js:27:21)
[   13528ms] [LOG] [HMR] connected @ webpack-internal:///./node_modules/next/dist/client/components/react-dev-overlay/pages/websocket.js:41
[   13529ms] [ERROR] ./src/i18n/request.ts:2:1
Module not found: Can't resolve '../../../i18n'
  1 | import { getRequestConfig } from 'next-intl/server';
> 2 | import { locales } from '../../../i18n';
    | ^
  3 |
  4 | export default getRequestConfig(async ({ requestLocale }) => {
  5 |   // This typically corresponds to the `[locale]` segment

https://nextjs.org/docs/messages/module-not-found

Import trace for requested module:
./node_modules/next-intl/dist/esm/development/server/react-server/getConfig.js
./node_modules/next-intl/dist/esm/development/server/react-server/getFormatter.js
./node_modules/next-intl/dist/esm/development/server.react-server.js
./src/app/[locale]/layout.tsx @ webpack-internal:///./node_modules/next/dist/client/components/react-dev-overlay/pages/client.js:84
[   13529ms] [ERROR] ./src/i18n/request.ts:15:22
Module not found: Can't resolve '../../../messages'
  13 |   return {
  14 |     locale,
> 15 |     messages: (await import(`../../../messages/${locale}.json`)).default
     |                      ^
  16 |   };
  17 | });

https://nextjs.org/docs/messages/module-not-found

Import trace for requested module:
./node_modules/next-intl/dist/esm/development/server/react-server/getConfig.js
./node_modules/next-intl/dist/esm/development/server/react-server/getFormatter.js
./node_modules/next-intl/dist/esm/development/server.react-server.js
./src/app/[locale]/layout.tsx @ webpack-internal:///./node_modules/next/dist/client/components/react-dev-overlay/pages/client.js:84
[   13578ms] [ERROR] Failed to load resource: the server responded with a status of 500 (Internal Server Error) @ http://localhost:3000/en:0
[   13677ms] [INFO] %cDownload the React DevTools for a better development experience: https://react.dev/link/react-devtools font-weight:bold @ webpack-internal:///./node_modules/react-dom/cjs/react-dom-client.development.js:28004
[   13681ms] Error: Module not found: Can't resolve '../../../i18n'
  1 | import { getRequestConfig } from 'next-intl/server';
> 2 | import { locales } from '../../../i18n';
    | ^
  3 |
  4 | export default getRequestConfig(async ({ requestLocale }) => {
  5 |   // This typically corresponds to the `[locale]` segment

https://nextjs.org/docs/messages/module-not-found

Import trace for requested module:
./node_modules/next-intl/dist/esm/development/server/react-server/getConfig.js
./node_modules/next-intl/dist/esm/development/server/react-server/getFormatter.js
./node_modules/next-intl/dist/esm/development/server.react-server.js
./src/app/[locale]/layout.tsx
    at <unknown> (https://nextjs.org/docs/messages/module-not-found)
    at getNotFoundError (file:///Users/zhaoqing/Documents/Develop/welean-portal/node_modules/next/dist/build/webpack/plugins/wellknown-errors-plugin/parseNotFoundError.js:134:16)
    at async getModuleBuildError (file:///Users/zhaoqing/Documents/Develop/welean-portal/node_modules/next/dist/build/webpack/plugins/wellknown-errors-plugin/webpackModuleError.js:104:27)
    at async (file:///Users/zhaoqing/Documents/Develop/welean-portal/node_modules/next/dist/build/webpack/plugins/wellknown-errors-plugin/index.js:29:49)
    at async (file:///Users/zhaoqing/Documents/Develop/welean-portal/node_modules/next/dist/build/webpack/plugins/wellknown-errors-plugin/index.js:27:21)
[   13681ms] [LOG] [HMR] connected @ webpack-internal:///./node_modules/next/dist/client/components/react-dev-overlay/pages/websocket.js:41
[   13681ms] [ERROR] ./src/i18n/request.ts:2:1
Module not found: Can't resolve '../../../i18n'
  1 | import { getRequestConfig } from 'next-intl/server';
> 2 | import { locales } from '../../../i18n';
    | ^
  3 |
  4 | export default getRequestConfig(async ({ requestLocale }) => {
  5 |   // This typically corresponds to the `[locale]` segment

https://nextjs.org/docs/messages/module-not-found

Import trace for requested module:
./node_modules/next-intl/dist/esm/development/server/react-server/getConfig.js
./node_modules/next-intl/dist/esm/development/server/react-server/getFormatter.js
./node_modules/next-intl/dist/esm/development/server.react-server.js
./src/app/[locale]/layout.tsx @ webpack-internal:///./node_modules/next/dist/client/components/react-dev-overlay/pages/client.js:84
[   13681ms] [ERROR] ./src/i18n/request.ts:15:22
Module not found: Can't resolve '../../../messages'
  13 |   return {
  14 |     locale,
> 15 |     messages: (await import(`../../../messages/${locale}.json`)).default
     |                      ^
  16 |   };
  17 | });

https://nextjs.org/docs/messages/module-not-found

Import trace for requested module:
./node_modules/next-intl/dist/esm/development/server/react-server/getConfig.js
./node_modules/next-intl/dist/esm/development/server/react-server/getFormatter.js
./node_modules/next-intl/dist/esm/development/server.react-server.js
./src/app/[locale]/layout.tsx @ webpack-internal:///./node_modules/next/dist/client/components/react-dev-overlay/pages/client.js:84
[   13731ms] [ERROR] Failed to load resource: the server responded with a status of 500 (Internal Server Error) @ http://localhost:3000/en:0
[   13839ms] [INFO] %cDownload the React DevTools for a better development experience: https://react.dev/link/react-devtools font-weight:bold @ webpack-internal:///./node_modules/react-dom/cjs/react-dom-client.development.js:28004
[   13842ms] Error: Module not found: Can't resolve '../../../i18n'
  1 | import { getRequestConfig } from 'next-intl/server';
> 2 | import { locales } from '../../../i18n';
    | ^
  3 |
  4 | export default getRequestConfig(async ({ requestLocale }) => {
  5 |   // This typically corresponds to the `[locale]` segment

https://nextjs.org/docs/messages/module-not-found

Import trace for requested module:
./node_modules/next-intl/dist/esm/development/server/react-server/getConfig.js
./node_modules/next-intl/dist/esm/development/server/react-server/getFormatter.js
./node_modules/next-intl/dist/esm/development/server.react-server.js
./src/app/[locale]/layout.tsx
    at <unknown> (https://nextjs.org/docs/messages/module-not-found)
    at getNotFoundError (file:///Users/zhaoqing/Documents/Develop/welean-portal/node_modules/next/dist/build/webpack/plugins/wellknown-errors-plugin/parseNotFoundError.js:134:16)
    at async getModuleBuildError (file:///Users/zhaoqing/Documents/Develop/welean-portal/node_modules/next/dist/build/webpack/plugins/wellknown-errors-plugin/webpackModuleError.js:104:27)
    at async (file:///Users/zhaoqing/Documents/Develop/welean-portal/node_modules/next/dist/build/webpack/plugins/wellknown-errors-plugin/index.js:29:49)
    at async (file:///Users/zhaoqing/Documents/Develop/welean-portal/node_modules/next/dist/build/webpack/plugins/wellknown-errors-plugin/index.js:27:21)
[   13842ms] [LOG] [HMR] connected @ webpack-internal:///./node_modules/next/dist/client/components/react-dev-overlay/pages/websocket.js:41
[   13843ms] [ERROR] ./src/i18n/request.ts:2:1
Module not found: Can't resolve '../../../i18n'
  1 | import { getRequestConfig } from 'next-intl/server';
> 2 | import { locales } from '../../../i18n';
    | ^
  3 |
  4 | export default getRequestConfig(async ({ requestLocale }) => {
  5 |   // This typically corresponds to the `[locale]` segment

https://nextjs.org/docs/messages/module-not-found

Import trace for requested module:
./node_modules/next-intl/dist/esm/development/server/react-server/getConfig.js
./node_modules/next-intl/dist/esm/development/server/react-server/getFormatter.js
./node_modules/next-intl/dist/esm/development/server.react-server.js
./src/app/[locale]/layout.tsx @ webpack-internal:///./node_modules/next/dist/client/components/react-dev-overlay/pages/client.js:84
[   13843ms] [ERROR] ./src/i18n/request.ts:15:22
Module not found: Can't resolve '../../../messages'
  13 |   return {
  14 |     locale,
> 15 |     messages: (await import(`../../../messages/${locale}.json`)).default
     |                      ^
  16 |   };
  17 | });

https://nextjs.org/docs/messages/module-not-found

Import trace for requested module:
./node_modules/next-intl/dist/esm/development/server/react-server/getConfig.js
./node_modules/next-intl/dist/esm/development/server/react-server/getFormatter.js
./node_modules/next-intl/dist/esm/development/server.react-server.js
./src/app/[locale]/layout.tsx @ webpack-internal:///./node_modules/next/dist/client/components/react-dev-overlay/pages/client.js:84
[   13890ms] [ERROR] Failed to load resource: the server responded with a status of 500 (Internal Server Error) @ http://localhost:3000/en:0
[   13990ms] [INFO] %cDownload the React DevTools for a better development experience: https://react.dev/link/react-devtools font-weight:bold @ webpack-internal:///./node_modules/react-dom/cjs/react-dom-client.development.js:28004
[   13994ms] Error: Module not found: Can't resolve '../../../i18n'
  1 | import { getRequestConfig } from 'next-intl/server';
> 2 | import { locales } from '../../../i18n';
    | ^
  3 |
  4 | export default getRequestConfig(async ({ requestLocale }) => {
  5 |   // This typically corresponds to the `[locale]` segment

https://nextjs.org/docs/messages/module-not-found

Import trace for requested module:
./node_modules/next-intl/dist/esm/development/server/react-server/getConfig.js
./node_modules/next-intl/dist/esm/development/server/react-server/getFormatter.js
./node_modules/next-intl/dist/esm/development/server.react-server.js
./src/app/[locale]/layout.tsx
    at <unknown> (https://nextjs.org/docs/messages/module-not-found)
    at getNotFoundError (file:///Users/zhaoqing/Documents/Develop/welean-portal/node_modules/next/dist/build/webpack/plugins/wellknown-errors-plugin/parseNotFoundError.js:134:16)
    at async getModuleBuildError (file:///Users/zhaoqing/Documents/Develop/welean-portal/node_modules/next/dist/build/webpack/plugins/wellknown-errors-plugin/webpackModuleError.js:104:27)
    at async (file:///Users/zhaoqing/Documents/Develop/welean-portal/node_modules/next/dist/build/webpack/plugins/wellknown-errors-plugin/index.js:29:49)
    at async (file:///Users/zhaoqing/Documents/Develop/welean-portal/node_modules/next/dist/build/webpack/plugins/wellknown-errors-plugin/index.js:27:21)
[   13995ms] [LOG] [HMR] connected @ webpack-internal:///./node_modules/next/dist/client/components/react-dev-overlay/pages/websocket.js:41
[   13995ms] [ERROR] ./src/i18n/request.ts:2:1
Module not found: Can't resolve '../../../i18n'
  1 | import { getRequestConfig } from 'next-intl/server';
> 2 | import { locales } from '../../../i18n';
    | ^
  3 |
  4 | export default getRequestConfig(async ({ requestLocale }) => {
  5 |   // This typically corresponds to the `[locale]` segment

https://nextjs.org/docs/messages/module-not-found

Import trace for requested module:
./node_modules/next-intl/dist/esm/development/server/react-server/getConfig.js
./node_modules/next-intl/dist/esm/development/server/react-server/getFormatter.js
./node_modules/next-intl/dist/esm/development/server.react-server.js
./src/app/[locale]/layout.tsx @ webpack-internal:///./node_modules/next/dist/client/components/react-dev-overlay/pages/client.js:84
[   13995ms] [ERROR] ./src/i18n/request.ts:15:22
Module not found: Can't resolve '../../../messages'
  13 |   return {
  14 |     locale,
> 15 |     messages: (await import(`../../../messages/${locale}.json`)).default
     |                      ^
  16 |   };
  17 | });

https://nextjs.org/docs/messages/module-not-found

Import trace for requested module:
./node_modules/next-intl/dist/esm/development/server/react-server/getConfig.js
./node_modules/next-intl/dist/esm/development/server/react-server/getFormatter.js
./node_modules/next-intl/dist/esm/development/server.react-server.js
./src/app/[locale]/layout.tsx @ webpack-internal:///./node_modules/next/dist/client/components/react-dev-overlay/pages/client.js:84
[   14037ms] [ERROR] Failed to load resource: the server responded with a status of 500 (Internal Server Error) @ http://localhost:3000/en:0
[   14147ms] [INFO] %cDownload the React DevTools for a better development experience: https://react.dev/link/react-devtools font-weight:bold @ webpack-internal:///./node_modules/react-dom/cjs/react-dom-client.development.js:28004
[   14150ms] Error: Module not found: Can't resolve '../../../i18n'
  1 | import { getRequestConfig } from 'next-intl/server';
> 2 | import { locales } from '../../../i18n';
    | ^
  3 |
  4 | export default getRequestConfig(async ({ requestLocale }) => {
  5 |   // This typically corresponds to the `[locale]` segment

https://nextjs.org/docs/messages/module-not-found

Import trace for requested module:
./node_modules/next-intl/dist/esm/development/server/react-server/getConfig.js
./node_modules/next-intl/dist/esm/development/server/react-server/getFormatter.js
./node_modules/next-intl/dist/esm/development/server.react-server.js
./src/app/[locale]/layout.tsx
    at <unknown> (https://nextjs.org/docs/messages/module-not-found)
    at getNotFoundError (file:///Users/zhaoqing/Documents/Develop/welean-portal/node_modules/next/dist/build/webpack/plugins/wellknown-errors-plugin/parseNotFoundError.js:134:16)
    at async getModuleBuildError (file:///Users/zhaoqing/Documents/Develop/welean-portal/node_modules/next/dist/build/webpack/plugins/wellknown-errors-plugin/webpackModuleError.js:104:27)
    at async (file:///Users/zhaoqing/Documents/Develop/welean-portal/node_modules/next/dist/build/webpack/plugins/wellknown-errors-plugin/index.js:29:49)
    at async (file:///Users/zhaoqing/Documents/Develop/welean-portal/node_modules/next/dist/build/webpack/plugins/wellknown-errors-plugin/index.js:27:21)
[   14155ms] [LOG] [HMR] connected @ webpack-internal:///./node_modules/next/dist/client/components/react-dev-overlay/pages/websocket.js:41
[   14155ms] [ERROR] ./src/i18n/request.ts:2:1
Module not found: Can't resolve '../../../i18n'
  1 | import { getRequestConfig } from 'next-intl/server';
> 2 | import { locales } from '../../../i18n';
    | ^
  3 |
  4 | export default getRequestConfig(async ({ requestLocale }) => {
  5 |   // This typically corresponds to the `[locale]` segment

https://nextjs.org/docs/messages/module-not-found

Import trace for requested module:
./node_modules/next-intl/dist/esm/development/server/react-server/getConfig.js
./node_modules/next-intl/dist/esm/development/server/react-server/getFormatter.js
./node_modules/next-intl/dist/esm/development/server.react-server.js
./src/app/[locale]/layout.tsx @ webpack-internal:///./node_modules/next/dist/client/components/react-dev-overlay/pages/client.js:84
[   14155ms] [ERROR] ./src/i18n/request.ts:15:22
Module not found: Can't resolve '../../../messages'
  13 |   return {
  14 |     locale,
> 15 |     messages: (await import(`../../../messages/${locale}.json`)).default
     |                      ^
  16 |   };
  17 | });

https://nextjs.org/docs/messages/module-not-found

Import trace for requested module:
./node_modules/next-intl/dist/esm/development/server/react-server/getConfig.js
./node_modules/next-intl/dist/esm/development/server/react-server/getFormatter.js
./node_modules/next-intl/dist/esm/development/server.react-server.js
./src/app/[locale]/layout.tsx @ webpack-internal:///./node_modules/next/dist/client/components/react-dev-overlay/pages/client.js:84
[   14202ms] [ERROR] Failed to load resource: the server responded with a status of 500 (Internal Server Error) @ http://localhost:3000/en:0
[   14330ms] [INFO] %cDownload the React DevTools for a better development experience: https://react.dev/link/react-devtools font-weight:bold @ webpack-internal:///./node_modules/react-dom/cjs/react-dom-client.development.js:28004
[   14333ms] Error: Module not found: Can't resolve '../../../i18n'
  1 | import { getRequestConfig } from 'next-intl/server';
> 2 | import { locales } from '../../../i18n';
    | ^
  3 |
  4 | export default getRequestConfig(async ({ requestLocale }) => {
  5 |   // This typically corresponds to the `[locale]` segment

https://nextjs.org/docs/messages/module-not-found

Import trace for requested module:
./node_modules/next-intl/dist/esm/development/server/react-server/getConfig.js
./node_modules/next-intl/dist/esm/development/server/react-server/getFormatter.js
./node_modules/next-intl/dist/esm/development/server.react-server.js
./src/app/[locale]/layout.tsx
    at <unknown> (https://nextjs.org/docs/messages/module-not-found)
    at getNotFoundError (file:///Users/zhaoqing/Documents/Develop/welean-portal/node_modules/next/dist/build/webpack/plugins/wellknown-errors-plugin/parseNotFoundError.js:134:16)
    at async getModuleBuildError (file:///Users/zhaoqing/Documents/Develop/welean-portal/node_modules/next/dist/build/webpack/plugins/wellknown-errors-plugin/webpackModuleError.js:104:27)
    at async (file:///Users/zhaoqing/Documents/Develop/welean-portal/node_modules/next/dist/build/webpack/plugins/wellknown-errors-plugin/index.js:29:49)
    at async (file:///Users/zhaoqing/Documents/Develop/welean-portal/node_modules/next/dist/build/webpack/plugins/wellknown-errors-plugin/index.js:27:21)
[   14334ms] [LOG] [HMR] connected @ webpack-internal:///./node_modules/next/dist/client/components/react-dev-overlay/pages/websocket.js:41
[   14335ms] [ERROR] ./src/i18n/request.ts:2:1
Module not found: Can't resolve '../../../i18n'
  1 | import { getRequestConfig } from 'next-intl/server';
> 2 | import { locales } from '../../../i18n';
    | ^
  3 |
  4 | export default getRequestConfig(async ({ requestLocale }) => {
  5 |   // This typically corresponds to the `[locale]` segment

https://nextjs.org/docs/messages/module-not-found

Import trace for requested module:
./node_modules/next-intl/dist/esm/development/server/react-server/getConfig.js
./node_modules/next-intl/dist/esm/development/server/react-server/getFormatter.js
./node_modules/next-intl/dist/esm/development/server.react-server.js
./src/app/[locale]/layout.tsx @ webpack-internal:///./node_modules/next/dist/client/components/react-dev-overlay/pages/client.js:84
[   14335ms] [ERROR] ./src/i18n/request.ts:15:22
Module not found: Can't resolve '../../../messages'
  13 |   return {
  14 |     locale,
> 15 |     messages: (await import(`../../../messages/${locale}.json`)).default
     |                      ^
  16 |   };
  17 | });

https://nextjs.org/docs/messages/module-not-found

Import trace for requested module:
./node_modules/next-intl/dist/esm/development/server/react-server/getConfig.js
./node_modules/next-intl/dist/esm/development/server/react-server/getFormatter.js
./node_modules/next-intl/dist/esm/development/server.react-server.js
./src/app/[locale]/layout.tsx @ webpack-internal:///./node_modules/next/dist/client/components/react-dev-overlay/pages/client.js:84
[   14392ms] [ERROR] Failed to load resource: the server responded with a status of 500 (Internal Server Error) @ http://localhost:3000/en:0
[   14493ms] [INFO] %cDownload the React DevTools for a better development experience: https://react.dev/link/react-devtools font-weight:bold @ webpack-internal:///./node_modules/react-dom/cjs/react-dom-client.development.js:28004
[   14496ms] Error: Module not found: Can't resolve '../../../i18n'
  1 | import { getRequestConfig } from 'next-intl/server';
> 2 | import { locales } from '../../../i18n';
    | ^
  3 |
  4 | export default getRequestConfig(async ({ requestLocale }) => {
  5 |   // This typically corresponds to the `[locale]` segment

https://nextjs.org/docs/messages/module-not-found

Import trace for requested module:
./node_modules/next-intl/dist/esm/development/server/react-server/getConfig.js
./node_modules/next-intl/dist/esm/development/server/react-server/getFormatter.js
./node_modules/next-intl/dist/esm/development/server.react-server.js
./src/app/[locale]/layout.tsx
    at <unknown> (https://nextjs.org/docs/messages/module-not-found)
    at getNotFoundError (file:///Users/zhaoqing/Documents/Develop/welean-portal/node_modules/next/dist/build/webpack/plugins/wellknown-errors-plugin/parseNotFoundError.js:134:16)
    at async getModuleBuildError (file:///Users/zhaoqing/Documents/Develop/welean-portal/node_modules/next/dist/build/webpack/plugins/wellknown-errors-plugin/webpackModuleError.js:104:27)
    at async (file:///Users/zhaoqing/Documents/Develop/welean-portal/node_modules/next/dist/build/webpack/plugins/wellknown-errors-plugin/index.js:29:49)
    at async (file:///Users/zhaoqing/Documents/Develop/welean-portal/node_modules/next/dist/build/webpack/plugins/wellknown-errors-plugin/index.js:27:21)
[   14497ms] [LOG] [HMR] connected @ webpack-internal:///./node_modules/next/dist/client/components/react-dev-overlay/pages/websocket.js:41
[   14498ms] [ERROR] ./src/i18n/request.ts:2:1
Module not found: Can't resolve '../../../i18n'
  1 | import { getRequestConfig } from 'next-intl/server';
> 2 | import { locales } from '../../../i18n';
    | ^
  3 |
  4 | export default getRequestConfig(async ({ requestLocale }) => {
  5 |   // This typically corresponds to the `[locale]` segment

https://nextjs.org/docs/messages/module-not-found

Import trace for requested module:
./node_modules/next-intl/dist/esm/development/server/react-server/getConfig.js
./node_modules/next-intl/dist/esm/development/server/react-server/getFormatter.js
./node_modules/next-intl/dist/esm/development/server.react-server.js
./src/app/[locale]/layout.tsx @ webpack-internal:///./node_modules/next/dist/client/components/react-dev-overlay/pages/client.js:84
[   14498ms] [ERROR] ./src/i18n/request.ts:15:22
Module not found: Can't resolve '../../../messages'
  13 |   return {
  14 |     locale,
> 15 |     messages: (await import(`../../../messages/${locale}.json`)).default
     |                      ^
  16 |   };
  17 | });

https://nextjs.org/docs/messages/module-not-found

Import trace for requested module:
./node_modules/next-intl/dist/esm/development/server/react-server/getConfig.js
./node_modules/next-intl/dist/esm/development/server/react-server/getFormatter.js
./node_modules/next-intl/dist/esm/development/server.react-server.js
./src/app/[locale]/layout.tsx @ webpack-internal:///./node_modules/next/dist/client/components/react-dev-overlay/pages/client.js:84
[   14542ms] [ERROR] Failed to load resource: the server responded with a status of 500 (Internal Server Error) @ http://localhost:3000/en:0
[   14645ms] [INFO] %cDownload the React DevTools for a better development experience: https://react.dev/link/react-devtools font-weight:bold @ webpack-internal:///./node_modules/react-dom/cjs/react-dom-client.development.js:28004
[   14648ms] Error: Module not found: Can't resolve '../../../i18n'
  1 | import { getRequestConfig } from 'next-intl/server';
> 2 | import { locales } from '../../../i18n';
    | ^
  3 |
  4 | export default getRequestConfig(async ({ requestLocale }) => {
  5 |   // This typically corresponds to the `[locale]` segment

https://nextjs.org/docs/messages/module-not-found

Import trace for requested module:
./node_modules/next-intl/dist/esm/development/server/react-server/getConfig.js
./node_modules/next-intl/dist/esm/development/server/react-server/getFormatter.js
./node_modules/next-intl/dist/esm/development/server.react-server.js
./src/app/[locale]/layout.tsx
    at <unknown> (https://nextjs.org/docs/messages/module-not-found)
    at getNotFoundError (file:///Users/zhaoqing/Documents/Develop/welean-portal/node_modules/next/dist/build/webpack/plugins/wellknown-errors-plugin/parseNotFoundError.js:134:16)
    at async getModuleBuildError (file:///Users/zhaoqing/Documents/Develop/welean-portal/node_modules/next/dist/build/webpack/plugins/wellknown-errors-plugin/webpackModuleError.js:104:27)
    at async (file:///Users/zhaoqing/Documents/Develop/welean-portal/node_modules/next/dist/build/webpack/plugins/wellknown-errors-plugin/index.js:29:49)
    at async (file:///Users/zhaoqing/Documents/Develop/welean-portal/node_modules/next/dist/build/webpack/plugins/wellknown-errors-plugin/index.js:27:21)
[   14648ms] [LOG] [HMR] connected @ webpack-internal:///./node_modules/next/dist/client/components/react-dev-overlay/pages/websocket.js:41
[   14649ms] [ERROR] ./src/i18n/request.ts:2:1
Module not found: Can't resolve '../../../i18n'
  1 | import { getRequestConfig } from 'next-intl/server';
> 2 | import { locales } from '../../../i18n';
    | ^
  3 |
  4 | export default getRequestConfig(async ({ requestLocale }) => {
  5 |   // This typically corresponds to the `[locale]` segment

https://nextjs.org/docs/messages/module-not-found

Import trace for requested module:
./node_modules/next-intl/dist/esm/development/server/react-server/getConfig.js
./node_modules/next-intl/dist/esm/development/server/react-server/getFormatter.js
./node_modules/next-intl/dist/esm/development/server.react-server.js
./src/app/[locale]/layout.tsx @ webpack-internal:///./node_modules/next/dist/client/components/react-dev-overlay/pages/client.js:84
[   14649ms] [ERROR] ./src/i18n/request.ts:15:22
Module not found: Can't resolve '../../../messages'
  13 |   return {
  14 |     locale,
> 15 |     messages: (await import(`../../../messages/${locale}.json`)).default
     |                      ^
  16 |   };
  17 | });

https://nextjs.org/docs/messages/module-not-found

Import trace for requested module:
./node_modules/next-intl/dist/esm/development/server/react-server/getConfig.js
./node_modules/next-intl/dist/esm/development/server/react-server/getFormatter.js
./node_modules/next-intl/dist/esm/development/server.react-server.js
./src/app/[locale]/layout.tsx @ webpack-internal:///./node_modules/next/dist/client/components/react-dev-overlay/pages/client.js:84
[   14693ms] [ERROR] Failed to load resource: the server responded with a status of 500 (Internal Server Error) @ http://localhost:3000/en:0
[   14795ms] [INFO] %cDownload the React DevTools for a better development experience: https://react.dev/link/react-devtools font-weight:bold @ webpack-internal:///./node_modules/react-dom/cjs/react-dom-client.development.js:28004
[   14798ms] Error: Module not found: Can't resolve '../../../i18n'
  1 | import { getRequestConfig } from 'next-intl/server';
> 2 | import { locales } from '../../../i18n';
    | ^
  3 |
  4 | export default getRequestConfig(async ({ requestLocale }) => {
  5 |   // This typically corresponds to the `[locale]` segment

https://nextjs.org/docs/messages/module-not-found

Import trace for requested module:
./node_modules/next-intl/dist/esm/development/server/react-server/getConfig.js
./node_modules/next-intl/dist/esm/development/server/react-server/getFormatter.js
./node_modules/next-intl/dist/esm/development/server.react-server.js
./src/app/[locale]/layout.tsx
    at <unknown> (https://nextjs.org/docs/messages/module-not-found)
    at getNotFoundError (file:///Users/zhaoqing/Documents/Develop/welean-portal/node_modules/next/dist/build/webpack/plugins/wellknown-errors-plugin/parseNotFoundError.js:134:16)
    at async getModuleBuildError (file:///Users/zhaoqing/Documents/Develop/welean-portal/node_modules/next/dist/build/webpack/plugins/wellknown-errors-plugin/webpackModuleError.js:104:27)
    at async (file:///Users/zhaoqing/Documents/Develop/welean-portal/node_modules/next/dist/build/webpack/plugins/wellknown-errors-plugin/index.js:29:49)
    at async (file:///Users/zhaoqing/Documents/Develop/welean-portal/node_modules/next/dist/build/webpack/plugins/wellknown-errors-plugin/index.js:27:21)
[   14799ms] [LOG] [HMR] connected @ webpack-internal:///./node_modules/next/dist/client/components/react-dev-overlay/pages/websocket.js:41
[   14799ms] [ERROR] ./src/i18n/request.ts:2:1
Module not found: Can't resolve '../../../i18n'
  1 | import { getRequestConfig } from 'next-intl/server';
> 2 | import { locales } from '../../../i18n';
    | ^
  3 |
  4 | export default getRequestConfig(async ({ requestLocale }) => {
  5 |   // This typically corresponds to the `[locale]` segment

https://nextjs.org/docs/messages/module-not-found

Import trace for requested module:
./node_modules/next-intl/dist/esm/development/server/react-server/getConfig.js
./node_modules/next-intl/dist/esm/development/server/react-server/getFormatter.js
./node_modules/next-intl/dist/esm/development/server.react-server.js
./src/app/[locale]/layout.tsx @ webpack-internal:///./node_modules/next/dist/client/components/react-dev-overlay/pages/client.js:84
[   14799ms] [ERROR] ./src/i18n/request.ts:15:22
Module not found: Can't resolve '../../../messages'
  13 |   return {
  14 |     locale,
> 15 |     messages: (await import(`../../../messages/${locale}.json`)).default
     |                      ^
  16 |   };
  17 | });

https://nextjs.org/docs/messages/module-not-found

Import trace for requested module:
./node_modules/next-intl/dist/esm/development/server/react-server/getConfig.js
./node_modules/next-intl/dist/esm/development/server/react-server/getFormatter.js
./node_modules/next-intl/dist/esm/development/server.react-server.js
./src/app/[locale]/layout.tsx @ webpack-internal:///./node_modules/next/dist/client/components/react-dev-overlay/pages/client.js:84
[   14846ms] [ERROR] Failed to load resource: the server responded with a status of 500 (Internal Server Error) @ http://localhost:3000/en:0
[   14948ms] [INFO] %cDownload the React DevTools for a better development experience: https://react.dev/link/react-devtools font-weight:bold @ webpack-internal:///./node_modules/react-dom/cjs/react-dom-client.development.js:28004
[   14951ms] Error: Module not found: Can't resolve '../../../i18n'
  1 | import { getRequestConfig } from 'next-intl/server';
> 2 | import { locales } from '../../../i18n';
    | ^
  3 |
  4 | export default getRequestConfig(async ({ requestLocale }) => {
  5 |   // This typically corresponds to the `[locale]` segment

https://nextjs.org/docs/messages/module-not-found

Import trace for requested module:
./node_modules/next-intl/dist/esm/development/server/react-server/getConfig.js
./node_modules/next-intl/dist/esm/development/server/react-server/getFormatter.js
./node_modules/next-intl/dist/esm/development/server.react-server.js
./src/app/[locale]/layout.tsx
    at <unknown> (https://nextjs.org/docs/messages/module-not-found)
    at getNotFoundError (file:///Users/zhaoqing/Documents/Develop/welean-portal/node_modules/next/dist/build/webpack/plugins/wellknown-errors-plugin/parseNotFoundError.js:134:16)
    at async getModuleBuildError (file:///Users/zhaoqing/Documents/Develop/welean-portal/node_modules/next/dist/build/webpack/plugins/wellknown-errors-plugin/webpackModuleError.js:104:27)
    at async (file:///Users/zhaoqing/Documents/Develop/welean-portal/node_modules/next/dist/build/webpack/plugins/wellknown-errors-plugin/index.js:29:49)
    at async (file:///Users/zhaoqing/Documents/Develop/welean-portal/node_modules/next/dist/build/webpack/plugins/wellknown-errors-plugin/index.js:27:21)
[   14952ms] [LOG] [HMR] connected @ webpack-internal:///./node_modules/next/dist/client/components/react-dev-overlay/pages/websocket.js:41
[   14953ms] [ERROR] ./src/i18n/request.ts:2:1
Module not found: Can't resolve '../../../i18n'
  1 | import { getRequestConfig } from 'next-intl/server';
> 2 | import { locales } from '../../../i18n';
    | ^
  3 |
  4 | export default getRequestConfig(async ({ requestLocale }) => {
  5 |   // This typically corresponds to the `[locale]` segment

https://nextjs.org/docs/messages/module-not-found

Import trace for requested module:
./node_modules/next-intl/dist/esm/development/server/react-server/getConfig.js
./node_modules/next-intl/dist/esm/development/server/react-server/getFormatter.js
./node_modules/next-intl/dist/esm/development/server.react-server.js
./src/app/[locale]/layout.tsx @ webpack-internal:///./node_modules/next/dist/client/components/react-dev-overlay/pages/client.js:84
[   14953ms] [ERROR] ./src/i18n/request.ts:15:22
Module not found: Can't resolve '../../../messages'
  13 |   return {
  14 |     locale,
> 15 |     messages: (await import(`../../../messages/${locale}.json`)).default
     |                      ^
  16 |   };
  17 | });

https://nextjs.org/docs/messages/module-not-found

Import trace for requested module:
./node_modules/next-intl/dist/esm/development/server/react-server/getConfig.js
./node_modules/next-intl/dist/esm/development/server/react-server/getFormatter.js
./node_modules/next-intl/dist/esm/development/server.react-server.js
./src/app/[locale]/layout.tsx @ webpack-internal:///./node_modules/next/dist/client/components/react-dev-overlay/pages/client.js:84
[   15000ms] [ERROR] Failed to load resource: the server responded with a status of 500 (Internal Server Error) @ http://localhost:3000/en:0
[   15123ms] [INFO] %cDownload the React DevTools for a better development experience: https://react.dev/link/react-devtools font-weight:bold @ webpack-internal:///./node_modules/react-dom/cjs/react-dom-client.development.js:28004
[   15130ms] Error: Module not found: Can't resolve '../../../i18n'
  1 | import { getRequestConfig } from 'next-intl/server';
> 2 | import { locales } from '../../../i18n';
    | ^
  3 |
  4 | export default getRequestConfig(async ({ requestLocale }) => {
  5 |   // This typically corresponds to the `[locale]` segment

https://nextjs.org/docs/messages/module-not-found

Import trace for requested module:
./node_modules/next-intl/dist/esm/development/server/react-server/getConfig.js
./node_modules/next-intl/dist/esm/development/server/react-server/getFormatter.js
./node_modules/next-intl/dist/esm/development/server.react-server.js
./src/app/[locale]/layout.tsx
    at <unknown> (https://nextjs.org/docs/messages/module-not-found)
    at getNotFoundError (file:///Users/zhaoqing/Documents/Develop/welean-portal/node_modules/next/dist/build/webpack/plugins/wellknown-errors-plugin/parseNotFoundError.js:134:16)
    at async getModuleBuildError (file:///Users/zhaoqing/Documents/Develop/welean-portal/node_modules/next/dist/build/webpack/plugins/wellknown-errors-plugin/webpackModuleError.js:104:27)
    at async (file:///Users/zhaoqing/Documents/Develop/welean-portal/node_modules/next/dist/build/webpack/plugins/wellknown-errors-plugin/index.js:29:49)
    at async (file:///Users/zhaoqing/Documents/Develop/welean-portal/node_modules/next/dist/build/webpack/plugins/wellknown-errors-plugin/index.js:27:21)
[   15132ms] [LOG] [HMR] connected @ webpack-internal:///./node_modules/next/dist/client/components/react-dev-overlay/pages/websocket.js:41
[   15132ms] [ERROR] ./src/i18n/request.ts:2:1
Module not found: Can't resolve '../../../i18n'
  1 | import { getRequestConfig } from 'next-intl/server';
> 2 | import { locales } from '../../../i18n';
    | ^
  3 |
  4 | export default getRequestConfig(async ({ requestLocale }) => {
  5 |   // This typically corresponds to the `[locale]` segment

https://nextjs.org/docs/messages/module-not-found

Import trace for requested module:
./node_modules/next-intl/dist/esm/development/server/react-server/getConfig.js
./node_modules/next-intl/dist/esm/development/server/react-server/getFormatter.js
./node_modules/next-intl/dist/esm/development/server.react-server.js
./src/app/[locale]/layout.tsx @ webpack-internal:///./node_modules/next/dist/client/components/react-dev-overlay/pages/client.js:84
[   15132ms] [ERROR] ./src/i18n/request.ts:15:22
Module not found: Can't resolve '../../../messages'
  13 |   return {
  14 |     locale,
> 15 |     messages: (await import(`../../../messages/${locale}.json`)).default
     |                      ^
  16 |   };
  17 | });

https://nextjs.org/docs/messages/module-not-found

Import trace for requested module:
./node_modules/next-intl/dist/esm/development/server/react-server/getConfig.js
./node_modules/next-intl/dist/esm/development/server/react-server/getFormatter.js
./node_modules/next-intl/dist/esm/development/server.react-server.js
./src/app/[locale]/layout.tsx @ webpack-internal:///./node_modules/next/dist/client/components/react-dev-overlay/pages/client.js:84
[   15204ms] [ERROR] Failed to load resource: the server responded with a status of 500 (Internal Server Error) @ http://localhost:3000/en:0
[   15308ms] [INFO] %cDownload the React DevTools for a better development experience: https://react.dev/link/react-devtools font-weight:bold @ webpack-internal:///./node_modules/react-dom/cjs/react-dom-client.development.js:28004
[   15312ms] Error: Module not found: Can't resolve '../../../i18n'
  1 | import { getRequestConfig } from 'next-intl/server';
> 2 | import { locales } from '../../../i18n';
    | ^
  3 |
  4 | export default getRequestConfig(async ({ requestLocale }) => {
  5 |   // This typically corresponds to the `[locale]` segment

https://nextjs.org/docs/messages/module-not-found

Import trace for requested module:
./node_modules/next-intl/dist/esm/development/server/react-server/getConfig.js
./node_modules/next-intl/dist/esm/development/server/react-server/getFormatter.js
./node_modules/next-intl/dist/esm/development/server.react-server.js
./src/app/[locale]/layout.tsx
    at <unknown> (https://nextjs.org/docs/messages/module-not-found)
    at getNotFoundError (file:///Users/zhaoqing/Documents/Develop/welean-portal/node_modules/next/dist/build/webpack/plugins/wellknown-errors-plugin/parseNotFoundError.js:134:16)
    at async getModuleBuildError (file:///Users/zhaoqing/Documents/Develop/welean-portal/node_modules/next/dist/build/webpack/plugins/wellknown-errors-plugin/webpackModuleError.js:104:27)
    at async (file:///Users/zhaoqing/Documents/Develop/welean-portal/node_modules/next/dist/build/webpack/plugins/wellknown-errors-plugin/index.js:29:49)
    at async (file:///Users/zhaoqing/Documents/Develop/welean-portal/node_modules/next/dist/build/webpack/plugins/wellknown-errors-plugin/index.js:27:21)
[   15312ms] [LOG] [HMR] connected @ webpack-internal:///./node_modules/next/dist/client/components/react-dev-overlay/pages/websocket.js:41
[   15313ms] [ERROR] ./src/i18n/request.ts:2:1
Module not found: Can't resolve '../../../i18n'
  1 | import { getRequestConfig } from 'next-intl/server';
> 2 | import { locales } from '../../../i18n';
    | ^
  3 |
  4 | export default getRequestConfig(async ({ requestLocale }) => {
  5 |   // This typically corresponds to the `[locale]` segment

https://nextjs.org/docs/messages/module-not-found

Import trace for requested module:
./node_modules/next-intl/dist/esm/development/server/react-server/getConfig.js
./node_modules/next-intl/dist/esm/development/server/react-server/getFormatter.js
./node_modules/next-intl/dist/esm/development/server.react-server.js
./src/app/[locale]/layout.tsx @ webpack-internal:///./node_modules/next/dist/client/components/react-dev-overlay/pages/client.js:84
[   15313ms] [ERROR] ./src/i18n/request.ts:15:22
Module not found: Can't resolve '../../../messages'
  13 |   return {
  14 |     locale,
> 15 |     messages: (await import(`../../../messages/${locale}.json`)).default
     |                      ^
  16 |   };
  17 | });

https://nextjs.org/docs/messages/module-not-found

Import trace for requested module:
./node_modules/next-intl/dist/esm/development/server/react-server/getConfig.js
./node_modules/next-intl/dist/esm/development/server/react-server/getFormatter.js
./node_modules/next-intl/dist/esm/development/server.react-server.js
./src/app/[locale]/layout.tsx @ webpack-internal:///./node_modules/next/dist/client/components/react-dev-overlay/pages/client.js:84
[   15352ms] [ERROR] Failed to load resource: the server responded with a status of 500 (Internal Server Error) @ http://localhost:3000/en:0
[   15453ms] [INFO] %cDownload the React DevTools for a better development experience: https://react.dev/link/react-devtools font-weight:bold @ webpack-internal:///./node_modules/react-dom/cjs/react-dom-client.development.js:28004
[   15457ms] Error: Module not found: Can't resolve '../../../i18n'
  1 | import { getRequestConfig } from 'next-intl/server';
> 2 | import { locales } from '../../../i18n';
    | ^
  3 |
  4 | export default getRequestConfig(async ({ requestLocale }) => {
  5 |   // This typically corresponds to the `[locale]` segment

https://nextjs.org/docs/messages/module-not-found

Import trace for requested module:
./node_modules/next-intl/dist/esm/development/server/react-server/getConfig.js
./node_modules/next-intl/dist/esm/development/server/react-server/getFormatter.js
./node_modules/next-intl/dist/esm/development/server.react-server.js
./src/app/[locale]/layout.tsx
    at <unknown> (https://nextjs.org/docs/messages/module-not-found)
    at getNotFoundError (file:///Users/zhaoqing/Documents/Develop/welean-portal/node_modules/next/dist/build/webpack/plugins/wellknown-errors-plugin/parseNotFoundError.js:134:16)
    at async getModuleBuildError (file:///Users/zhaoqing/Documents/Develop/welean-portal/node_modules/next/dist/build/webpack/plugins/wellknown-errors-plugin/webpackModuleError.js:104:27)
    at async (file:///Users/zhaoqing/Documents/Develop/welean-portal/node_modules/next/dist/build/webpack/plugins/wellknown-errors-plugin/index.js:29:49)
    at async (file:///Users/zhaoqing/Documents/Develop/welean-portal/node_modules/next/dist/build/webpack/plugins/wellknown-errors-plugin/index.js:27:21)
[   15457ms] [LOG] [HMR] connected @ webpack-internal:///./node_modules/next/dist/client/components/react-dev-overlay/pages/websocket.js:41
[   15458ms] [ERROR] ./src/i18n/request.ts:2:1
Module not found: Can't resolve '../../../i18n'
  1 | import { getRequestConfig } from 'next-intl/server';
> 2 | import { locales } from '../../../i18n';
    | ^
  3 |
  4 | export default getRequestConfig(async ({ requestLocale }) => {
  5 |   // This typically corresponds to the `[locale]` segment

https://nextjs.org/docs/messages/module-not-found

Import trace for requested module:
./node_modules/next-intl/dist/esm/development/server/react-server/getConfig.js
./node_modules/next-intl/dist/esm/development/server/react-server/getFormatter.js
./node_modules/next-intl/dist/esm/development/server.react-server.js
./src/app/[locale]/layout.tsx @ webpack-internal:///./node_modules/next/dist/client/components/react-dev-overlay/pages/client.js:84
[   15458ms] [ERROR] ./src/i18n/request.ts:15:22
Module not found: Can't resolve '../../../messages'
  13 |   return {
  14 |     locale,
> 15 |     messages: (await import(`../../../messages/${locale}.json`)).default
     |                      ^
  16 |   };
  17 | });

https://nextjs.org/docs/messages/module-not-found

Import trace for requested module:
./node_modules/next-intl/dist/esm/development/server/react-server/getConfig.js
./node_modules/next-intl/dist/esm/development/server/react-server/getFormatter.js
./node_modules/next-intl/dist/esm/development/server.react-server.js
./src/app/[locale]/layout.tsx @ webpack-internal:///./node_modules/next/dist/client/components/react-dev-overlay/pages/client.js:84
[   15505ms] [ERROR] Failed to load resource: the server responded with a status of 500 (Internal Server Error) @ http://localhost:3000/en:0
[   15605ms] [INFO] %cDownload the React DevTools for a better development experience: https://react.dev/link/react-devtools font-weight:bold @ webpack-internal:///./node_modules/react-dom/cjs/react-dom-client.development.js:28004
[   15609ms] Error: Module not found: Can't resolve '../../../i18n'
  1 | import { getRequestConfig } from 'next-intl/server';
> 2 | import { locales } from '../../../i18n';
    | ^
  3 |
  4 | export default getRequestConfig(async ({ requestLocale }) => {
  5 |   // This typically corresponds to the `[locale]` segment

https://nextjs.org/docs/messages/module-not-found

Import trace for requested module:
./node_modules/next-intl/dist/esm/development/server/react-server/getConfig.js
./node_modules/next-intl/dist/esm/development/server/react-server/getFormatter.js
./node_modules/next-intl/dist/esm/development/server.react-server.js
./src/app/[locale]/layout.tsx
    at <unknown> (https://nextjs.org/docs/messages/module-not-found)
    at getNotFoundError (file:///Users/zhaoqing/Documents/Develop/welean-portal/node_modules/next/dist/build/webpack/plugins/wellknown-errors-plugin/parseNotFoundError.js:134:16)
    at async getModuleBuildError (file:///Users/zhaoqing/Documents/Develop/welean-portal/node_modules/next/dist/build/webpack/plugins/wellknown-errors-plugin/webpackModuleError.js:104:27)
    at async (file:///Users/zhaoqing/Documents/Develop/welean-portal/node_modules/next/dist/build/webpack/plugins/wellknown-errors-plugin/index.js:29:49)
    at async (file:///Users/zhaoqing/Documents/Develop/welean-portal/node_modules/next/dist/build/webpack/plugins/wellknown-errors-plugin/index.js:27:21)
[   15609ms] [LOG] [HMR] connected @ webpack-internal:///./node_modules/next/dist/client/components/react-dev-overlay/pages/websocket.js:41
[   15610ms] [ERROR] ./src/i18n/request.ts:2:1
Module not found: Can't resolve '../../../i18n'
  1 | import { getRequestConfig } from 'next-intl/server';
> 2 | import { locales } from '../../../i18n';
    | ^
  3 |
  4 | export default getRequestConfig(async ({ requestLocale }) => {
  5 |   // This typically corresponds to the `[locale]` segment

https://nextjs.org/docs/messages/module-not-found

Import trace for requested module:
./node_modules/next-intl/dist/esm/development/server/react-server/getConfig.js
./node_modules/next-intl/dist/esm/development/server/react-server/getFormatter.js
./node_modules/next-intl/dist/esm/development/server.react-server.js
./src/app/[locale]/layout.tsx @ webpack-internal:///./node_modules/next/dist/client/components/react-dev-overlay/pages/client.js:84
[   15610ms] [ERROR] ./src/i18n/request.ts:15:22
Module not found: Can't resolve '../../../messages'
  13 |   return {
  14 |     locale,
> 15 |     messages: (await import(`../../../messages/${locale}.json`)).default
     |                      ^
  16 |   };
  17 | });

https://nextjs.org/docs/messages/module-not-found

Import trace for requested module:
./node_modules/next-intl/dist/esm/development/server/react-server/getConfig.js
./node_modules/next-intl/dist/esm/development/server/react-server/getFormatter.js
./node_modules/next-intl/dist/esm/development/server.react-server.js
./src/app/[locale]/layout.tsx @ webpack-internal:///./node_modules/next/dist/client/components/react-dev-overlay/pages/client.js:84
[   15655ms] [ERROR] Failed to load resource: the server responded with a status of 500 (Internal Server Error) @ http://localhost:3000/en:0
[   15764ms] [INFO] %cDownload the React DevTools for a better development experience: https://react.dev/link/react-devtools font-weight:bold @ webpack-internal:///./node_modules/react-dom/cjs/react-dom-client.development.js:28004
[   15768ms] Error: Module not found: Can't resolve '../../../i18n'
  1 | import { getRequestConfig } from 'next-intl/server';
> 2 | import { locales } from '../../../i18n';
    | ^
  3 |
  4 | export default getRequestConfig(async ({ requestLocale }) => {
  5 |   // This typically corresponds to the `[locale]` segment

https://nextjs.org/docs/messages/module-not-found

Import trace for requested module:
./node_modules/next-intl/dist/esm/development/server/react-server/getConfig.js
./node_modules/next-intl/dist/esm/development/server/react-server/getFormatter.js
./node_modules/next-intl/dist/esm/development/server.react-server.js
./src/app/[locale]/layout.tsx
    at <unknown> (https://nextjs.org/docs/messages/module-not-found)
    at getNotFoundError (file:///Users/zhaoqing/Documents/Develop/welean-portal/node_modules/next/dist/build/webpack/plugins/wellknown-errors-plugin/parseNotFoundError.js:134:16)
    at async getModuleBuildError (file:///Users/zhaoqing/Documents/Develop/welean-portal/node_modules/next/dist/build/webpack/plugins/wellknown-errors-plugin/webpackModuleError.js:104:27)
    at async (file:///Users/zhaoqing/Documents/Develop/welean-portal/node_modules/next/dist/build/webpack/plugins/wellknown-errors-plugin/index.js:29:49)
    at async (file:///Users/zhaoqing/Documents/Develop/welean-portal/node_modules/next/dist/build/webpack/plugins/wellknown-errors-plugin/index.js:27:21)
[   15769ms] [LOG] [HMR] connected @ webpack-internal:///./node_modules/next/dist/client/components/react-dev-overlay/pages/websocket.js:41
[   15770ms] [ERROR] ./src/i18n/request.ts:2:1
Module not found: Can't resolve '../../../i18n'
  1 | import { getRequestConfig } from 'next-intl/server';
> 2 | import { locales } from '../../../i18n';
    | ^
  3 |
  4 | export default getRequestConfig(async ({ requestLocale }) => {
  5 |   // This typically corresponds to the `[locale]` segment

https://nextjs.org/docs/messages/module-not-found

Import trace for requested module:
./node_modules/next-intl/dist/esm/development/server/react-server/getConfig.js
./node_modules/next-intl/dist/esm/development/server/react-server/getFormatter.js
./node_modules/next-intl/dist/esm/development/server.react-server.js
./src/app/[locale]/layout.tsx @ webpack-internal:///./node_modules/next/dist/client/components/react-dev-overlay/pages/client.js:84
[   15770ms] [ERROR] ./src/i18n/request.ts:15:22
Module not found: Can't resolve '../../../messages'
  13 |   return {
  14 |     locale,
> 15 |     messages: (await import(`../../../messages/${locale}.json`)).default
     |                      ^
  16 |   };
  17 | });

https://nextjs.org/docs/messages/module-not-found

Import trace for requested module:
./node_modules/next-intl/dist/esm/development/server/react-server/getConfig.js
./node_modules/next-intl/dist/esm/development/server/react-server/getFormatter.js
./node_modules/next-intl/dist/esm/development/server.react-server.js
./src/app/[locale]/layout.tsx @ webpack-internal:///./node_modules/next/dist/client/components/react-dev-overlay/pages/client.js:84
[   15809ms] [ERROR] Failed to load resource: the server responded with a status of 500 (Internal Server Error) @ http://localhost:3000/en:0
[   15939ms] [INFO] %cDownload the React DevTools for a better development experience: https://react.dev/link/react-devtools font-weight:bold @ webpack-internal:///./node_modules/react-dom/cjs/react-dom-client.development.js:28004
[   15943ms] Error: Module not found: Can't resolve '../../../i18n'
  1 | import { getRequestConfig } from 'next-intl/server';
> 2 | import { locales } from '../../../i18n';
    | ^
  3 |
  4 | export default getRequestConfig(async ({ requestLocale }) => {
  5 |   // This typically corresponds to the `[locale]` segment

https://nextjs.org/docs/messages/module-not-found

Import trace for requested module:
./node_modules/next-intl/dist/esm/development/server/react-server/getConfig.js
./node_modules/next-intl/dist/esm/development/server/react-server/getFormatter.js
./node_modules/next-intl/dist/esm/development/server.react-server.js
./src/app/[locale]/layout.tsx
    at <unknown> (https://nextjs.org/docs/messages/module-not-found)
    at getNotFoundError (file:///Users/zhaoqing/Documents/Develop/welean-portal/node_modules/next/dist/build/webpack/plugins/wellknown-errors-plugin/parseNotFoundError.js:134:16)
    at async getModuleBuildError (file:///Users/zhaoqing/Documents/Develop/welean-portal/node_modules/next/dist/build/webpack/plugins/wellknown-errors-plugin/webpackModuleError.js:104:27)
    at async (file:///Users/zhaoqing/Documents/Develop/welean-portal/node_modules/next/dist/build/webpack/plugins/wellknown-errors-plugin/index.js:29:49)
    at async (file:///Users/zhaoqing/Documents/Develop/welean-portal/node_modules/next/dist/build/webpack/plugins/wellknown-errors-plugin/index.js:27:21)
[   15943ms] [LOG] [HMR] connected @ webpack-internal:///./node_modules/next/dist/client/components/react-dev-overlay/pages/websocket.js:41
[   15944ms] [ERROR] ./src/i18n/request.ts:2:1
Module not found: Can't resolve '../../../i18n'
  1 | import { getRequestConfig } from 'next-intl/server';
> 2 | import { locales } from '../../../i18n';
    | ^
  3 |
  4 | export default getRequestConfig(async ({ requestLocale }) => {
  5 |   // This typically corresponds to the `[locale]` segment

https://nextjs.org/docs/messages/module-not-found

Import trace for requested module:
./node_modules/next-intl/dist/esm/development/server/react-server/getConfig.js
./node_modules/next-intl/dist/esm/development/server/react-server/getFormatter.js
./node_modules/next-intl/dist/esm/development/server.react-server.js
./src/app/[locale]/layout.tsx @ webpack-internal:///./node_modules/next/dist/client/components/react-dev-overlay/pages/client.js:84
[   15944ms] [ERROR] ./src/i18n/request.ts:15:22
Module not found: Can't resolve '../../../messages'
  13 |   return {
  14 |     locale,
> 15 |     messages: (await import(`../../../messages/${locale}.json`)).default
     |                      ^
  16 |   };
  17 | });

https://nextjs.org/docs/messages/module-not-found

Import trace for requested module:
./node_modules/next-intl/dist/esm/development/server/react-server/getConfig.js
./node_modules/next-intl/dist/esm/development/server/react-server/getFormatter.js
./node_modules/next-intl/dist/esm/development/server.react-server.js
./src/app/[locale]/layout.tsx @ webpack-internal:///./node_modules/next/dist/client/components/react-dev-overlay/pages/client.js:84
[   15986ms] [ERROR] Failed to load resource: the server responded with a status of 500 (Internal Server Error) @ http://localhost:3000/en:0
[   16087ms] [INFO] %cDownload the React DevTools for a better development experience: https://react.dev/link/react-devtools font-weight:bold @ webpack-internal:///./node_modules/react-dom/cjs/react-dom-client.development.js:28004
[   16091ms] Error: Module not found: Can't resolve '../../../i18n'
  1 | import { getRequestConfig } from 'next-intl/server';
> 2 | import { locales } from '../../../i18n';
    | ^
  3 |
  4 | export default getRequestConfig(async ({ requestLocale }) => {
  5 |   // This typically corresponds to the `[locale]` segment

https://nextjs.org/docs/messages/module-not-found

Import trace for requested module:
./node_modules/next-intl/dist/esm/development/server/react-server/getConfig.js
./node_modules/next-intl/dist/esm/development/server/react-server/getFormatter.js
./node_modules/next-intl/dist/esm/development/server.react-server.js
./src/app/[locale]/layout.tsx
    at <unknown> (https://nextjs.org/docs/messages/module-not-found)
    at getNotFoundError (file:///Users/zhaoqing/Documents/Develop/welean-portal/node_modules/next/dist/build/webpack/plugins/wellknown-errors-plugin/parseNotFoundError.js:134:16)
    at async getModuleBuildError (file:///Users/zhaoqing/Documents/Develop/welean-portal/node_modules/next/dist/build/webpack/plugins/wellknown-errors-plugin/webpackModuleError.js:104:27)
    at async (file:///Users/zhaoqing/Documents/Develop/welean-portal/node_modules/next/dist/build/webpack/plugins/wellknown-errors-plugin/index.js:29:49)
    at async (file:///Users/zhaoqing/Documents/Develop/welean-portal/node_modules/next/dist/build/webpack/plugins/wellknown-errors-plugin/index.js:27:21)
[   16092ms] [LOG] [HMR] connected @ webpack-internal:///./node_modules/next/dist/client/components/react-dev-overlay/pages/websocket.js:41
[   16092ms] [ERROR] ./src/i18n/request.ts:2:1
Module not found: Can't resolve '../../../i18n'
  1 | import { getRequestConfig } from 'next-intl/server';
> 2 | import { locales } from '../../../i18n';
    | ^
  3 |
  4 | export default getRequestConfig(async ({ requestLocale }) => {
  5 |   // This typically corresponds to the `[locale]` segment

https://nextjs.org/docs/messages/module-not-found

Import trace for requested module:
./node_modules/next-intl/dist/esm/development/server/react-server/getConfig.js
./node_modules/next-intl/dist/esm/development/server/react-server/getFormatter.js
./node_modules/next-intl/dist/esm/development/server.react-server.js
./src/app/[locale]/layout.tsx @ webpack-internal:///./node_modules/next/dist/client/components/react-dev-overlay/pages/client.js:84
[   16092ms] [ERROR] ./src/i18n/request.ts:15:22
Module not found: Can't resolve '../../../messages'
  13 |   return {
  14 |     locale,
> 15 |     messages: (await import(`../../../messages/${locale}.json`)).default
     |                      ^
  16 |   };
  17 | });

https://nextjs.org/docs/messages/module-not-found

Import trace for requested module:
./node_modules/next-intl/dist/esm/development/server/react-server/getConfig.js
./node_modules/next-intl/dist/esm/development/server/react-server/getFormatter.js
./node_modules/next-intl/dist/esm/development/server.react-server.js
./src/app/[locale]/layout.tsx @ webpack-internal:///./node_modules/next/dist/client/components/react-dev-overlay/pages/client.js:84
[   16133ms] [ERROR] Failed to load resource: the server responded with a status of 500 (Internal Server Error) @ http://localhost:3000/en:0
[   16234ms] [INFO] %cDownload the React DevTools for a better development experience: https://react.dev/link/react-devtools font-weight:bold @ webpack-internal:///./node_modules/react-dom/cjs/react-dom-client.development.js:28004
[   16238ms] Error: Module not found: Can't resolve '../../../i18n'
  1 | import { getRequestConfig } from 'next-intl/server';
> 2 | import { locales } from '../../../i18n';
    | ^
  3 |
  4 | export default getRequestConfig(async ({ requestLocale }) => {
  5 |   // This typically corresponds to the `[locale]` segment

https://nextjs.org/docs/messages/module-not-found

Import trace for requested module:
./node_modules/next-intl/dist/esm/development/server/react-server/getConfig.js
./node_modules/next-intl/dist/esm/development/server/react-server/getFormatter.js
./node_modules/next-intl/dist/esm/development/server.react-server.js
./src/app/[locale]/layout.tsx
    at <unknown> (https://nextjs.org/docs/messages/module-not-found)
    at getNotFoundError (file:///Users/zhaoqing/Documents/Develop/welean-portal/node_modules/next/dist/build/webpack/plugins/wellknown-errors-plugin/parseNotFoundError.js:134:16)
    at async getModuleBuildError (file:///Users/zhaoqing/Documents/Develop/welean-portal/node_modules/next/dist/build/webpack/plugins/wellknown-errors-plugin/webpackModuleError.js:104:27)
    at async (file:///Users/zhaoqing/Documents/Develop/welean-portal/node_modules/next/dist/build/webpack/plugins/wellknown-errors-plugin/index.js:29:49)
    at async (file:///Users/zhaoqing/Documents/Develop/welean-portal/node_modules/next/dist/build/webpack/plugins/wellknown-errors-plugin/index.js:27:21)
[   16243ms] [LOG] [HMR] connected @ webpack-internal:///./node_modules/next/dist/client/components/react-dev-overlay/pages/websocket.js:41
[   16243ms] [ERROR] ./src/i18n/request.ts:2:1
Module not found: Can't resolve '../../../i18n'
  1 | import { getRequestConfig } from 'next-intl/server';
> 2 | import { locales } from '../../../i18n';
    | ^
  3 |
  4 | export default getRequestConfig(async ({ requestLocale }) => {
  5 |   // This typically corresponds to the `[locale]` segment

https://nextjs.org/docs/messages/module-not-found

Import trace for requested module:
./node_modules/next-intl/dist/esm/development/server/react-server/getConfig.js
./node_modules/next-intl/dist/esm/development/server/react-server/getFormatter.js
./node_modules/next-intl/dist/esm/development/server.react-server.js
./src/app/[locale]/layout.tsx @ webpack-internal:///./node_modules/next/dist/client/components/react-dev-overlay/pages/client.js:84
[   16243ms] [ERROR] ./src/i18n/request.ts:15:22
Module not found: Can't resolve '../../../messages'
  13 |   return {
  14 |     locale,
> 15 |     messages: (await import(`../../../messages/${locale}.json`)).default
     |                      ^
  16 |   };
  17 | });

https://nextjs.org/docs/messages/module-not-found

Import trace for requested module:
./node_modules/next-intl/dist/esm/development/server/react-server/getConfig.js
./node_modules/next-intl/dist/esm/development/server/react-server/getFormatter.js
./node_modules/next-intl/dist/esm/development/server.react-server.js
./src/app/[locale]/layout.tsx @ webpack-internal:///./node_modules/next/dist/client/components/react-dev-overlay/pages/client.js:84
[   16285ms] [ERROR] Failed to load resource: the server responded with a status of 500 (Internal Server Error) @ http://localhost:3000/en:0
[   16385ms] [INFO] %cDownload the React DevTools for a better development experience: https://react.dev/link/react-devtools font-weight:bold @ webpack-internal:///./node_modules/react-dom/cjs/react-dom-client.development.js:28004
[   16389ms] Error: Module not found: Can't resolve '../../../i18n'
  1 | import { getRequestConfig } from 'next-intl/server';
> 2 | import { locales } from '../../../i18n';
    | ^
  3 |
  4 | export default getRequestConfig(async ({ requestLocale }) => {
  5 |   // This typically corresponds to the `[locale]` segment

https://nextjs.org/docs/messages/module-not-found

Import trace for requested module:
./node_modules/next-intl/dist/esm/development/server/react-server/getConfig.js
./node_modules/next-intl/dist/esm/development/server/react-server/getFormatter.js
./node_modules/next-intl/dist/esm/development/server.react-server.js
./src/app/[locale]/layout.tsx
    at <unknown> (https://nextjs.org/docs/messages/module-not-found)
    at getNotFoundError (file:///Users/zhaoqing/Documents/Develop/welean-portal/node_modules/next/dist/build/webpack/plugins/wellknown-errors-plugin/parseNotFoundError.js:134:16)
    at async getModuleBuildError (file:///Users/zhaoqing/Documents/Develop/welean-portal/node_modules/next/dist/build/webpack/plugins/wellknown-errors-plugin/webpackModuleError.js:104:27)
    at async (file:///Users/zhaoqing/Documents/Develop/welean-portal/node_modules/next/dist/build/webpack/plugins/wellknown-errors-plugin/index.js:29:49)
    at async (file:///Users/zhaoqing/Documents/Develop/welean-portal/node_modules/next/dist/build/webpack/plugins/wellknown-errors-plugin/index.js:27:21)
[   16389ms] [LOG] [HMR] connected @ webpack-internal:///./node_modules/next/dist/client/components/react-dev-overlay/pages/websocket.js:41
[   16390ms] [ERROR] ./src/i18n/request.ts:2:1
Module not found: Can't resolve '../../../i18n'
  1 | import { getRequestConfig } from 'next-intl/server';
> 2 | import { locales } from '../../../i18n';
    | ^
  3 |
  4 | export default getRequestConfig(async ({ requestLocale }) => {
  5 |   // This typically corresponds to the `[locale]` segment

https://nextjs.org/docs/messages/module-not-found

Import trace for requested module:
./node_modules/next-intl/dist/esm/development/server/react-server/getConfig.js
./node_modules/next-intl/dist/esm/development/server/react-server/getFormatter.js
./node_modules/next-intl/dist/esm/development/server.react-server.js
./src/app/[locale]/layout.tsx @ webpack-internal:///./node_modules/next/dist/client/components/react-dev-overlay/pages/client.js:84
[   16390ms] [ERROR] ./src/i18n/request.ts:15:22
Module not found: Can't resolve '../../../messages'
  13 |   return {
  14 |     locale,
> 15 |     messages: (await import(`../../../messages/${locale}.json`)).default
     |                      ^
  16 |   };
  17 | });

https://nextjs.org/docs/messages/module-not-found

Import trace for requested module:
./node_modules/next-intl/dist/esm/development/server/react-server/getConfig.js
./node_modules/next-intl/dist/esm/development/server/react-server/getFormatter.js
./node_modules/next-intl/dist/esm/development/server.react-server.js
./src/app/[locale]/layout.tsx @ webpack-internal:///./node_modules/next/dist/client/components/react-dev-overlay/pages/client.js:84
[   16444ms] [ERROR] Failed to load resource: the server responded with a status of 500 (Internal Server Error) @ http://localhost:3000/en:0
[   16597ms] [INFO] %cDownload the React DevTools for a better development experience: https://react.dev/link/react-devtools font-weight:bold @ webpack-internal:///./node_modules/react-dom/cjs/react-dom-client.development.js:28004
[   16601ms] Error: Module not found: Can't resolve '../../../i18n'
  1 | import { getRequestConfig } from 'next-intl/server';
> 2 | import { locales } from '../../../i18n';
    | ^
  3 |
  4 | export default getRequestConfig(async ({ requestLocale }) => {
  5 |   // This typically corresponds to the `[locale]` segment

https://nextjs.org/docs/messages/module-not-found

Import trace for requested module:
./node_modules/next-intl/dist/esm/development/server/react-server/getConfig.js
./node_modules/next-intl/dist/esm/development/server/react-server/getFormatter.js
./node_modules/next-intl/dist/esm/development/server.react-server.js
./src/app/[locale]/layout.tsx
    at <unknown> (https://nextjs.org/docs/messages/module-not-found)
    at getNotFoundError (file:///Users/zhaoqing/Documents/Develop/welean-portal/node_modules/next/dist/build/webpack/plugins/wellknown-errors-plugin/parseNotFoundError.js:134:16)
    at async getModuleBuildError (file:///Users/zhaoqing/Documents/Develop/welean-portal/node_modules/next/dist/build/webpack/plugins/wellknown-errors-plugin/webpackModuleError.js:104:27)
    at async (file:///Users/zhaoqing/Documents/Develop/welean-portal/node_modules/next/dist/build/webpack/plugins/wellknown-errors-plugin/index.js:29:49)
    at async (file:///Users/zhaoqing/Documents/Develop/welean-portal/node_modules/next/dist/build/webpack/plugins/wellknown-errors-plugin/index.js:27:21)
[   16602ms] [LOG] [HMR] connected @ webpack-internal:///./node_modules/next/dist/client/components/react-dev-overlay/pages/websocket.js:41
[   16604ms] [ERROR] ./src/i18n/request.ts:2:1
Module not found: Can't resolve '../../../i18n'
  1 | import { getRequestConfig } from 'next-intl/server';
> 2 | import { locales } from '../../../i18n';
    | ^
  3 |
  4 | export default getRequestConfig(async ({ requestLocale }) => {
  5 |   // This typically corresponds to the `[locale]` segment

https://nextjs.org/docs/messages/module-not-found

Import trace for requested module:
./node_modules/next-intl/dist/esm/development/server/react-server/getConfig.js
./node_modules/next-intl/dist/esm/development/server/react-server/getFormatter.js
./node_modules/next-intl/dist/esm/development/server.react-server.js
./src/app/[locale]/layout.tsx @ webpack-internal:///./node_modules/next/dist/client/components/react-dev-overlay/pages/client.js:84
[   16604ms] [ERROR] ./src/i18n/request.ts:15:22
Module not found: Can't resolve '../../../messages'
  13 |   return {
  14 |     locale,
> 15 |     messages: (await import(`../../../messages/${locale}.json`)).default
     |                      ^
  16 |   };
  17 | });

https://nextjs.org/docs/messages/module-not-found

Import trace for requested module:
./node_modules/next-intl/dist/esm/development/server/react-server/getConfig.js
./node_modules/next-intl/dist/esm/development/server/react-server/getFormatter.js
./node_modules/next-intl/dist/esm/development/server.react-server.js
./src/app/[locale]/layout.tsx @ webpack-internal:///./node_modules/next/dist/client/components/react-dev-overlay/pages/client.js:84
[   16690ms] [ERROR] Failed to load resource: the server responded with a status of 500 (Internal Server Error) @ http://localhost:3000/en:0
[   16791ms] [INFO] %cDownload the React DevTools for a better development experience: https://react.dev/link/react-devtools font-weight:bold @ webpack-internal:///./node_modules/react-dom/cjs/react-dom-client.development.js:28004
[   16795ms] Error: Module not found: Can't resolve '../../../i18n'
  1 | import { getRequestConfig } from 'next-intl/server';
> 2 | import { locales } from '../../../i18n';
    | ^
  3 |
  4 | export default getRequestConfig(async ({ requestLocale }) => {
  5 |   // This typically corresponds to the `[locale]` segment

https://nextjs.org/docs/messages/module-not-found

Import trace for requested module:
./node_modules/next-intl/dist/esm/development/server/react-server/getConfig.js
./node_modules/next-intl/dist/esm/development/server/react-server/getFormatter.js
./node_modules/next-intl/dist/esm/development/server.react-server.js
./src/app/[locale]/layout.tsx
    at <unknown> (https://nextjs.org/docs/messages/module-not-found)
    at getNotFoundError (file:///Users/zhaoqing/Documents/Develop/welean-portal/node_modules/next/dist/build/webpack/plugins/wellknown-errors-plugin/parseNotFoundError.js:134:16)
    at async getModuleBuildError (file:///Users/zhaoqing/Documents/Develop/welean-portal/node_modules/next/dist/build/webpack/plugins/wellknown-errors-plugin/webpackModuleError.js:104:27)
    at async (file:///Users/zhaoqing/Documents/Develop/welean-portal/node_modules/next/dist/build/webpack/plugins/wellknown-errors-plugin/index.js:29:49)
    at async (file:///Users/zhaoqing/Documents/Develop/welean-portal/node_modules/next/dist/build/webpack/plugins/wellknown-errors-plugin/index.js:27:21)
[   16795ms] [LOG] [HMR] connected @ webpack-internal:///./node_modules/next/dist/client/components/react-dev-overlay/pages/websocket.js:41
[   16796ms] [ERROR] ./src/i18n/request.ts:2:1
Module not found: Can't resolve '../../../i18n'
  1 | import { getRequestConfig } from 'next-intl/server';
> 2 | import { locales } from '../../../i18n';
    | ^
  3 |
  4 | export default getRequestConfig(async ({ requestLocale }) => {
  5 |   // This typically corresponds to the `[locale]` segment

https://nextjs.org/docs/messages/module-not-found

Import trace for requested module:
./node_modules/next-intl/dist/esm/development/server/react-server/getConfig.js
./node_modules/next-intl/dist/esm/development/server/react-server/getFormatter.js
./node_modules/next-intl/dist/esm/development/server.react-server.js
./src/app/[locale]/layout.tsx @ webpack-internal:///./node_modules/next/dist/client/components/react-dev-overlay/pages/client.js:84
[   16796ms] [ERROR] ./src/i18n/request.ts:15:22
Module not found: Can't resolve '../../../messages'
  13 |   return {
  14 |     locale,
> 15 |     messages: (await import(`../../../messages/${locale}.json`)).default
     |                      ^
  16 |   };
  17 | });

https://nextjs.org/docs/messages/module-not-found

Import trace for requested module:
./node_modules/next-intl/dist/esm/development/server/react-server/getConfig.js
./node_modules/next-intl/dist/esm/development/server/react-server/getFormatter.js
./node_modules/next-intl/dist/esm/development/server.react-server.js
./src/app/[locale]/layout.tsx @ webpack-internal:///./node_modules/next/dist/client/components/react-dev-overlay/pages/client.js:84
[   16841ms] [ERROR] Failed to load resource: the server responded with a status of 500 (Internal Server Error) @ http://localhost:3000/en:0
[   16943ms] [INFO] %cDownload the React DevTools for a better development experience: https://react.dev/link/react-devtools font-weight:bold @ webpack-internal:///./node_modules/react-dom/cjs/react-dom-client.development.js:28004
[   16946ms] Error: Module not found: Can't resolve '../../../i18n'
  1 | import { getRequestConfig } from 'next-intl/server';
> 2 | import { locales } from '../../../i18n';
    | ^
  3 |
  4 | export default getRequestConfig(async ({ requestLocale }) => {
  5 |   // This typically corresponds to the `[locale]` segment

https://nextjs.org/docs/messages/module-not-found

Import trace for requested module:
./node_modules/next-intl/dist/esm/development/server/react-server/getConfig.js
./node_modules/next-intl/dist/esm/development/server/react-server/getFormatter.js
./node_modules/next-intl/dist/esm/development/server.react-server.js
./src/app/[locale]/layout.tsx
    at <unknown> (https://nextjs.org/docs/messages/module-not-found)
    at getNotFoundError (file:///Users/zhaoqing/Documents/Develop/welean-portal/node_modules/next/dist/build/webpack/plugins/wellknown-errors-plugin/parseNotFoundError.js:134:16)
    at async getModuleBuildError (file:///Users/zhaoqing/Documents/Develop/welean-portal/node_modules/next/dist/build/webpack/plugins/wellknown-errors-plugin/webpackModuleError.js:104:27)
    at async (file:///Users/zhaoqing/Documents/Develop/welean-portal/node_modules/next/dist/build/webpack/plugins/wellknown-errors-plugin/index.js:29:49)
    at async (file:///Users/zhaoqing/Documents/Develop/welean-portal/node_modules/next/dist/build/webpack/plugins/wellknown-errors-plugin/index.js:27:21)
[   16947ms] [LOG] [HMR] connected @ webpack-internal:///./node_modules/next/dist/client/components/react-dev-overlay/pages/websocket.js:41
[   16947ms] [ERROR] ./src/i18n/request.ts:2:1
Module not found: Can't resolve '../../../i18n'
  1 | import { getRequestConfig } from 'next-intl/server';
> 2 | import { locales } from '../../../i18n';
    | ^
  3 |
  4 | export default getRequestConfig(async ({ requestLocale }) => {
  5 |   // This typically corresponds to the `[locale]` segment

https://nextjs.org/docs/messages/module-not-found

Import trace for requested module:
./node_modules/next-intl/dist/esm/development/server/react-server/getConfig.js
./node_modules/next-intl/dist/esm/development/server/react-server/getFormatter.js
./node_modules/next-intl/dist/esm/development/server.react-server.js
./src/app/[locale]/layout.tsx @ webpack-internal:///./node_modules/next/dist/client/components/react-dev-overlay/pages/client.js:84
[   16947ms] [ERROR] ./src/i18n/request.ts:15:22
Module not found: Can't resolve '../../../messages'
  13 |   return {
  14 |     locale,
> 15 |     messages: (await import(`../../../messages/${locale}.json`)).default
     |                      ^
  16 |   };
  17 | });

https://nextjs.org/docs/messages/module-not-found

Import trace for requested module:
./node_modules/next-intl/dist/esm/development/server/react-server/getConfig.js
./node_modules/next-intl/dist/esm/development/server/react-server/getFormatter.js
./node_modules/next-intl/dist/esm/development/server.react-server.js
./src/app/[locale]/layout.tsx @ webpack-internal:///./node_modules/next/dist/client/components/react-dev-overlay/pages/client.js:84
[   16993ms] [ERROR] Failed to load resource: the server responded with a status of 500 (Internal Server Error) @ http://localhost:3000/en:0
[   17094ms] [INFO] %cDownload the React DevTools for a better development experience: https://react.dev/link/react-devtools font-weight:bold @ webpack-internal:///./node_modules/react-dom/cjs/react-dom-client.development.js:28004
[   17097ms] Error: Module not found: Can't resolve '../../../i18n'
  1 | import { getRequestConfig } from 'next-intl/server';
> 2 | import { locales } from '../../../i18n';
    | ^
  3 |
  4 | export default getRequestConfig(async ({ requestLocale }) => {
  5 |   // This typically corresponds to the `[locale]` segment

https://nextjs.org/docs/messages/module-not-found

Import trace for requested module:
./node_modules/next-intl/dist/esm/development/server/react-server/getConfig.js
./node_modules/next-intl/dist/esm/development/server/react-server/getFormatter.js
./node_modules/next-intl/dist/esm/development/server.react-server.js
./src/app/[locale]/layout.tsx
    at <unknown> (https://nextjs.org/docs/messages/module-not-found)
    at getNotFoundError (file:///Users/zhaoqing/Documents/Develop/welean-portal/node_modules/next/dist/build/webpack/plugins/wellknown-errors-plugin/parseNotFoundError.js:134:16)
    at async getModuleBuildError (file:///Users/zhaoqing/Documents/Develop/welean-portal/node_modules/next/dist/build/webpack/plugins/wellknown-errors-plugin/webpackModuleError.js:104:27)
    at async (file:///Users/zhaoqing/Documents/Develop/welean-portal/node_modules/next/dist/build/webpack/plugins/wellknown-errors-plugin/index.js:29:49)
    at async (file:///Users/zhaoqing/Documents/Develop/welean-portal/node_modules/next/dist/build/webpack/plugins/wellknown-errors-plugin/index.js:27:21)
[   17098ms] [LOG] [HMR] connected @ webpack-internal:///./node_modules/next/dist/client/components/react-dev-overlay/pages/websocket.js:41
[   17098ms] [ERROR] ./src/i18n/request.ts:2:1
Module not found: Can't resolve '../../../i18n'
  1 | import { getRequestConfig } from 'next-intl/server';
> 2 | import { locales } from '../../../i18n';
    | ^
  3 |
  4 | export default getRequestConfig(async ({ requestLocale }) => {
  5 |   // This typically corresponds to the `[locale]` segment

https://nextjs.org/docs/messages/module-not-found

Import trace for requested module:
./node_modules/next-intl/dist/esm/development/server/react-server/getConfig.js
./node_modules/next-intl/dist/esm/development/server/react-server/getFormatter.js
./node_modules/next-intl/dist/esm/development/server.react-server.js
./src/app/[locale]/layout.tsx @ webpack-internal:///./node_modules/next/dist/client/components/react-dev-overlay/pages/client.js:84
[   17098ms] [ERROR] ./src/i18n/request.ts:15:22
Module not found: Can't resolve '../../../messages'
  13 |   return {
  14 |     locale,
> 15 |     messages: (await import(`../../../messages/${locale}.json`)).default
     |                      ^
  16 |   };
  17 | });

https://nextjs.org/docs/messages/module-not-found

Import trace for requested module:
./node_modules/next-intl/dist/esm/development/server/react-server/getConfig.js
./node_modules/next-intl/dist/esm/development/server/react-server/getFormatter.js
./node_modules/next-intl/dist/esm/development/server.react-server.js
./src/app/[locale]/layout.tsx @ webpack-internal:///./node_modules/next/dist/client/components/react-dev-overlay/pages/client.js:84
[   17143ms] [ERROR] Failed to load resource: the server responded with a status of 500 (Internal Server Error) @ http://localhost:3000/en:0
[   17242ms] [INFO] %cDownload the React DevTools for a better development experience: https://react.dev/link/react-devtools font-weight:bold @ webpack-internal:///./node_modules/react-dom/cjs/react-dom-client.development.js:28004
[   17245ms] Error: Module not found: Can't resolve '../../../i18n'
  1 | import { getRequestConfig } from 'next-intl/server';
> 2 | import { locales } from '../../../i18n';
    | ^
  3 |
  4 | export default getRequestConfig(async ({ requestLocale }) => {
  5 |   // This typically corresponds to the `[locale]` segment

https://nextjs.org/docs/messages/module-not-found

Import trace for requested module:
./node_modules/next-intl/dist/esm/development/server/react-server/getConfig.js
./node_modules/next-intl/dist/esm/development/server/react-server/getFormatter.js
./node_modules/next-intl/dist/esm/development/server.react-server.js
./src/app/[locale]/layout.tsx
    at <unknown> (https://nextjs.org/docs/messages/module-not-found)
    at getNotFoundError (file:///Users/zhaoqing/Documents/Develop/welean-portal/node_modules/next/dist/build/webpack/plugins/wellknown-errors-plugin/parseNotFoundError.js:134:16)
    at async getModuleBuildError (file:///Users/zhaoqing/Documents/Develop/welean-portal/node_modules/next/dist/build/webpack/plugins/wellknown-errors-plugin/webpackModuleError.js:104:27)
    at async (file:///Users/zhaoqing/Documents/Develop/welean-portal/node_modules/next/dist/build/webpack/plugins/wellknown-errors-plugin/index.js:29:49)
    at async (file:///Users/zhaoqing/Documents/Develop/welean-portal/node_modules/next/dist/build/webpack/plugins/wellknown-errors-plugin/index.js:27:21)
[   17249ms] [LOG] [HMR] connected @ webpack-internal:///./node_modules/next/dist/client/components/react-dev-overlay/pages/websocket.js:41
[   17250ms] [ERROR] ./src/i18n/request.ts:2:1
Module not found: Can't resolve '../../../i18n'
  1 | import { getRequestConfig } from 'next-intl/server';
> 2 | import { locales } from '../../../i18n';
    | ^
  3 |
  4 | export default getRequestConfig(async ({ requestLocale }) => {
  5 |   // This typically corresponds to the `[locale]` segment

https://nextjs.org/docs/messages/module-not-found

Import trace for requested module:
./node_modules/next-intl/dist/esm/development/server/react-server/getConfig.js
./node_modules/next-intl/dist/esm/development/server/react-server/getFormatter.js
./node_modules/next-intl/dist/esm/development/server.react-server.js
./src/app/[locale]/layout.tsx @ webpack-internal:///./node_modules/next/dist/client/components/react-dev-overlay/pages/client.js:84
[   17250ms] [ERROR] ./src/i18n/request.ts:15:22
Module not found: Can't resolve '../../../messages'
  13 |   return {
  14 |     locale,
> 15 |     messages: (await import(`../../../messages/${locale}.json`)).default
     |                      ^
  16 |   };
  17 | });

https://nextjs.org/docs/messages/module-not-found

Import trace for requested module:
./node_modules/next-intl/dist/esm/development/server/react-server/getConfig.js
./node_modules/next-intl/dist/esm/development/server/react-server/getFormatter.js
./node_modules/next-intl/dist/esm/development/server.react-server.js
./src/app/[locale]/layout.tsx @ webpack-internal:///./node_modules/next/dist/client/components/react-dev-overlay/pages/client.js:84
[   17293ms] [ERROR] Failed to load resource: the server responded with a status of 500 (Internal Server Error) @ http://localhost:3000/en:0
[   17395ms] [INFO] %cDownload the React DevTools for a better development experience: https://react.dev/link/react-devtools font-weight:bold @ webpack-internal:///./node_modules/react-dom/cjs/react-dom-client.development.js:28004
[   17398ms] Error: Module not found: Can't resolve '../../../i18n'
  1 | import { getRequestConfig } from 'next-intl/server';
> 2 | import { locales } from '../../../i18n';
    | ^
  3 |
  4 | export default getRequestConfig(async ({ requestLocale }) => {
  5 |   // This typically corresponds to the `[locale]` segment

https://nextjs.org/docs/messages/module-not-found

Import trace for requested module:
./node_modules/next-intl/dist/esm/development/server/react-server/getConfig.js
./node_modules/next-intl/dist/esm/development/server/react-server/getFormatter.js
./node_modules/next-intl/dist/esm/development/server.react-server.js
./src/app/[locale]/layout.tsx
    at <unknown> (https://nextjs.org/docs/messages/module-not-found)
    at getNotFoundError (file:///Users/zhaoqing/Documents/Develop/welean-portal/node_modules/next/dist/build/webpack/plugins/wellknown-errors-plugin/parseNotFoundError.js:134:16)
    at async getModuleBuildError (file:///Users/zhaoqing/Documents/Develop/welean-portal/node_modules/next/dist/build/webpack/plugins/wellknown-errors-plugin/webpackModuleError.js:104:27)
    at async (file:///Users/zhaoqing/Documents/Develop/welean-portal/node_modules/next/dist/build/webpack/plugins/wellknown-errors-plugin/index.js:29:49)
    at async (file:///Users/zhaoqing/Documents/Develop/welean-portal/node_modules/next/dist/build/webpack/plugins/wellknown-errors-plugin/index.js:27:21)
[   17399ms] [LOG] [HMR] connected @ webpack-internal:///./node_modules/next/dist/client/components/react-dev-overlay/pages/websocket.js:41
[   17400ms] [ERROR] ./src/i18n/request.ts:2:1
Module not found: Can't resolve '../../../i18n'
  1 | import { getRequestConfig } from 'next-intl/server';
> 2 | import { locales } from '../../../i18n';
    | ^
  3 |
  4 | export default getRequestConfig(async ({ requestLocale }) => {
  5 |   // This typically corresponds to the `[locale]` segment

https://nextjs.org/docs/messages/module-not-found

Import trace for requested module:
./node_modules/next-intl/dist/esm/development/server/react-server/getConfig.js
./node_modules/next-intl/dist/esm/development/server/react-server/getFormatter.js
./node_modules/next-intl/dist/esm/development/server.react-server.js
./src/app/[locale]/layout.tsx @ webpack-internal:///./node_modules/next/dist/client/components/react-dev-overlay/pages/client.js:84
[   17400ms] [ERROR] ./src/i18n/request.ts:15:22
Module not found: Can't resolve '../../../messages'
  13 |   return {
  14 |     locale,
> 15 |     messages: (await import(`../../../messages/${locale}.json`)).default
     |                      ^
  16 |   };
  17 | });

https://nextjs.org/docs/messages/module-not-found

Import trace for requested module:
./node_modules/next-intl/dist/esm/development/server/react-server/getConfig.js
./node_modules/next-intl/dist/esm/development/server/react-server/getFormatter.js
./node_modules/next-intl/dist/esm/development/server.react-server.js
./src/app/[locale]/layout.tsx @ webpack-internal:///./node_modules/next/dist/client/components/react-dev-overlay/pages/client.js:84
[   17457ms] [ERROR] Failed to load resource: the server responded with a status of 500 (Internal Server Error) @ http://localhost:3000/en:0
[   17556ms] [INFO] %cDownload the React DevTools for a better development experience: https://react.dev/link/react-devtools font-weight:bold @ webpack-internal:///./node_modules/react-dom/cjs/react-dom-client.development.js:28004
[   17560ms] Error: Module not found: Can't resolve '../../../i18n'
  1 | import { getRequestConfig } from 'next-intl/server';
> 2 | import { locales } from '../../../i18n';
    | ^
  3 |
  4 | export default getRequestConfig(async ({ requestLocale }) => {
  5 |   // This typically corresponds to the `[locale]` segment

https://nextjs.org/docs/messages/module-not-found

Import trace for requested module:
./node_modules/next-intl/dist/esm/development/server/react-server/getConfig.js
./node_modules/next-intl/dist/esm/development/server/react-server/getFormatter.js
./node_modules/next-intl/dist/esm/development/server.react-server.js
./src/app/[locale]/layout.tsx
    at <unknown> (https://nextjs.org/docs/messages/module-not-found)
    at getNotFoundError (file:///Users/zhaoqing/Documents/Develop/welean-portal/node_modules/next/dist/build/webpack/plugins/wellknown-errors-plugin/parseNotFoundError.js:134:16)
    at async getModuleBuildError (file:///Users/zhaoqing/Documents/Develop/welean-portal/node_modules/next/dist/build/webpack/plugins/wellknown-errors-plugin/webpackModuleError.js:104:27)
    at async (file:///Users/zhaoqing/Documents/Develop/welean-portal/node_modules/next/dist/build/webpack/plugins/wellknown-errors-plugin/index.js:29:49)
    at async (file:///Users/zhaoqing/Documents/Develop/welean-portal/node_modules/next/dist/build/webpack/plugins/wellknown-errors-plugin/index.js:27:21)
[   17560ms] [LOG] [HMR] connected @ webpack-internal:///./node_modules/next/dist/client/components/react-dev-overlay/pages/websocket.js:41
[   17561ms] [ERROR] ./src/i18n/request.ts:2:1
Module not found: Can't resolve '../../../i18n'
  1 | import { getRequestConfig } from 'next-intl/server';
> 2 | import { locales } from '../../../i18n';
    | ^
  3 |
  4 | export default getRequestConfig(async ({ requestLocale }) => {
  5 |   // This typically corresponds to the `[locale]` segment

https://nextjs.org/docs/messages/module-not-found

Import trace for requested module:
./node_modules/next-intl/dist/esm/development/server/react-server/getConfig.js
./node_modules/next-intl/dist/esm/development/server/react-server/getFormatter.js
./node_modules/next-intl/dist/esm/development/server.react-server.js
./src/app/[locale]/layout.tsx @ webpack-internal:///./node_modules/next/dist/client/components/react-dev-overlay/pages/client.js:84
[   17561ms] [ERROR] ./src/i18n/request.ts:15:22
Module not found: Can't resolve '../../../messages'
  13 |   return {
  14 |     locale,
> 15 |     messages: (await import(`../../../messages/${locale}.json`)).default
     |                      ^
  16 |   };
  17 | });

https://nextjs.org/docs/messages/module-not-found

Import trace for requested module:
./node_modules/next-intl/dist/esm/development/server/react-server/getConfig.js
./node_modules/next-intl/dist/esm/development/server/react-server/getFormatter.js
./node_modules/next-intl/dist/esm/development/server.react-server.js
./src/app/[locale]/layout.tsx @ webpack-internal:///./node_modules/next/dist/client/components/react-dev-overlay/pages/client.js:84
[   17599ms] [ERROR] Failed to load resource: the server responded with a status of 500 (Internal Server Error) @ http://localhost:3000/en:0
[   17701ms] [INFO] %cDownload the React DevTools for a better development experience: https://react.dev/link/react-devtools font-weight:bold @ webpack-internal:///./node_modules/react-dom/cjs/react-dom-client.development.js:28004
[   17704ms] Error: Module not found: Can't resolve '../../../i18n'
  1 | import { getRequestConfig } from 'next-intl/server';
> 2 | import { locales } from '../../../i18n';
    | ^
  3 |
  4 | export default getRequestConfig(async ({ requestLocale }) => {
  5 |   // This typically corresponds to the `[locale]` segment

https://nextjs.org/docs/messages/module-not-found

Import trace for requested module:
./node_modules/next-intl/dist/esm/development/server/react-server/getConfig.js
./node_modules/next-intl/dist/esm/development/server/react-server/getFormatter.js
./node_modules/next-intl/dist/esm/development/server.react-server.js
./src/app/[locale]/layout.tsx
    at <unknown> (https://nextjs.org/docs/messages/module-not-found)
    at getNotFoundError (file:///Users/zhaoqing/Documents/Develop/welean-portal/node_modules/next/dist/build/webpack/plugins/wellknown-errors-plugin/parseNotFoundError.js:134:16)
    at async getModuleBuildError (file:///Users/zhaoqing/Documents/Develop/welean-portal/node_modules/next/dist/build/webpack/plugins/wellknown-errors-plugin/webpackModuleError.js:104:27)
    at async (file:///Users/zhaoqing/Documents/Develop/welean-portal/node_modules/next/dist/build/webpack/plugins/wellknown-errors-plugin/index.js:29:49)
    at async (file:///Users/zhaoqing/Documents/Develop/welean-portal/node_modules/next/dist/build/webpack/plugins/wellknown-errors-plugin/index.js:27:21)
[   17705ms] [LOG] [HMR] connected @ webpack-internal:///./node_modules/next/dist/client/components/react-dev-overlay/pages/websocket.js:41
[   17706ms] [ERROR] ./src/i18n/request.ts:2:1
Module not found: Can't resolve '../../../i18n'
  1 | import { getRequestConfig } from 'next-intl/server';
> 2 | import { locales } from '../../../i18n';
    | ^
  3 |
  4 | export default getRequestConfig(async ({ requestLocale }) => {
  5 |   // This typically corresponds to the `[locale]` segment

https://nextjs.org/docs/messages/module-not-found

Import trace for requested module:
./node_modules/next-intl/dist/esm/development/server/react-server/getConfig.js
./node_modules/next-intl/dist/esm/development/server/react-server/getFormatter.js
./node_modules/next-intl/dist/esm/development/server.react-server.js
./src/app/[locale]/layout.tsx @ webpack-internal:///./node_modules/next/dist/client/components/react-dev-overlay/pages/client.js:84
[   17706ms] [ERROR] ./src/i18n/request.ts:15:22
Module not found: Can't resolve '../../../messages'
  13 |   return {
  14 |     locale,
> 15 |     messages: (await import(`../../../messages/${locale}.json`)).default
     |                      ^
  16 |   };
  17 | });

https://nextjs.org/docs/messages/module-not-found

Import trace for requested module:
./node_modules/next-intl/dist/esm/development/server/react-server/getConfig.js
./node_modules/next-intl/dist/esm/development/server/react-server/getFormatter.js
./node_modules/next-intl/dist/esm/development/server.react-server.js
./src/app/[locale]/layout.tsx @ webpack-internal:///./node_modules/next/dist/client/components/react-dev-overlay/pages/client.js:84
[   17749ms] [ERROR] Failed to load resource: the server responded with a status of 500 (Internal Server Error) @ http://localhost:3000/en:0
[   17849ms] [INFO] %cDownload the React DevTools for a better development experience: https://react.dev/link/react-devtools font-weight:bold @ webpack-internal:///./node_modules/react-dom/cjs/react-dom-client.development.js:28004
[   17853ms] Error: Module not found: Can't resolve '../../../i18n'
  1 | import { getRequestConfig } from 'next-intl/server';
> 2 | import { locales } from '../../../i18n';
    | ^
  3 |
  4 | export default getRequestConfig(async ({ requestLocale }) => {
  5 |   // This typically corresponds to the `[locale]` segment

https://nextjs.org/docs/messages/module-not-found

Import trace for requested module:
./node_modules/next-intl/dist/esm/development/server/react-server/getConfig.js
./node_modules/next-intl/dist/esm/development/server/react-server/getFormatter.js
./node_modules/next-intl/dist/esm/development/server.react-server.js
./src/app/[locale]/layout.tsx
    at <unknown> (https://nextjs.org/docs/messages/module-not-found)
    at getNotFoundError (file:///Users/zhaoqing/Documents/Develop/welean-portal/node_modules/next/dist/build/webpack/plugins/wellknown-errors-plugin/parseNotFoundError.js:134:16)
    at async getModuleBuildError (file:///Users/zhaoqing/Documents/Develop/welean-portal/node_modules/next/dist/build/webpack/plugins/wellknown-errors-plugin/webpackModuleError.js:104:27)
    at async (file:///Users/zhaoqing/Documents/Develop/welean-portal/node_modules/next/dist/build/webpack/plugins/wellknown-errors-plugin/index.js:29:49)
    at async (file:///Users/zhaoqing/Documents/Develop/welean-portal/node_modules/next/dist/build/webpack/plugins/wellknown-errors-plugin/index.js:27:21)
[   17854ms] [LOG] [HMR] connected @ webpack-internal:///./node_modules/next/dist/client/components/react-dev-overlay/pages/websocket.js:41
[   17854ms] [ERROR] ./src/i18n/request.ts:2:1
Module not found: Can't resolve '../../../i18n'
  1 | import { getRequestConfig } from 'next-intl/server';
> 2 | import { locales } from '../../../i18n';
    | ^
  3 |
  4 | export default getRequestConfig(async ({ requestLocale }) => {
  5 |   // This typically corresponds to the `[locale]` segment

https://nextjs.org/docs/messages/module-not-found

Import trace for requested module:
./node_modules/next-intl/dist/esm/development/server/react-server/getConfig.js
./node_modules/next-intl/dist/esm/development/server/react-server/getFormatter.js
./node_modules/next-intl/dist/esm/development/server.react-server.js
./src/app/[locale]/layout.tsx @ webpack-internal:///./node_modules/next/dist/client/components/react-dev-overlay/pages/client.js:84
[   17854ms] [ERROR] ./src/i18n/request.ts:15:22
Module not found: Can't resolve '../../../messages'
  13 |   return {
  14 |     locale,
> 15 |     messages: (await import(`../../../messages/${locale}.json`)).default
     |                      ^
  16 |   };
  17 | });

https://nextjs.org/docs/messages/module-not-found

Import trace for requested module:
./node_modules/next-intl/dist/esm/development/server/react-server/getConfig.js
./node_modules/next-intl/dist/esm/development/server/react-server/getFormatter.js
./node_modules/next-intl/dist/esm/development/server.react-server.js
./src/app/[locale]/layout.tsx @ webpack-internal:///./node_modules/next/dist/client/components/react-dev-overlay/pages/client.js:84
[   17902ms] [ERROR] Failed to load resource: the server responded with a status of 500 (Internal Server Error) @ http://localhost:3000/en:0
[   18002ms] [INFO] %cDownload the React DevTools for a better development experience: https://react.dev/link/react-devtools font-weight:bold @ webpack-internal:///./node_modules/react-dom/cjs/react-dom-client.development.js:28004
[   18005ms] Error: Module not found: Can't resolve '../../../i18n'
  1 | import { getRequestConfig } from 'next-intl/server';
> 2 | import { locales } from '../../../i18n';
    | ^
  3 |
  4 | export default getRequestConfig(async ({ requestLocale }) => {
  5 |   // This typically corresponds to the `[locale]` segment

https://nextjs.org/docs/messages/module-not-found

Import trace for requested module:
./node_modules/next-intl/dist/esm/development/server/react-server/getConfig.js
./node_modules/next-intl/dist/esm/development/server/react-server/getFormatter.js
./node_modules/next-intl/dist/esm/development/server.react-server.js
./src/app/[locale]/layout.tsx
    at <unknown> (https://nextjs.org/docs/messages/module-not-found)
    at getNotFoundError (file:///Users/zhaoqing/Documents/Develop/welean-portal/node_modules/next/dist/build/webpack/plugins/wellknown-errors-plugin/parseNotFoundError.js:134:16)
    at async getModuleBuildError (file:///Users/zhaoqing/Documents/Develop/welean-portal/node_modules/next/dist/build/webpack/plugins/wellknown-errors-plugin/webpackModuleError.js:104:27)
    at async (file:///Users/zhaoqing/Documents/Develop/welean-portal/node_modules/next/dist/build/webpack/plugins/wellknown-errors-plugin/index.js:29:49)
    at async (file:///Users/zhaoqing/Documents/Develop/welean-portal/node_modules/next/dist/build/webpack/plugins/wellknown-errors-plugin/index.js:27:21)
[   18006ms] [LOG] [HMR] connected @ webpack-internal:///./node_modules/next/dist/client/components/react-dev-overlay/pages/websocket.js:41
[   18006ms] [ERROR] ./src/i18n/request.ts:2:1
Module not found: Can't resolve '../../../i18n'
  1 | import { getRequestConfig } from 'next-intl/server';
> 2 | import { locales } from '../../../i18n';
    | ^
  3 |
  4 | export default getRequestConfig(async ({ requestLocale }) => {
  5 |   // This typically corresponds to the `[locale]` segment

https://nextjs.org/docs/messages/module-not-found

Import trace for requested module:
./node_modules/next-intl/dist/esm/development/server/react-server/getConfig.js
./node_modules/next-intl/dist/esm/development/server/react-server/getFormatter.js
./node_modules/next-intl/dist/esm/development/server.react-server.js
./src/app/[locale]/layout.tsx @ webpack-internal:///./node_modules/next/dist/client/components/react-dev-overlay/pages/client.js:84
[   18006ms] [ERROR] ./src/i18n/request.ts:15:22
Module not found: Can't resolve '../../../messages'
  13 |   return {
  14 |     locale,
> 15 |     messages: (await import(`../../../messages/${locale}.json`)).default
     |                      ^
  16 |   };
  17 | });

https://nextjs.org/docs/messages/module-not-found

Import trace for requested module:
./node_modules/next-intl/dist/esm/development/server/react-server/getConfig.js
./node_modules/next-intl/dist/esm/development/server/react-server/getFormatter.js
./node_modules/next-intl/dist/esm/development/server.react-server.js
./src/app/[locale]/layout.tsx @ webpack-internal:///./node_modules/next/dist/client/components/react-dev-overlay/pages/client.js:84
[   18052ms] [ERROR] Failed to load resource: the server responded with a status of 500 (Internal Server Error) @ http://localhost:3000/en:0
[   18154ms] [INFO] %cDownload the React DevTools for a better development experience: https://react.dev/link/react-devtools font-weight:bold @ webpack-internal:///./node_modules/react-dom/cjs/react-dom-client.development.js:28004
[   18157ms] Error: Module not found: Can't resolve '../../../i18n'
  1 | import { getRequestConfig } from 'next-intl/server';
> 2 | import { locales } from '../../../i18n';
    | ^
  3 |
  4 | export default getRequestConfig(async ({ requestLocale }) => {
  5 |   // This typically corresponds to the `[locale]` segment

https://nextjs.org/docs/messages/module-not-found

Import trace for requested module:
./node_modules/next-intl/dist/esm/development/server/react-server/getConfig.js
./node_modules/next-intl/dist/esm/development/server/react-server/getFormatter.js
./node_modules/next-intl/dist/esm/development/server.react-server.js
./src/app/[locale]/layout.tsx
    at <unknown> (https://nextjs.org/docs/messages/module-not-found)
    at getNotFoundError (file:///Users/zhaoqing/Documents/Develop/welean-portal/node_modules/next/dist/build/webpack/plugins/wellknown-errors-plugin/parseNotFoundError.js:134:16)
    at async getModuleBuildError (file:///Users/zhaoqing/Documents/Develop/welean-portal/node_modules/next/dist/build/webpack/plugins/wellknown-errors-plugin/webpackModuleError.js:104:27)
    at async (file:///Users/zhaoqing/Documents/Develop/welean-portal/node_modules/next/dist/build/webpack/plugins/wellknown-errors-plugin/index.js:29:49)
    at async (file:///Users/zhaoqing/Documents/Develop/welean-portal/node_modules/next/dist/build/webpack/plugins/wellknown-errors-plugin/index.js:27:21)
[   18158ms] [LOG] [HMR] connected @ webpack-internal:///./node_modules/next/dist/client/components/react-dev-overlay/pages/websocket.js:41
[   18159ms] [ERROR] ./src/i18n/request.ts:2:1
Module not found: Can't resolve '../../../i18n'
  1 | import { getRequestConfig } from 'next-intl/server';
> 2 | import { locales } from '../../../i18n';
    | ^
  3 |
  4 | export default getRequestConfig(async ({ requestLocale }) => {
  5 |   // This typically corresponds to the `[locale]` segment

https://nextjs.org/docs/messages/module-not-found

Import trace for requested module:
./node_modules/next-intl/dist/esm/development/server/react-server/getConfig.js
./node_modules/next-intl/dist/esm/development/server/react-server/getFormatter.js
./node_modules/next-intl/dist/esm/development/server.react-server.js
./src/app/[locale]/layout.tsx @ webpack-internal:///./node_modules/next/dist/client/components/react-dev-overlay/pages/client.js:84
[   18159ms] [ERROR] ./src/i18n/request.ts:15:22
Module not found: Can't resolve '../../../messages'
  13 |   return {
  14 |     locale,
> 15 |     messages: (await import(`../../../messages/${locale}.json`)).default
     |                      ^
  16 |   };
  17 | });

https://nextjs.org/docs/messages/module-not-found

Import trace for requested module:
./node_modules/next-intl/dist/esm/development/server/react-server/getConfig.js
./node_modules/next-intl/dist/esm/development/server/react-server/getFormatter.js
./node_modules/next-intl/dist/esm/development/server.react-server.js
./src/app/[locale]/layout.tsx @ webpack-internal:///./node_modules/next/dist/client/components/react-dev-overlay/pages/client.js:84
[   18205ms] [ERROR] Failed to load resource: the server responded with a status of 500 (Internal Server Error) @ http://localhost:3000/en:0
[   18307ms] [INFO] %cDownload the React DevTools for a better development experience: https://react.dev/link/react-devtools font-weight:bold @ webpack-internal:///./node_modules/react-dom/cjs/react-dom-client.development.js:28004
[   18310ms] Error: Module not found: Can't resolve '../../../i18n'
  1 | import { getRequestConfig } from 'next-intl/server';
> 2 | import { locales } from '../../../i18n';
    | ^
  3 |
  4 | export default getRequestConfig(async ({ requestLocale }) => {
  5 |   // This typically corresponds to the `[locale]` segment

https://nextjs.org/docs/messages/module-not-found

Import trace for requested module:
./node_modules/next-intl/dist/esm/development/server/react-server/getConfig.js
./node_modules/next-intl/dist/esm/development/server/react-server/getFormatter.js
./node_modules/next-intl/dist/esm/development/server.react-server.js
./src/app/[locale]/layout.tsx
    at <unknown> (https://nextjs.org/docs/messages/module-not-found)
    at getNotFoundError (file:///Users/zhaoqing/Documents/Develop/welean-portal/node_modules/next/dist/build/webpack/plugins/wellknown-errors-plugin/parseNotFoundError.js:134:16)
    at async getModuleBuildError (file:///Users/zhaoqing/Documents/Develop/welean-portal/node_modules/next/dist/build/webpack/plugins/wellknown-errors-plugin/webpackModuleError.js:104:27)
    at async (file:///Users/zhaoqing/Documents/Develop/welean-portal/node_modules/next/dist/build/webpack/plugins/wellknown-errors-plugin/index.js:29:49)
    at async (file:///Users/zhaoqing/Documents/Develop/welean-portal/node_modules/next/dist/build/webpack/plugins/wellknown-errors-plugin/index.js:27:21)
[   18315ms] [LOG] [HMR] connected @ webpack-internal:///./node_modules/next/dist/client/components/react-dev-overlay/pages/websocket.js:41
[   18315ms] [ERROR] ./src/i18n/request.ts:2:1
Module not found: Can't resolve '../../../i18n'
  1 | import { getRequestConfig } from 'next-intl/server';
> 2 | import { locales } from '../../../i18n';
    | ^
  3 |
  4 | export default getRequestConfig(async ({ requestLocale }) => {
  5 |   // This typically corresponds to the `[locale]` segment

https://nextjs.org/docs/messages/module-not-found

Import trace for requested module:
./node_modules/next-intl/dist/esm/development/server/react-server/getConfig.js
./node_modules/next-intl/dist/esm/development/server/react-server/getFormatter.js
./node_modules/next-intl/dist/esm/development/server.react-server.js
./src/app/[locale]/layout.tsx @ webpack-internal:///./node_modules/next/dist/client/components/react-dev-overlay/pages/client.js:84
[   18315ms] [ERROR] ./src/i18n/request.ts:15:22
Module not found: Can't resolve '../../../messages'
  13 |   return {
  14 |     locale,
> 15 |     messages: (await import(`../../../messages/${locale}.json`)).default
     |                      ^
  16 |   };
  17 | });

https://nextjs.org/docs/messages/module-not-found

Import trace for requested module:
./node_modules/next-intl/dist/esm/development/server/react-server/getConfig.js
./node_modules/next-intl/dist/esm/development/server/react-server/getFormatter.js
./node_modules/next-intl/dist/esm/development/server.react-server.js
./src/app/[locale]/layout.tsx @ webpack-internal:///./node_modules/next/dist/client/components/react-dev-overlay/pages/client.js:84
[   18355ms] [ERROR] Failed to load resource: the server responded with a status of 500 (Internal Server Error) @ http://localhost:3000/en:0
[   18456ms] [INFO] %cDownload the React DevTools for a better development experience: https://react.dev/link/react-devtools font-weight:bold @ webpack-internal:///./node_modules/react-dom/cjs/react-dom-client.development.js:28004
[   18459ms] Error: Module not found: Can't resolve '../../../i18n'
  1 | import { getRequestConfig } from 'next-intl/server';
> 2 | import { locales } from '../../../i18n';
    | ^
  3 |
  4 | export default getRequestConfig(async ({ requestLocale }) => {
  5 |   // This typically corresponds to the `[locale]` segment

https://nextjs.org/docs/messages/module-not-found

Import trace for requested module:
./node_modules/next-intl/dist/esm/development/server/react-server/getConfig.js
./node_modules/next-intl/dist/esm/development/server/react-server/getFormatter.js
./node_modules/next-intl/dist/esm/development/server.react-server.js
./src/app/[locale]/layout.tsx
    at <unknown> (https://nextjs.org/docs/messages/module-not-found)
    at getNotFoundError (file:///Users/zhaoqing/Documents/Develop/welean-portal/node_modules/next/dist/build/webpack/plugins/wellknown-errors-plugin/parseNotFoundError.js:134:16)
    at async getModuleBuildError (file:///Users/zhaoqing/Documents/Develop/welean-portal/node_modules/next/dist/build/webpack/plugins/wellknown-errors-plugin/webpackModuleError.js:104:27)
    at async (file:///Users/zhaoqing/Documents/Develop/welean-portal/node_modules/next/dist/build/webpack/plugins/wellknown-errors-plugin/index.js:29:49)
    at async (file:///Users/zhaoqing/Documents/Develop/welean-portal/node_modules/next/dist/build/webpack/plugins/wellknown-errors-plugin/index.js:27:21)
[   18460ms] [LOG] [HMR] connected @ webpack-internal:///./node_modules/next/dist/client/components/react-dev-overlay/pages/websocket.js:41
[   18460ms] [ERROR] ./src/i18n/request.ts:2:1
Module not found: Can't resolve '../../../i18n'
  1 | import { getRequestConfig } from 'next-intl/server';
> 2 | import { locales } from '../../../i18n';
    | ^
  3 |
  4 | export default getRequestConfig(async ({ requestLocale }) => {
  5 |   // This typically corresponds to the `[locale]` segment

https://nextjs.org/docs/messages/module-not-found

Import trace for requested module:
./node_modules/next-intl/dist/esm/development/server/react-server/getConfig.js
./node_modules/next-intl/dist/esm/development/server/react-server/getFormatter.js
./node_modules/next-intl/dist/esm/development/server.react-server.js
./src/app/[locale]/layout.tsx @ webpack-internal:///./node_modules/next/dist/client/components/react-dev-overlay/pages/client.js:84
[   18460ms] [ERROR] ./src/i18n/request.ts:15:22
Module not found: Can't resolve '../../../messages'
  13 |   return {
  14 |     locale,
> 15 |     messages: (await import(`../../../messages/${locale}.json`)).default
     |                      ^
  16 |   };
  17 | });

https://nextjs.org/docs/messages/module-not-found

Import trace for requested module:
./node_modules/next-intl/dist/esm/development/server/react-server/getConfig.js
./node_modules/next-intl/dist/esm/development/server/react-server/getFormatter.js
./node_modules/next-intl/dist/esm/development/server.react-server.js
./src/app/[locale]/layout.tsx @ webpack-internal:///./node_modules/next/dist/client/components/react-dev-overlay/pages/client.js:84
[   18507ms] [ERROR] Failed to load resource: the server responded with a status of 500 (Internal Server Error) @ http://localhost:3000/en:0
[   18606ms] [INFO] %cDownload the React DevTools for a better development experience: https://react.dev/link/react-devtools font-weight:bold @ webpack-internal:///./node_modules/react-dom/cjs/react-dom-client.development.js:28004
[   18610ms] Error: Module not found: Can't resolve '../../../i18n'
  1 | import { getRequestConfig } from 'next-intl/server';
> 2 | import { locales } from '../../../i18n';
    | ^
  3 |
  4 | export default getRequestConfig(async ({ requestLocale }) => {
  5 |   // This typically corresponds to the `[locale]` segment

https://nextjs.org/docs/messages/module-not-found

Import trace for requested module:
./node_modules/next-intl/dist/esm/development/server/react-server/getConfig.js
./node_modules/next-intl/dist/esm/development/server/react-server/getFormatter.js
./node_modules/next-intl/dist/esm/development/server.react-server.js
./src/app/[locale]/layout.tsx
    at <unknown> (https://nextjs.org/docs/messages/module-not-found)
    at getNotFoundError (file:///Users/zhaoqing/Documents/Develop/welean-portal/node_modules/next/dist/build/webpack/plugins/wellknown-errors-plugin/parseNotFoundError.js:134:16)
    at async getModuleBuildError (file:///Users/zhaoqing/Documents/Develop/welean-portal/node_modules/next/dist/build/webpack/plugins/wellknown-errors-plugin/webpackModuleError.js:104:27)
    at async (file:///Users/zhaoqing/Documents/Develop/welean-portal/node_modules/next/dist/build/webpack/plugins/wellknown-errors-plugin/index.js:29:49)
    at async (file:///Users/zhaoqing/Documents/Develop/welean-portal/node_modules/next/dist/build/webpack/plugins/wellknown-errors-plugin/index.js:27:21)
[   18611ms] [LOG] [HMR] connected @ webpack-internal:///./node_modules/next/dist/client/components/react-dev-overlay/pages/websocket.js:41
[   18612ms] [ERROR] ./src/i18n/request.ts:2:1
Module not found: Can't resolve '../../../i18n'
  1 | import { getRequestConfig } from 'next-intl/server';
> 2 | import { locales } from '../../../i18n';
    | ^
  3 |
  4 | export default getRequestConfig(async ({ requestLocale }) => {
  5 |   // This typically corresponds to the `[locale]` segment

https://nextjs.org/docs/messages/module-not-found

Import trace for requested module:
./node_modules/next-intl/dist/esm/development/server/react-server/getConfig.js
./node_modules/next-intl/dist/esm/development/server/react-server/getFormatter.js
./node_modules/next-intl/dist/esm/development/server.react-server.js
./src/app/[locale]/layout.tsx @ webpack-internal:///./node_modules/next/dist/client/components/react-dev-overlay/pages/client.js:84
[   18612ms] [ERROR] ./src/i18n/request.ts:15:22
Module not found: Can't resolve '../../../messages'
  13 |   return {
  14 |     locale,
> 15 |     messages: (await import(`../../../messages/${locale}.json`)).default
     |                      ^
  16 |   };
  17 | });

https://nextjs.org/docs/messages/module-not-found

Import trace for requested module:
./node_modules/next-intl/dist/esm/development/server/react-server/getConfig.js
./node_modules/next-intl/dist/esm/development/server/react-server/getFormatter.js
./node_modules/next-intl/dist/esm/development/server.react-server.js
./src/app/[locale]/layout.tsx @ webpack-internal:///./node_modules/next/dist/client/components/react-dev-overlay/pages/client.js:84
[   18658ms] [ERROR] Failed to load resource: the server responded with a status of 500 (Internal Server Error) @ http://localhost:3000/en:0
[   18760ms] [INFO] %cDownload the React DevTools for a better development experience: https://react.dev/link/react-devtools font-weight:bold @ webpack-internal:///./node_modules/react-dom/cjs/react-dom-client.development.js:28004
[   18763ms] Error: Module not found: Can't resolve '../../../i18n'
  1 | import { getRequestConfig } from 'next-intl/server';
> 2 | import { locales } from '../../../i18n';
    | ^
  3 |
  4 | export default getRequestConfig(async ({ requestLocale }) => {
  5 |   // This typically corresponds to the `[locale]` segment

https://nextjs.org/docs/messages/module-not-found

Import trace for requested module:
./node_modules/next-intl/dist/esm/development/server/react-server/getConfig.js
./node_modules/next-intl/dist/esm/development/server/react-server/getFormatter.js
./node_modules/next-intl/dist/esm/development/server.react-server.js
./src/app/[locale]/layout.tsx
    at <unknown> (https://nextjs.org/docs/messages/module-not-found)
    at getNotFoundError (file:///Users/zhaoqing/Documents/Develop/welean-portal/node_modules/next/dist/build/webpack/plugins/wellknown-errors-plugin/parseNotFoundError.js:134:16)
    at async getModuleBuildError (file:///Users/zhaoqing/Documents/Develop/welean-portal/node_modules/next/dist/build/webpack/plugins/wellknown-errors-plugin/webpackModuleError.js:104:27)
    at async (file:///Users/zhaoqing/Documents/Develop/welean-portal/node_modules/next/dist/build/webpack/plugins/wellknown-errors-plugin/index.js:29:49)
    at async (file:///Users/zhaoqing/Documents/Develop/welean-portal/node_modules/next/dist/build/webpack/plugins/wellknown-errors-plugin/index.js:27:21)
[   18764ms] [LOG] [HMR] connected @ webpack-internal:///./node_modules/next/dist/client/components/react-dev-overlay/pages/websocket.js:41
[   18764ms] [ERROR] ./src/i18n/request.ts:2:1
Module not found: Can't resolve '../../../i18n'
  1 | import { getRequestConfig } from 'next-intl/server';
> 2 | import { locales } from '../../../i18n';
    | ^
  3 |
  4 | export default getRequestConfig(async ({ requestLocale }) => {
  5 |   // This typically corresponds to the `[locale]` segment

https://nextjs.org/docs/messages/module-not-found

Import trace for requested module:
./node_modules/next-intl/dist/esm/development/server/react-server/getConfig.js
./node_modules/next-intl/dist/esm/development/server/react-server/getFormatter.js
./node_modules/next-intl/dist/esm/development/server.react-server.js
./src/app/[locale]/layout.tsx @ webpack-internal:///./node_modules/next/dist/client/components/react-dev-overlay/pages/client.js:84
[   18764ms] [ERROR] ./src/i18n/request.ts:15:22
Module not found: Can't resolve '../../../messages'
  13 |   return {
  14 |     locale,
> 15 |     messages: (await import(`../../../messages/${locale}.json`)).default
     |                      ^
  16 |   };
  17 | });

https://nextjs.org/docs/messages/module-not-found

Import trace for requested module:
./node_modules/next-intl/dist/esm/development/server/react-server/getConfig.js
./node_modules/next-intl/dist/esm/development/server/react-server/getFormatter.js
./node_modules/next-intl/dist/esm/development/server.react-server.js
./src/app/[locale]/layout.tsx @ webpack-internal:///./node_modules/next/dist/client/components/react-dev-overlay/pages/client.js:84
[   18810ms] [ERROR] Failed to load resource: the server responded with a status of 500 (Internal Server Error) @ http://localhost:3000/en:0
[   18911ms] [INFO] %cDownload the React DevTools for a better development experience: https://react.dev/link/react-devtools font-weight:bold @ webpack-internal:///./node_modules/react-dom/cjs/react-dom-client.development.js:28004
[   18914ms] Error: Module not found: Can't resolve '../../../i18n'
  1 | import { getRequestConfig } from 'next-intl/server';
> 2 | import { locales } from '../../../i18n';
    | ^
  3 |
  4 | export default getRequestConfig(async ({ requestLocale }) => {
  5 |   // This typically corresponds to the `[locale]` segment

https://nextjs.org/docs/messages/module-not-found

Import trace for requested module:
./node_modules/next-intl/dist/esm/development/server/react-server/getConfig.js
./node_modules/next-intl/dist/esm/development/server/react-server/getFormatter.js
./node_modules/next-intl/dist/esm/development/server.react-server.js
./src/app/[locale]/layout.tsx
    at <unknown> (https://nextjs.org/docs/messages/module-not-found)
    at getNotFoundError (file:///Users/zhaoqing/Documents/Develop/welean-portal/node_modules/next/dist/build/webpack/plugins/wellknown-errors-plugin/parseNotFoundError.js:134:16)
    at async getModuleBuildError (file:///Users/zhaoqing/Documents/Develop/welean-portal/node_modules/next/dist/build/webpack/plugins/wellknown-errors-plugin/webpackModuleError.js:104:27)
    at async (file:///Users/zhaoqing/Documents/Develop/welean-portal/node_modules/next/dist/build/webpack/plugins/wellknown-errors-plugin/index.js:29:49)
    at async (file:///Users/zhaoqing/Documents/Develop/welean-portal/node_modules/next/dist/build/webpack/plugins/wellknown-errors-plugin/index.js:27:21)
[   18914ms] [LOG] [HMR] connected @ webpack-internal:///./node_modules/next/dist/client/components/react-dev-overlay/pages/websocket.js:41
[   18915ms] [ERROR] ./src/i18n/request.ts:2:1
Module not found: Can't resolve '../../../i18n'
  1 | import { getRequestConfig } from 'next-intl/server';
> 2 | import { locales } from '../../../i18n';
    | ^
  3 |
  4 | export default getRequestConfig(async ({ requestLocale }) => {
  5 |   // This typically corresponds to the `[locale]` segment

https://nextjs.org/docs/messages/module-not-found

Import trace for requested module:
./node_modules/next-intl/dist/esm/development/server/react-server/getConfig.js
./node_modules/next-intl/dist/esm/development/server/react-server/getFormatter.js
./node_modules/next-intl/dist/esm/development/server.react-server.js
./src/app/[locale]/layout.tsx @ webpack-internal:///./node_modules/next/dist/client/components/react-dev-overlay/pages/client.js:84
[   18915ms] [ERROR] ./src/i18n/request.ts:15:22
Module not found: Can't resolve '../../../messages'
  13 |   return {
  14 |     locale,
> 15 |     messages: (await import(`../../../messages/${locale}.json`)).default
     |                      ^
  16 |   };
  17 | });

https://nextjs.org/docs/messages/module-not-found

Import trace for requested module:
./node_modules/next-intl/dist/esm/development/server/react-server/getConfig.js
./node_modules/next-intl/dist/esm/development/server/react-server/getFormatter.js
./node_modules/next-intl/dist/esm/development/server.react-server.js
./src/app/[locale]/layout.tsx @ webpack-internal:///./node_modules/next/dist/client/components/react-dev-overlay/pages/client.js:84
[   18960ms] [ERROR] Failed to load resource: the server responded with a status of 500 (Internal Server Error) @ http://localhost:3000/en:0
[   19064ms] [INFO] %cDownload the React DevTools for a better development experience: https://react.dev/link/react-devtools font-weight:bold @ webpack-internal:///./node_modules/react-dom/cjs/react-dom-client.development.js:28004
[   19068ms] Error: Module not found: Can't resolve '../../../i18n'
  1 | import { getRequestConfig } from 'next-intl/server';
> 2 | import { locales } from '../../../i18n';
    | ^
  3 |
  4 | export default getRequestConfig(async ({ requestLocale }) => {
  5 |   // This typically corresponds to the `[locale]` segment

https://nextjs.org/docs/messages/module-not-found

Import trace for requested module:
./node_modules/next-intl/dist/esm/development/server/react-server/getConfig.js
./node_modules/next-intl/dist/esm/development/server/react-server/getFormatter.js
./node_modules/next-intl/dist/esm/development/server.react-server.js
./src/app/[locale]/layout.tsx
    at <unknown> (https://nextjs.org/docs/messages/module-not-found)
    at getNotFoundError (file:///Users/zhaoqing/Documents/Develop/welean-portal/node_modules/next/dist/build/webpack/plugins/wellknown-errors-plugin/parseNotFoundError.js:134:16)
    at async getModuleBuildError (file:///Users/zhaoqing/Documents/Develop/welean-portal/node_modules/next/dist/build/webpack/plugins/wellknown-errors-plugin/webpackModuleError.js:104:27)
    at async (file:///Users/zhaoqing/Documents/Develop/welean-portal/node_modules/next/dist/build/webpack/plugins/wellknown-errors-plugin/index.js:29:49)
    at async (file:///Users/zhaoqing/Documents/Develop/welean-portal/node_modules/next/dist/build/webpack/plugins/wellknown-errors-plugin/index.js:27:21)
[   19068ms] [LOG] [HMR] connected @ webpack-internal:///./node_modules/next/dist/client/components/react-dev-overlay/pages/websocket.js:41
[   19070ms] [ERROR] ./src/i18n/request.ts:2:1
Module not found: Can't resolve '../../../i18n'
  1 | import { getRequestConfig } from 'next-intl/server';
> 2 | import { locales } from '../../../i18n';
    | ^
  3 |
  4 | export default getRequestConfig(async ({ requestLocale }) => {
  5 |   // This typically corresponds to the `[locale]` segment

https://nextjs.org/docs/messages/module-not-found

Import trace for requested module:
./node_modules/next-intl/dist/esm/development/server/react-server/getConfig.js
./node_modules/next-intl/dist/esm/development/server/react-server/getFormatter.js
./node_modules/next-intl/dist/esm/development/server.react-server.js
./src/app/[locale]/layout.tsx @ webpack-internal:///./node_modules/next/dist/client/components/react-dev-overlay/pages/client.js:84
[   19070ms] [ERROR] ./src/i18n/request.ts:15:22
Module not found: Can't resolve '../../../messages'
  13 |   return {
  14 |     locale,
> 15 |     messages: (await import(`../../../messages/${locale}.json`)).default
     |                      ^
  16 |   };
  17 | });

https://nextjs.org/docs/messages/module-not-found

Import trace for requested module:
./node_modules/next-intl/dist/esm/development/server/react-server/getConfig.js
./node_modules/next-intl/dist/esm/development/server/react-server/getFormatter.js
./node_modules/next-intl/dist/esm/development/server.react-server.js
./src/app/[locale]/layout.tsx @ webpack-internal:///./node_modules/next/dist/client/components/react-dev-overlay/pages/client.js:84
[   19116ms] [ERROR] Failed to load resource: the server responded with a status of 500 (Internal Server Error) @ http://localhost:3000/en:0
[   19243ms] [INFO] %cDownload the React DevTools for a better development experience: https://react.dev/link/react-devtools font-weight:bold @ webpack-internal:///./node_modules/react-dom/cjs/react-dom-client.development.js:28004
[   19250ms] Error: Module not found: Can't resolve '../../../i18n'
  1 | import { getRequestConfig } from 'next-intl/server';
> 2 | import { locales } from '../../../i18n';
    | ^
  3 |
  4 | export default getRequestConfig(async ({ requestLocale }) => {
  5 |   // This typically corresponds to the `[locale]` segment

https://nextjs.org/docs/messages/module-not-found

Import trace for requested module:
./node_modules/next-intl/dist/esm/development/server/react-server/getConfig.js
./node_modules/next-intl/dist/esm/development/server/react-server/getFormatter.js
./node_modules/next-intl/dist/esm/development/server.react-server.js
./src/app/[locale]/layout.tsx
    at <unknown> (https://nextjs.org/docs/messages/module-not-found)
    at getNotFoundError (file:///Users/zhaoqing/Documents/Develop/welean-portal/node_modules/next/dist/build/webpack/plugins/wellknown-errors-plugin/parseNotFoundError.js:134:16)
    at async getModuleBuildError (file:///Users/zhaoqing/Documents/Develop/welean-portal/node_modules/next/dist/build/webpack/plugins/wellknown-errors-plugin/webpackModuleError.js:104:27)
    at async (file:///Users/zhaoqing/Documents/Develop/welean-portal/node_modules/next/dist/build/webpack/plugins/wellknown-errors-plugin/index.js:29:49)
    at async (file:///Users/zhaoqing/Documents/Develop/welean-portal/node_modules/next/dist/build/webpack/plugins/wellknown-errors-plugin/index.js:27:21)
[   19252ms] [LOG] [HMR] connected @ webpack-internal:///./node_modules/next/dist/client/components/react-dev-overlay/pages/websocket.js:41
[   19252ms] [ERROR] ./src/i18n/request.ts:2:1
Module not found: Can't resolve '../../../i18n'
  1 | import { getRequestConfig } from 'next-intl/server';
> 2 | import { locales } from '../../../i18n';
    | ^
  3 |
  4 | export default getRequestConfig(async ({ requestLocale }) => {
  5 |   // This typically corresponds to the `[locale]` segment

https://nextjs.org/docs/messages/module-not-found

Import trace for requested module:
./node_modules/next-intl/dist/esm/development/server/react-server/getConfig.js
./node_modules/next-intl/dist/esm/development/server/react-server/getFormatter.js
./node_modules/next-intl/dist/esm/development/server.react-server.js
./src/app/[locale]/layout.tsx @ webpack-internal:///./node_modules/next/dist/client/components/react-dev-overlay/pages/client.js:84
[   19252ms] [ERROR] ./src/i18n/request.ts:15:22
Module not found: Can't resolve '../../../messages'
  13 |   return {
  14 |     locale,
> 15 |     messages: (await import(`../../../messages/${locale}.json`)).default
     |                      ^
  16 |   };
  17 | });

https://nextjs.org/docs/messages/module-not-found

Import trace for requested module:
./node_modules/next-intl/dist/esm/development/server/react-server/getConfig.js
./node_modules/next-intl/dist/esm/development/server/react-server/getFormatter.js
./node_modules/next-intl/dist/esm/development/server.react-server.js
./src/app/[locale]/layout.tsx @ webpack-internal:///./node_modules/next/dist/client/components/react-dev-overlay/pages/client.js:84
[   19298ms] [ERROR] Failed to load resource: the server responded with a status of 500 (Internal Server Error) @ http://localhost:3000/en:0
[   19398ms] [INFO] %cDownload the React DevTools for a better development experience: https://react.dev/link/react-devtools font-weight:bold @ webpack-internal:///./node_modules/react-dom/cjs/react-dom-client.development.js:28004
[   19401ms] Error: Module not found: Can't resolve '../../../i18n'
  1 | import { getRequestConfig } from 'next-intl/server';
> 2 | import { locales } from '../../../i18n';
    | ^
  3 |
  4 | export default getRequestConfig(async ({ requestLocale }) => {
  5 |   // This typically corresponds to the `[locale]` segment

https://nextjs.org/docs/messages/module-not-found

Import trace for requested module:
./node_modules/next-intl/dist/esm/development/server/react-server/getConfig.js
./node_modules/next-intl/dist/esm/development/server/react-server/getFormatter.js
./node_modules/next-intl/dist/esm/development/server.react-server.js
./src/app/[locale]/layout.tsx
    at <unknown> (https://nextjs.org/docs/messages/module-not-found)
    at getNotFoundError (file:///Users/zhaoqing/Documents/Develop/welean-portal/node_modules/next/dist/build/webpack/plugins/wellknown-errors-plugin/parseNotFoundError.js:134:16)
    at async getModuleBuildError (file:///Users/zhaoqing/Documents/Develop/welean-portal/node_modules/next/dist/build/webpack/plugins/wellknown-errors-plugin/webpackModuleError.js:104:27)
    at async (file:///Users/zhaoqing/Documents/Develop/welean-portal/node_modules/next/dist/build/webpack/plugins/wellknown-errors-plugin/index.js:29:49)
    at async (file:///Users/zhaoqing/Documents/Develop/welean-portal/node_modules/next/dist/build/webpack/plugins/wellknown-errors-plugin/index.js:27:21)
[   19402ms] [LOG] [HMR] connected @ webpack-internal:///./node_modules/next/dist/client/components/react-dev-overlay/pages/websocket.js:41
[   19403ms] [ERROR] ./src/i18n/request.ts:2:1
Module not found: Can't resolve '../../../i18n'
  1 | import { getRequestConfig } from 'next-intl/server';
> 2 | import { locales } from '../../../i18n';
    | ^
  3 |
  4 | export default getRequestConfig(async ({ requestLocale }) => {
  5 |   // This typically corresponds to the `[locale]` segment

https://nextjs.org/docs/messages/module-not-found

Import trace for requested module:
./node_modules/next-intl/dist/esm/development/server/react-server/getConfig.js
./node_modules/next-intl/dist/esm/development/server/react-server/getFormatter.js
./node_modules/next-intl/dist/esm/development/server.react-server.js
./src/app/[locale]/layout.tsx @ webpack-internal:///./node_modules/next/dist/client/components/react-dev-overlay/pages/client.js:84
[   19403ms] [ERROR] ./src/i18n/request.ts:15:22
Module not found: Can't resolve '../../../messages'
  13 |   return {
  14 |     locale,
> 15 |     messages: (await import(`../../../messages/${locale}.json`)).default
     |                      ^
  16 |   };
  17 | });

https://nextjs.org/docs/messages/module-not-found

Import trace for requested module:
./node_modules/next-intl/dist/esm/development/server/react-server/getConfig.js
./node_modules/next-intl/dist/esm/development/server/react-server/getFormatter.js
./node_modules/next-intl/dist/esm/development/server.react-server.js
./src/app/[locale]/layout.tsx @ webpack-internal:///./node_modules/next/dist/client/components/react-dev-overlay/pages/client.js:84
[   19439ms] [ERROR] Failed to load resource: the server responded with a status of 500 (Internal Server Error) @ http://localhost:3000/en:0
[   19547ms] [INFO] %cDownload the React DevTools for a better development experience: https://react.dev/link/react-devtools font-weight:bold @ webpack-internal:///./node_modules/react-dom/cjs/react-dom-client.development.js:28004
[   19569ms] Error: Module not found: Can't resolve '../../../i18n'
  1 | import { getRequestConfig } from 'next-intl/server';
> 2 | import { locales } from '../../../i18n';
    | ^
  3 |
  4 | export default getRequestConfig(async ({ requestLocale }) => {
  5 |   // This typically corresponds to the `[locale]` segment

https://nextjs.org/docs/messages/module-not-found

Import trace for requested module:
./node_modules/next-intl/dist/esm/development/server/react-server/getConfig.js
./node_modules/next-intl/dist/esm/development/server/react-server/getFormatter.js
./node_modules/next-intl/dist/esm/development/server.react-server.js
./src/app/[locale]/layout.tsx
    at <unknown> (https://nextjs.org/docs/messages/module-not-found)
    at getNotFoundError (file:///Users/zhaoqing/Documents/Develop/welean-portal/node_modules/next/dist/build/webpack/plugins/wellknown-errors-plugin/parseNotFoundError.js:134:16)
    at async getModuleBuildError (file:///Users/zhaoqing/Documents/Develop/welean-portal/node_modules/next/dist/build/webpack/plugins/wellknown-errors-plugin/webpackModuleError.js:104:27)
    at async (file:///Users/zhaoqing/Documents/Develop/welean-portal/node_modules/next/dist/build/webpack/plugins/wellknown-errors-plugin/index.js:29:49)
    at async (file:///Users/zhaoqing/Documents/Develop/welean-portal/node_modules/next/dist/build/webpack/plugins/wellknown-errors-plugin/index.js:27:21)
[   19564ms] [LOG] [HMR] connected @ webpack-internal:///./node_modules/next/dist/client/components/react-dev-overlay/pages/websocket.js:41
[   19565ms] [ERROR] ./src/i18n/request.ts:2:1
Module not found: Can't resolve '../../../i18n'
  1 | import { getRequestConfig } from 'next-intl/server';
> 2 | import { locales } from '../../../i18n';
    | ^
  3 |
  4 | export default getRequestConfig(async ({ requestLocale }) => {
  5 |   // This typically corresponds to the `[locale]` segment

https://nextjs.org/docs/messages/module-not-found

Import trace for requested module:
./node_modules/next-intl/dist/esm/development/server/react-server/getConfig.js
./node_modules/next-intl/dist/esm/development/server/react-server/getFormatter.js
./node_modules/next-intl/dist/esm/development/server.react-server.js
./src/app/[locale]/layout.tsx @ webpack-internal:///./node_modules/next/dist/client/components/react-dev-overlay/pages/client.js:84
[   19565ms] [ERROR] ./src/i18n/request.ts:15:22
Module not found: Can't resolve '../../../messages'
  13 |   return {
  14 |     locale,
> 15 |     messages: (await import(`../../../messages/${locale}.json`)).default
     |                      ^
  16 |   };
  17 | });

https://nextjs.org/docs/messages/module-not-found

Import trace for requested module:
./node_modules/next-intl/dist/esm/development/server/react-server/getConfig.js
./node_modules/next-intl/dist/esm/development/server/react-server/getFormatter.js
./node_modules/next-intl/dist/esm/development/server.react-server.js
./src/app/[locale]/layout.tsx @ webpack-internal:///./node_modules/next/dist/client/components/react-dev-overlay/pages/client.js:84
[   19645ms] [ERROR] Failed to load resource: the server responded with a status of 500 (Internal Server Error) @ http://localhost:3000/en:0
[   19770ms] [INFO] %cDownload the React DevTools for a better development experience: https://react.dev/link/react-devtools font-weight:bold @ webpack-internal:///./node_modules/react-dom/cjs/react-dom-client.development.js:28004
[   19773ms] Error: Module not found: Can't resolve '../../../i18n'
  1 | import { getRequestConfig } from 'next-intl/server';
> 2 | import { locales } from '../../../i18n';
    | ^
  3 |
  4 | export default getRequestConfig(async ({ requestLocale }) => {
  5 |   // This typically corresponds to the `[locale]` segment

https://nextjs.org/docs/messages/module-not-found

Import trace for requested module:
./node_modules/next-intl/dist/esm/development/server/react-server/getConfig.js
./node_modules/next-intl/dist/esm/development/server/react-server/getFormatter.js
./node_modules/next-intl/dist/esm/development/server.react-server.js
./src/app/[locale]/layout.tsx
    at <unknown> (https://nextjs.org/docs/messages/module-not-found)
    at getNotFoundError (file:///Users/zhaoqing/Documents/Develop/welean-portal/node_modules/next/dist/build/webpack/plugins/wellknown-errors-plugin/parseNotFoundError.js:134:16)
    at async getModuleBuildError (file:///Users/zhaoqing/Documents/Develop/welean-portal/node_modules/next/dist/build/webpack/plugins/wellknown-errors-plugin/webpackModuleError.js:104:27)
    at async (file:///Users/zhaoqing/Documents/Develop/welean-portal/node_modules/next/dist/build/webpack/plugins/wellknown-errors-plugin/index.js:29:49)
    at async (file:///Users/zhaoqing/Documents/Develop/welean-portal/node_modules/next/dist/build/webpack/plugins/wellknown-errors-plugin/index.js:27:21)
[   19774ms] [LOG] [HMR] connected @ webpack-internal:///./node_modules/next/dist/client/components/react-dev-overlay/pages/websocket.js:41
[   19774ms] [ERROR] ./src/i18n/request.ts:2:1
Module not found: Can't resolve '../../../i18n'
  1 | import { getRequestConfig } from 'next-intl/server';
> 2 | import { locales } from '../../../i18n';
    | ^
  3 |
  4 | export default getRequestConfig(async ({ requestLocale }) => {
  5 |   // This typically corresponds to the `[locale]` segment

https://nextjs.org/docs/messages/module-not-found

Import trace for requested module:
./node_modules/next-intl/dist/esm/development/server/react-server/getConfig.js
./node_modules/next-intl/dist/esm/development/server/react-server/getFormatter.js
./node_modules/next-intl/dist/esm/development/server.react-server.js
./src/app/[locale]/layout.tsx @ webpack-internal:///./node_modules/next/dist/client/components/react-dev-overlay/pages/client.js:84
[   19774ms] [ERROR] ./src/i18n/request.ts:15:22
Module not found: Can't resolve '../../../messages'
  13 |   return {
  14 |     locale,
> 15 |     messages: (await import(`../../../messages/${locale}.json`)).default
     |                      ^
  16 |   };
  17 | });

https://nextjs.org/docs/messages/module-not-found

Import trace for requested module:
./node_modules/next-intl/dist/esm/development/server/react-server/getConfig.js
./node_modules/next-intl/dist/esm/development/server/react-server/getFormatter.js
./node_modules/next-intl/dist/esm/development/server.react-server.js
./src/app/[locale]/layout.tsx @ webpack-internal:///./node_modules/next/dist/client/components/react-dev-overlay/pages/client.js:84
[   19855ms] [ERROR] Failed to load resource: the server responded with a status of 500 (Internal Server Error) @ http://localhost:3000/en:0
[   19955ms] [INFO] %cDownload the React DevTools for a better development experience: https://react.dev/link/react-devtools font-weight:bold @ webpack-internal:///./node_modules/react-dom/cjs/react-dom-client.development.js:28004
[   19959ms] Error: Module not found: Can't resolve '../../../i18n'
  1 | import { getRequestConfig } from 'next-intl/server';
> 2 | import { locales } from '../../../i18n';
    | ^
  3 |
  4 | export default getRequestConfig(async ({ requestLocale }) => {
  5 |   // This typically corresponds to the `[locale]` segment

https://nextjs.org/docs/messages/module-not-found

Import trace for requested module:
./node_modules/next-intl/dist/esm/development/server/react-server/getConfig.js
./node_modules/next-intl/dist/esm/development/server/react-server/getFormatter.js
./node_modules/next-intl/dist/esm/development/server.react-server.js
./src/app/[locale]/layout.tsx
    at <unknown> (https://nextjs.org/docs/messages/module-not-found)
    at getNotFoundError (file:///Users/zhaoqing/Documents/Develop/welean-portal/node_modules/next/dist/build/webpack/plugins/wellknown-errors-plugin/parseNotFoundError.js:134:16)
    at async getModuleBuildError (file:///Users/zhaoqing/Documents/Develop/welean-portal/node_modules/next/dist/build/webpack/plugins/wellknown-errors-plugin/webpackModuleError.js:104:27)
    at async (file:///Users/zhaoqing/Documents/Develop/welean-portal/node_modules/next/dist/build/webpack/plugins/wellknown-errors-plugin/index.js:29:49)
    at async (file:///Users/zhaoqing/Documents/Develop/welean-portal/node_modules/next/dist/build/webpack/plugins/wellknown-errors-plugin/index.js:27:21)
[   19959ms] [LOG] [HMR] connected @ webpack-internal:///./node_modules/next/dist/client/components/react-dev-overlay/pages/websocket.js:41
[   19960ms] [ERROR] ./src/i18n/request.ts:2:1
Module not found: Can't resolve '../../../i18n'
  1 | import { getRequestConfig } from 'next-intl/server';
> 2 | import { locales } from '../../../i18n';
    | ^
  3 |
  4 | export default getRequestConfig(async ({ requestLocale }) => {
  5 |   // This typically corresponds to the `[locale]` segment

https://nextjs.org/docs/messages/module-not-found

Import trace for requested module:
./node_modules/next-intl/dist/esm/development/server/react-server/getConfig.js
./node_modules/next-intl/dist/esm/development/server/react-server/getFormatter.js
./node_modules/next-intl/dist/esm/development/server.react-server.js
./src/app/[locale]/layout.tsx @ webpack-internal:///./node_modules/next/dist/client/components/react-dev-overlay/pages/client.js:84
[   19960ms] [ERROR] ./src/i18n/request.ts:15:22
Module not found: Can't resolve '../../../messages'
  13 |   return {
  14 |     locale,
> 15 |     messages: (await import(`../../../messages/${locale}.json`)).default
     |                      ^
  16 |   };
  17 | });

https://nextjs.org/docs/messages/module-not-found

Import trace for requested module:
./node_modules/next-intl/dist/esm/development/server/react-server/getConfig.js
./node_modules/next-intl/dist/esm/development/server/react-server/getFormatter.js
./node_modules/next-intl/dist/esm/development/server.react-server.js
./src/app/[locale]/layout.tsx @ webpack-internal:///./node_modules/next/dist/client/components/react-dev-overlay/pages/client.js:84
[   20007ms] [ERROR] Failed to load resource: the server responded with a status of 500 (Internal Server Error) @ http://localhost:3000/en:0
[   20105ms] [INFO] %cDownload the React DevTools for a better development experience: https://react.dev/link/react-devtools font-weight:bold @ webpack-internal:///./node_modules/react-dom/cjs/react-dom-client.development.js:28004
[   20109ms] Error: Module not found: Can't resolve '../../../i18n'
  1 | import { getRequestConfig } from 'next-intl/server';
> 2 | import { locales } from '../../../i18n';
    | ^
  3 |
  4 | export default getRequestConfig(async ({ requestLocale }) => {
  5 |   // This typically corresponds to the `[locale]` segment

https://nextjs.org/docs/messages/module-not-found

Import trace for requested module:
./node_modules/next-intl/dist/esm/development/server/react-server/getConfig.js
./node_modules/next-intl/dist/esm/development/server/react-server/getFormatter.js
./node_modules/next-intl/dist/esm/development/server.react-server.js
./src/app/[locale]/layout.tsx
    at <unknown> (https://nextjs.org/docs/messages/module-not-found)
    at getNotFoundError (file:///Users/zhaoqing/Documents/Develop/welean-portal/node_modules/next/dist/build/webpack/plugins/wellknown-errors-plugin/parseNotFoundError.js:134:16)
    at async getModuleBuildError (file:///Users/zhaoqing/Documents/Develop/welean-portal/node_modules/next/dist/build/webpack/plugins/wellknown-errors-plugin/webpackModuleError.js:104:27)
    at async (file:///Users/zhaoqing/Documents/Develop/welean-portal/node_modules/next/dist/build/webpack/plugins/wellknown-errors-plugin/index.js:29:49)
    at async (file:///Users/zhaoqing/Documents/Develop/welean-portal/node_modules/next/dist/build/webpack/plugins/wellknown-errors-plugin/index.js:27:21)
[   20110ms] [LOG] [HMR] connected @ webpack-internal:///./node_modules/next/dist/client/components/react-dev-overlay/pages/websocket.js:41
[   20110ms] [ERROR] ./src/i18n/request.ts:2:1
Module not found: Can't resolve '../../../i18n'
  1 | import { getRequestConfig } from 'next-intl/server';
> 2 | import { locales } from '../../../i18n';
    | ^
  3 |
  4 | export default getRequestConfig(async ({ requestLocale }) => {
  5 |   // This typically corresponds to the `[locale]` segment

https://nextjs.org/docs/messages/module-not-found

Import trace for requested module:
./node_modules/next-intl/dist/esm/development/server/react-server/getConfig.js
./node_modules/next-intl/dist/esm/development/server/react-server/getFormatter.js
./node_modules/next-intl/dist/esm/development/server.react-server.js
./src/app/[locale]/layout.tsx @ webpack-internal:///./node_modules/next/dist/client/components/react-dev-overlay/pages/client.js:84
[   20110ms] [ERROR] ./src/i18n/request.ts:15:22
Module not found: Can't resolve '../../../messages'
  13 |   return {
  14 |     locale,
> 15 |     messages: (await import(`../../../messages/${locale}.json`)).default
     |                      ^
  16 |   };
  17 | });

https://nextjs.org/docs/messages/module-not-found

Import trace for requested module:
./node_modules/next-intl/dist/esm/development/server/react-server/getConfig.js
./node_modules/next-intl/dist/esm/development/server/react-server/getFormatter.js
./node_modules/next-intl/dist/esm/development/server.react-server.js
./src/app/[locale]/layout.tsx @ webpack-internal:///./node_modules/next/dist/client/components/react-dev-overlay/pages/client.js:84
[   20157ms] [ERROR] Failed to load resource: the server responded with a status of 500 (Internal Server Error) @ http://localhost:3000/en:0
[   20255ms] [INFO] %cDownload the React DevTools for a better development experience: https://react.dev/link/react-devtools font-weight:bold @ webpack-internal:///./node_modules/react-dom/cjs/react-dom-client.development.js:28004
[   20258ms] Error: Module not found: Can't resolve '../../../i18n'
  1 | import { getRequestConfig } from 'next-intl/server';
> 2 | import { locales } from '../../../i18n';
    | ^
  3 |
  4 | export default getRequestConfig(async ({ requestLocale }) => {
  5 |   // This typically corresponds to the `[locale]` segment

https://nextjs.org/docs/messages/module-not-found

Import trace for requested module:
./node_modules/next-intl/dist/esm/development/server/react-server/getConfig.js
./node_modules/next-intl/dist/esm/development/server/react-server/getFormatter.js
./node_modules/next-intl/dist/esm/development/server.react-server.js
./src/app/[locale]/layout.tsx
    at <unknown> (https://nextjs.org/docs/messages/module-not-found)
    at getNotFoundError (file:///Users/zhaoqing/Documents/Develop/welean-portal/node_modules/next/dist/build/webpack/plugins/wellknown-errors-plugin/parseNotFoundError.js:134:16)
    at async getModuleBuildError (file:///Users/zhaoqing/Documents/Develop/welean-portal/node_modules/next/dist/build/webpack/plugins/wellknown-errors-plugin/webpackModuleError.js:104:27)
    at async (file:///Users/zhaoqing/Documents/Develop/welean-portal/node_modules/next/dist/build/webpack/plugins/wellknown-errors-plugin/index.js:29:49)
    at async (file:///Users/zhaoqing/Documents/Develop/welean-portal/node_modules/next/dist/build/webpack/plugins/wellknown-errors-plugin/index.js:27:21)
[   20259ms] [LOG] [HMR] connected @ webpack-internal:///./node_modules/next/dist/client/components/react-dev-overlay/pages/websocket.js:41
[   20260ms] [ERROR] ./src/i18n/request.ts:2:1
Module not found: Can't resolve '../../../i18n'
  1 | import { getRequestConfig } from 'next-intl/server';
> 2 | import { locales } from '../../../i18n';
    | ^
  3 |
  4 | export default getRequestConfig(async ({ requestLocale }) => {
  5 |   // This typically corresponds to the `[locale]` segment

https://nextjs.org/docs/messages/module-not-found

Import trace for requested module:
./node_modules/next-intl/dist/esm/development/server/react-server/getConfig.js
./node_modules/next-intl/dist/esm/development/server/react-server/getFormatter.js
./node_modules/next-intl/dist/esm/development/server.react-server.js
./src/app/[locale]/layout.tsx @ webpack-internal:///./node_modules/next/dist/client/components/react-dev-overlay/pages/client.js:84
[   20260ms] [ERROR] ./src/i18n/request.ts:15:22
Module not found: Can't resolve '../../../messages'
  13 |   return {
  14 |     locale,
> 15 |     messages: (await import(`../../../messages/${locale}.json`)).default
     |                      ^
  16 |   };
  17 | });

https://nextjs.org/docs/messages/module-not-found

Import trace for requested module:
./node_modules/next-intl/dist/esm/development/server/react-server/getConfig.js
./node_modules/next-intl/dist/esm/development/server/react-server/getFormatter.js
./node_modules/next-intl/dist/esm/development/server.react-server.js
./src/app/[locale]/layout.tsx @ webpack-internal:///./node_modules/next/dist/client/components/react-dev-overlay/pages/client.js:84
[   20310ms] [ERROR] Failed to load resource: the server responded with a status of 500 (Internal Server Error) @ http://localhost:3000/en:0
[   20407ms] [INFO] %cDownload the React DevTools for a better development experience: https://react.dev/link/react-devtools font-weight:bold @ webpack-internal:///./node_modules/react-dom/cjs/react-dom-client.development.js:28004
[   20410ms] Error: Module not found: Can't resolve '../../../i18n'
  1 | import { getRequestConfig } from 'next-intl/server';
> 2 | import { locales } from '../../../i18n';
    | ^
  3 |
  4 | export default getRequestConfig(async ({ requestLocale }) => {
  5 |   // This typically corresponds to the `[locale]` segment

https://nextjs.org/docs/messages/module-not-found

Import trace for requested module:
./node_modules/next-intl/dist/esm/development/server/react-server/getConfig.js
./node_modules/next-intl/dist/esm/development/server/react-server/getFormatter.js
./node_modules/next-intl/dist/esm/development/server.react-server.js
./src/app/[locale]/layout.tsx
    at <unknown> (https://nextjs.org/docs/messages/module-not-found)
    at getNotFoundError (file:///Users/zhaoqing/Documents/Develop/welean-portal/node_modules/next/dist/build/webpack/plugins/wellknown-errors-plugin/parseNotFoundError.js:134:16)
    at async getModuleBuildError (file:///Users/zhaoqing/Documents/Develop/welean-portal/node_modules/next/dist/build/webpack/plugins/wellknown-errors-plugin/webpackModuleError.js:104:27)
    at async (file:///Users/zhaoqing/Documents/Develop/welean-portal/node_modules/next/dist/build/webpack/plugins/wellknown-errors-plugin/index.js:29:49)
    at async (file:///Users/zhaoqing/Documents/Develop/welean-portal/node_modules/next/dist/build/webpack/plugins/wellknown-errors-plugin/index.js:27:21)
[   20411ms] [LOG] [HMR] connected @ webpack-internal:///./node_modules/next/dist/client/components/react-dev-overlay/pages/websocket.js:41
[   20411ms] [ERROR] ./src/i18n/request.ts:2:1
Module not found: Can't resolve '../../../i18n'
  1 | import { getRequestConfig } from 'next-intl/server';
> 2 | import { locales } from '../../../i18n';
    | ^
  3 |
  4 | export default getRequestConfig(async ({ requestLocale }) => {
  5 |   // This typically corresponds to the `[locale]` segment

https://nextjs.org/docs/messages/module-not-found

Import trace for requested module:
./node_modules/next-intl/dist/esm/development/server/react-server/getConfig.js
./node_modules/next-intl/dist/esm/development/server/react-server/getFormatter.js
./node_modules/next-intl/dist/esm/development/server.react-server.js
./src/app/[locale]/layout.tsx @ webpack-internal:///./node_modules/next/dist/client/components/react-dev-overlay/pages/client.js:84
[   20411ms] [ERROR] ./src/i18n/request.ts:15:22
Module not found: Can't resolve '../../../messages'
  13 |   return {
  14 |     locale,
> 15 |     messages: (await import(`../../../messages/${locale}.json`)).default
     |                      ^
  16 |   };
  17 | });

https://nextjs.org/docs/messages/module-not-found

Import trace for requested module:
./node_modules/next-intl/dist/esm/development/server/react-server/getConfig.js
./node_modules/next-intl/dist/esm/development/server/react-server/getFormatter.js
./node_modules/next-intl/dist/esm/development/server.react-server.js
./src/app/[locale]/layout.tsx @ webpack-internal:///./node_modules/next/dist/client/components/react-dev-overlay/pages/client.js:84
[   20461ms] [ERROR] Failed to load resource: the server responded with a status of 500 (Internal Server Error) @ http://localhost:3000/en:0
[   20560ms] [INFO] %cDownload the React DevTools for a better development experience: https://react.dev/link/react-devtools font-weight:bold @ webpack-internal:///./node_modules/react-dom/cjs/react-dom-client.development.js:28004
[   20563ms] Error: Module not found: Can't resolve '../../../i18n'
  1 | import { getRequestConfig } from 'next-intl/server';
> 2 | import { locales } from '../../../i18n';
    | ^
  3 |
  4 | export default getRequestConfig(async ({ requestLocale }) => {
  5 |   // This typically corresponds to the `[locale]` segment

https://nextjs.org/docs/messages/module-not-found

Import trace for requested module:
./node_modules/next-intl/dist/esm/development/server/react-server/getConfig.js
./node_modules/next-intl/dist/esm/development/server/react-server/getFormatter.js
./node_modules/next-intl/dist/esm/development/server.react-server.js
./src/app/[locale]/layout.tsx
    at <unknown> (https://nextjs.org/docs/messages/module-not-found)
    at getNotFoundError (file:///Users/zhaoqing/Documents/Develop/welean-portal/node_modules/next/dist/build/webpack/plugins/wellknown-errors-plugin/parseNotFoundError.js:134:16)
    at async getModuleBuildError (file:///Users/zhaoqing/Documents/Develop/welean-portal/node_modules/next/dist/build/webpack/plugins/wellknown-errors-plugin/webpackModuleError.js:104:27)
    at async (file:///Users/zhaoqing/Documents/Develop/welean-portal/node_modules/next/dist/build/webpack/plugins/wellknown-errors-plugin/index.js:29:49)
    at async (file:///Users/zhaoqing/Documents/Develop/welean-portal/node_modules/next/dist/build/webpack/plugins/wellknown-errors-plugin/index.js:27:21)
[   20564ms] [LOG] [HMR] connected @ webpack-internal:///./node_modules/next/dist/client/components/react-dev-overlay/pages/websocket.js:41
[   20565ms] [ERROR] ./src/i18n/request.ts:2:1
Module not found: Can't resolve '../../../i18n'
  1 | import { getRequestConfig } from 'next-intl/server';
> 2 | import { locales } from '../../../i18n';
    | ^
  3 |
  4 | export default getRequestConfig(async ({ requestLocale }) => {
  5 |   // This typically corresponds to the `[locale]` segment

https://nextjs.org/docs/messages/module-not-found

Import trace for requested module:
./node_modules/next-intl/dist/esm/development/server/react-server/getConfig.js
./node_modules/next-intl/dist/esm/development/server/react-server/getFormatter.js
./node_modules/next-intl/dist/esm/development/server.react-server.js
./src/app/[locale]/layout.tsx @ webpack-internal:///./node_modules/next/dist/client/components/react-dev-overlay/pages/client.js:84
[   20565ms] [ERROR] ./src/i18n/request.ts:15:22
Module not found: Can't resolve '../../../messages'
  13 |   return {
  14 |     locale,
> 15 |     messages: (await import(`../../../messages/${locale}.json`)).default
     |                      ^
  16 |   };
  17 | });

https://nextjs.org/docs/messages/module-not-found

Import trace for requested module:
./node_modules/next-intl/dist/esm/development/server/react-server/getConfig.js
./node_modules/next-intl/dist/esm/development/server/react-server/getFormatter.js
./node_modules/next-intl/dist/esm/development/server.react-server.js
./src/app/[locale]/layout.tsx @ webpack-internal:///./node_modules/next/dist/client/components/react-dev-overlay/pages/client.js:84
[   20617ms] [ERROR] Failed to load resource: the server responded with a status of 500 (Internal Server Error) @ http://localhost:3000/en:0
[   20721ms] [INFO] %cDownload the React DevTools for a better development experience: https://react.dev/link/react-devtools font-weight:bold @ webpack-internal:///./node_modules/react-dom/cjs/react-dom-client.development.js:28004
[   20725ms] Error: Module not found: Can't resolve '../../../i18n'
  1 | import { getRequestConfig } from 'next-intl/server';
> 2 | import { locales } from '../../../i18n';
    | ^
  3 |
  4 | export default getRequestConfig(async ({ requestLocale }) => {
  5 |   // This typically corresponds to the `[locale]` segment

https://nextjs.org/docs/messages/module-not-found

Import trace for requested module:
./node_modules/next-intl/dist/esm/development/server/react-server/getConfig.js
./node_modules/next-intl/dist/esm/development/server/react-server/getFormatter.js
./node_modules/next-intl/dist/esm/development/server.react-server.js
./src/app/[locale]/layout.tsx
    at <unknown> (https://nextjs.org/docs/messages/module-not-found)
    at getNotFoundError (file:///Users/zhaoqing/Documents/Develop/welean-portal/node_modules/next/dist/build/webpack/plugins/wellknown-errors-plugin/parseNotFoundError.js:134:16)
    at async getModuleBuildError (file:///Users/zhaoqing/Documents/Develop/welean-portal/node_modules/next/dist/build/webpack/plugins/wellknown-errors-plugin/webpackModuleError.js:104:27)
    at async (file:///Users/zhaoqing/Documents/Develop/welean-portal/node_modules/next/dist/build/webpack/plugins/wellknown-errors-plugin/index.js:29:49)
    at async (file:///Users/zhaoqing/Documents/Develop/welean-portal/node_modules/next/dist/build/webpack/plugins/wellknown-errors-plugin/index.js:27:21)
[   20726ms] [LOG] [HMR] connected @ webpack-internal:///./node_modules/next/dist/client/components/react-dev-overlay/pages/websocket.js:41
[   20726ms] [ERROR] ./src/i18n/request.ts:2:1
Module not found: Can't resolve '../../../i18n'
  1 | import { getRequestConfig } from 'next-intl/server';
> 2 | import { locales } from '../../../i18n';
    | ^
  3 |
  4 | export default getRequestConfig(async ({ requestLocale }) => {
  5 |   // This typically corresponds to the `[locale]` segment

https://nextjs.org/docs/messages/module-not-found

Import trace for requested module:
./node_modules/next-intl/dist/esm/development/server/react-server/getConfig.js
./node_modules/next-intl/dist/esm/development/server/react-server/getFormatter.js
./node_modules/next-intl/dist/esm/development/server.react-server.js
./src/app/[locale]/layout.tsx @ webpack-internal:///./node_modules/next/dist/client/components/react-dev-overlay/pages/client.js:84
[   20726ms] [ERROR] ./src/i18n/request.ts:15:22
Module not found: Can't resolve '../../../messages'
  13 |   return {
  14 |     locale,
> 15 |     messages: (await import(`../../../messages/${locale}.json`)).default
     |                      ^
  16 |   };
  17 | });

https://nextjs.org/docs/messages/module-not-found

Import trace for requested module:
./node_modules/next-intl/dist/esm/development/server/react-server/getConfig.js
./node_modules/next-intl/dist/esm/development/server/react-server/getFormatter.js
./node_modules/next-intl/dist/esm/development/server.react-server.js
./src/app/[locale]/layout.tsx @ webpack-internal:///./node_modules/next/dist/client/components/react-dev-overlay/pages/client.js:84
[   20778ms] [ERROR] Failed to load resource: the server responded with a status of 500 (Internal Server Error) @ http://localhost:3000/en:0
[   20897ms] [INFO] %cDownload the React DevTools for a better development experience: https://react.dev/link/react-devtools font-weight:bold @ webpack-internal:///./node_modules/react-dom/cjs/react-dom-client.development.js:28004
[   20900ms] Error: Module not found: Can't resolve '../../../i18n'
  1 | import { getRequestConfig } from 'next-intl/server';
> 2 | import { locales } from '../../../i18n';
    | ^
  3 |
  4 | export default getRequestConfig(async ({ requestLocale }) => {
  5 |   // This typically corresponds to the `[locale]` segment

https://nextjs.org/docs/messages/module-not-found

Import trace for requested module:
./node_modules/next-intl/dist/esm/development/server/react-server/getConfig.js
./node_modules/next-intl/dist/esm/development/server/react-server/getFormatter.js
./node_modules/next-intl/dist/esm/development/server.react-server.js
./src/app/[locale]/layout.tsx
    at <unknown> (https://nextjs.org/docs/messages/module-not-found)
    at getNotFoundError (file:///Users/zhaoqing/Documents/Develop/welean-portal/node_modules/next/dist/build/webpack/plugins/wellknown-errors-plugin/parseNotFoundError.js:134:16)
    at async getModuleBuildError (file:///Users/zhaoqing/Documents/Develop/welean-portal/node_modules/next/dist/build/webpack/plugins/wellknown-errors-plugin/webpackModuleError.js:104:27)
    at async (file:///Users/zhaoqing/Documents/Develop/welean-portal/node_modules/next/dist/build/webpack/plugins/wellknown-errors-plugin/index.js:29:49)
    at async (file:///Users/zhaoqing/Documents/Develop/welean-portal/node_modules/next/dist/build/webpack/plugins/wellknown-errors-plugin/index.js:27:21)
[   20901ms] [LOG] [HMR] connected @ webpack-internal:///./node_modules/next/dist/client/components/react-dev-overlay/pages/websocket.js:41
[   20901ms] [ERROR] ./src/i18n/request.ts:2:1
Module not found: Can't resolve '../../../i18n'
  1 | import { getRequestConfig } from 'next-intl/server';
> 2 | import { locales } from '../../../i18n';
    | ^
  3 |
  4 | export default getRequestConfig(async ({ requestLocale }) => {
  5 |   // This typically corresponds to the `[locale]` segment

https://nextjs.org/docs/messages/module-not-found

Import trace for requested module:
./node_modules/next-intl/dist/esm/development/server/react-server/getConfig.js
./node_modules/next-intl/dist/esm/development/server/react-server/getFormatter.js
./node_modules/next-intl/dist/esm/development/server.react-server.js
./src/app/[locale]/layout.tsx @ webpack-internal:///./node_modules/next/dist/client/components/react-dev-overlay/pages/client.js:84
[   20901ms] [ERROR] ./src/i18n/request.ts:15:22
Module not found: Can't resolve '../../../messages'
  13 |   return {
  14 |     locale,
> 15 |     messages: (await import(`../../../messages/${locale}.json`)).default
     |                      ^
  16 |   };
  17 | });

https://nextjs.org/docs/messages/module-not-found

Import trace for requested module:
./node_modules/next-intl/dist/esm/development/server/react-server/getConfig.js
./node_modules/next-intl/dist/esm/development/server/react-server/getFormatter.js
./node_modules/next-intl/dist/esm/development/server.react-server.js
./src/app/[locale]/layout.tsx @ webpack-internal:///./node_modules/next/dist/client/components/react-dev-overlay/pages/client.js:84
[   20974ms] [ERROR] Failed to load resource: the server responded with a status of 500 (Internal Server Error) @ http://localhost:3000/en:0
[   21074ms] [INFO] %cDownload the React DevTools for a better development experience: https://react.dev/link/react-devtools font-weight:bold @ webpack-internal:///./node_modules/react-dom/cjs/react-dom-client.development.js:28004
[   21078ms] Error: Module not found: Can't resolve '../../../i18n'
  1 | import { getRequestConfig } from 'next-intl/server';
> 2 | import { locales } from '../../../i18n';
    | ^
  3 |
  4 | export default getRequestConfig(async ({ requestLocale }) => {
  5 |   // This typically corresponds to the `[locale]` segment

https://nextjs.org/docs/messages/module-not-found

Import trace for requested module:
./node_modules/next-intl/dist/esm/development/server/react-server/getConfig.js
./node_modules/next-intl/dist/esm/development/server/react-server/getFormatter.js
./node_modules/next-intl/dist/esm/development/server.react-server.js
./src/app/[locale]/layout.tsx
    at <unknown> (https://nextjs.org/docs/messages/module-not-found)
    at getNotFoundError (file:///Users/zhaoqing/Documents/Develop/welean-portal/node_modules/next/dist/build/webpack/plugins/wellknown-errors-plugin/parseNotFoundError.js:134:16)
    at async getModuleBuildError (file:///Users/zhaoqing/Documents/Develop/welean-portal/node_modules/next/dist/build/webpack/plugins/wellknown-errors-plugin/webpackModuleError.js:104:27)
    at async (file:///Users/zhaoqing/Documents/Develop/welean-portal/node_modules/next/dist/build/webpack/plugins/wellknown-errors-plugin/index.js:29:49)
    at async (file:///Users/zhaoqing/Documents/Develop/welean-portal/node_modules/next/dist/build/webpack/plugins/wellknown-errors-plugin/index.js:27:21)
[   21078ms] [LOG] [HMR] connected @ webpack-internal:///./node_modules/next/dist/client/components/react-dev-overlay/pages/websocket.js:41
[   21079ms] [ERROR] ./src/i18n/request.ts:2:1
Module not found: Can't resolve '../../../i18n'
  1 | import { getRequestConfig } from 'next-intl/server';
> 2 | import { locales } from '../../../i18n';
    | ^
  3 |
  4 | export default getRequestConfig(async ({ requestLocale }) => {
  5 |   // This typically corresponds to the `[locale]` segment

https://nextjs.org/docs/messages/module-not-found

Import trace for requested module:
./node_modules/next-intl/dist/esm/development/server/react-server/getConfig.js
./node_modules/next-intl/dist/esm/development/server/react-server/getFormatter.js
./node_modules/next-intl/dist/esm/development/server.react-server.js
./src/app/[locale]/layout.tsx @ webpack-internal:///./node_modules/next/dist/client/components/react-dev-overlay/pages/client.js:84
[   21079ms] [ERROR] ./src/i18n/request.ts:15:22
Module not found: Can't resolve '../../../messages'
  13 |   return {
  14 |     locale,
> 15 |     messages: (await import(`../../../messages/${locale}.json`)).default
     |                      ^
  16 |   };
  17 | });

https://nextjs.org/docs/messages/module-not-found

Import trace for requested module:
./node_modules/next-intl/dist/esm/development/server/react-server/getConfig.js
./node_modules/next-intl/dist/esm/development/server/react-server/getFormatter.js
./node_modules/next-intl/dist/esm/development/server.react-server.js
./src/app/[locale]/layout.tsx @ webpack-internal:///./node_modules/next/dist/client/components/react-dev-overlay/pages/client.js:84
[   21121ms] [ERROR] Failed to load resource: the server responded with a status of 500 (Internal Server Error) @ http://localhost:3000/en:0
[   21219ms] [INFO] %cDownload the React DevTools for a better development experience: https://react.dev/link/react-devtools font-weight:bold @ webpack-internal:///./node_modules/react-dom/cjs/react-dom-client.development.js:28004
[   21222ms] Error: Module not found: Can't resolve '../../../i18n'
  1 | import { getRequestConfig } from 'next-intl/server';
> 2 | import { locales } from '../../../i18n';
    | ^
  3 |
  4 | export default getRequestConfig(async ({ requestLocale }) => {
  5 |   // This typically corresponds to the `[locale]` segment

https://nextjs.org/docs/messages/module-not-found

Import trace for requested module:
./node_modules/next-intl/dist/esm/development/server/react-server/getConfig.js
./node_modules/next-intl/dist/esm/development/server/react-server/getFormatter.js
./node_modules/next-intl/dist/esm/development/server.react-server.js
./src/app/[locale]/layout.tsx
    at <unknown> (https://nextjs.org/docs/messages/module-not-found)
    at getNotFoundError (file:///Users/zhaoqing/Documents/Develop/welean-portal/node_modules/next/dist/build/webpack/plugins/wellknown-errors-plugin/parseNotFoundError.js:134:16)
    at async getModuleBuildError (file:///Users/zhaoqing/Documents/Develop/welean-portal/node_modules/next/dist/build/webpack/plugins/wellknown-errors-plugin/webpackModuleError.js:104:27)
    at async (file:///Users/zhaoqing/Documents/Develop/welean-portal/node_modules/next/dist/build/webpack/plugins/wellknown-errors-plugin/index.js:29:49)
    at async (file:///Users/zhaoqing/Documents/Develop/welean-portal/node_modules/next/dist/build/webpack/plugins/wellknown-errors-plugin/index.js:27:21)
[   21227ms] [LOG] [HMR] connected @ webpack-internal:///./node_modules/next/dist/client/components/react-dev-overlay/pages/websocket.js:41
[   21227ms] [ERROR] ./src/i18n/request.ts:2:1
Module not found: Can't resolve '../../../i18n'
  1 | import { getRequestConfig } from 'next-intl/server';
> 2 | import { locales } from '../../../i18n';
    | ^
  3 |
  4 | export default getRequestConfig(async ({ requestLocale }) => {
  5 |   // This typically corresponds to the `[locale]` segment

https://nextjs.org/docs/messages/module-not-found

Import trace for requested module:
./node_modules/next-intl/dist/esm/development/server/react-server/getConfig.js
./node_modules/next-intl/dist/esm/development/server/react-server/getFormatter.js
./node_modules/next-intl/dist/esm/development/server.react-server.js
./src/app/[locale]/layout.tsx @ webpack-internal:///./node_modules/next/dist/client/components/react-dev-overlay/pages/client.js:84
[   21227ms] [ERROR] ./src/i18n/request.ts:15:22
Module not found: Can't resolve '../../../messages'
  13 |   return {
  14 |     locale,
> 15 |     messages: (await import(`../../../messages/${locale}.json`)).default
     |                      ^
  16 |   };
  17 | });

https://nextjs.org/docs/messages/module-not-found

Import trace for requested module:
./node_modules/next-intl/dist/esm/development/server/react-server/getConfig.js
./node_modules/next-intl/dist/esm/development/server/react-server/getFormatter.js
./node_modules/next-intl/dist/esm/development/server.react-server.js
./src/app/[locale]/layout.tsx @ webpack-internal:///./node_modules/next/dist/client/components/react-dev-overlay/pages/client.js:84
[   21273ms] [ERROR] Failed to load resource: the server responded with a status of 500 (Internal Server Error) @ http://localhost:3000/en:0
[   21371ms] [INFO] %cDownload the React DevTools for a better development experience: https://react.dev/link/react-devtools font-weight:bold @ webpack-internal:///./node_modules/react-dom/cjs/react-dom-client.development.js:28004
[   21374ms] Error: Module not found: Can't resolve '../../../i18n'
  1 | import { getRequestConfig } from 'next-intl/server';
> 2 | import { locales } from '../../../i18n';
    | ^
  3 |
  4 | export default getRequestConfig(async ({ requestLocale }) => {
  5 |   // This typically corresponds to the `[locale]` segment

https://nextjs.org/docs/messages/module-not-found

Import trace for requested module:
./node_modules/next-intl/dist/esm/development/server/react-server/getConfig.js
./node_modules/next-intl/dist/esm/development/server/react-server/getFormatter.js
./node_modules/next-intl/dist/esm/development/server.react-server.js
./src/app/[locale]/layout.tsx
    at <unknown> (https://nextjs.org/docs/messages/module-not-found)
    at getNotFoundError (file:///Users/zhaoqing/Documents/Develop/welean-portal/node_modules/next/dist/build/webpack/plugins/wellknown-errors-plugin/parseNotFoundError.js:134:16)
    at async getModuleBuildError (file:///Users/zhaoqing/Documents/Develop/welean-portal/node_modules/next/dist/build/webpack/plugins/wellknown-errors-plugin/webpackModuleError.js:104:27)
    at async (file:///Users/zhaoqing/Documents/Develop/welean-portal/node_modules/next/dist/build/webpack/plugins/wellknown-errors-plugin/index.js:29:49)
    at async (file:///Users/zhaoqing/Documents/Develop/welean-portal/node_modules/next/dist/build/webpack/plugins/wellknown-errors-plugin/index.js:27:21)
[   21374ms] [LOG] [HMR] connected @ webpack-internal:///./node_modules/next/dist/client/components/react-dev-overlay/pages/websocket.js:41
[   21375ms] [ERROR] ./src/i18n/request.ts:2:1
Module not found: Can't resolve '../../../i18n'
  1 | import { getRequestConfig } from 'next-intl/server';
> 2 | import { locales } from '../../../i18n';
    | ^
  3 |
  4 | export default getRequestConfig(async ({ requestLocale }) => {
  5 |   // This typically corresponds to the `[locale]` segment

https://nextjs.org/docs/messages/module-not-found

Import trace for requested module:
./node_modules/next-intl/dist/esm/development/server/react-server/getConfig.js
./node_modules/next-intl/dist/esm/development/server/react-server/getFormatter.js
./node_modules/next-intl/dist/esm/development/server.react-server.js
./src/app/[locale]/layout.tsx @ webpack-internal:///./node_modules/next/dist/client/components/react-dev-overlay/pages/client.js:84
[   21375ms] [ERROR] ./src/i18n/request.ts:15:22
Module not found: Can't resolve '../../../messages'
  13 |   return {
  14 |     locale,
> 15 |     messages: (await import(`../../../messages/${locale}.json`)).default
     |                      ^
  16 |   };
  17 | });

https://nextjs.org/docs/messages/module-not-found

Import trace for requested module:
./node_modules/next-intl/dist/esm/development/server/react-server/getConfig.js
./node_modules/next-intl/dist/esm/development/server/react-server/getFormatter.js
./node_modules/next-intl/dist/esm/development/server.react-server.js
./src/app/[locale]/layout.tsx @ webpack-internal:///./node_modules/next/dist/client/components/react-dev-overlay/pages/client.js:84
[   21422ms] [ERROR] Failed to load resource: the server responded with a status of 500 (Internal Server Error) @ http://localhost:3000/en:0
[   21520ms] [INFO] %cDownload the React DevTools for a better development experience: https://react.dev/link/react-devtools font-weight:bold @ webpack-internal:///./node_modules/react-dom/cjs/react-dom-client.development.js:28004
[   21523ms] Error: Module not found: Can't resolve '../../../i18n'
  1 | import { getRequestConfig } from 'next-intl/server';
> 2 | import { locales } from '../../../i18n';
    | ^
  3 |
  4 | export default getRequestConfig(async ({ requestLocale }) => {
  5 |   // This typically corresponds to the `[locale]` segment

https://nextjs.org/docs/messages/module-not-found

Import trace for requested module:
./node_modules/next-intl/dist/esm/development/server/react-server/getConfig.js
./node_modules/next-intl/dist/esm/development/server/react-server/getFormatter.js
./node_modules/next-intl/dist/esm/development/server.react-server.js
./src/app/[locale]/layout.tsx
    at <unknown> (https://nextjs.org/docs/messages/module-not-found)
    at getNotFoundError (file:///Users/zhaoqing/Documents/Develop/welean-portal/node_modules/next/dist/build/webpack/plugins/wellknown-errors-plugin/parseNotFoundError.js:134:16)
    at async getModuleBuildError (file:///Users/zhaoqing/Documents/Develop/welean-portal/node_modules/next/dist/build/webpack/plugins/wellknown-errors-plugin/webpackModuleError.js:104:27)
    at async (file:///Users/zhaoqing/Documents/Develop/welean-portal/node_modules/next/dist/build/webpack/plugins/wellknown-errors-plugin/index.js:29:49)
    at async (file:///Users/zhaoqing/Documents/Develop/welean-portal/node_modules/next/dist/build/webpack/plugins/wellknown-errors-plugin/index.js:27:21)
[   21524ms] [LOG] [HMR] connected @ webpack-internal:///./node_modules/next/dist/client/components/react-dev-overlay/pages/websocket.js:41
[   21524ms] [ERROR] ./src/i18n/request.ts:2:1
Module not found: Can't resolve '../../../i18n'
  1 | import { getRequestConfig } from 'next-intl/server';
> 2 | import { locales } from '../../../i18n';
    | ^
  3 |
  4 | export default getRequestConfig(async ({ requestLocale }) => {
  5 |   // This typically corresponds to the `[locale]` segment

https://nextjs.org/docs/messages/module-not-found

Import trace for requested module:
./node_modules/next-intl/dist/esm/development/server/react-server/getConfig.js
./node_modules/next-intl/dist/esm/development/server/react-server/getFormatter.js
./node_modules/next-intl/dist/esm/development/server.react-server.js
./src/app/[locale]/layout.tsx @ webpack-internal:///./node_modules/next/dist/client/components/react-dev-overlay/pages/client.js:84
[   21525ms] [ERROR] ./src/i18n/request.ts:15:22
Module not found: Can't resolve '../../../messages'
  13 |   return {
  14 |     locale,
> 15 |     messages: (await import(`../../../messages/${locale}.json`)).default
     |                      ^
  16 |   };
  17 | });

https://nextjs.org/docs/messages/module-not-found

Import trace for requested module:
./node_modules/next-intl/dist/esm/development/server/react-server/getConfig.js
./node_modules/next-intl/dist/esm/development/server/react-server/getFormatter.js
./node_modules/next-intl/dist/esm/development/server.react-server.js
./src/app/[locale]/layout.tsx @ webpack-internal:///./node_modules/next/dist/client/components/react-dev-overlay/pages/client.js:84
[   21574ms] [ERROR] Failed to load resource: the server responded with a status of 500 (Internal Server Error) @ http://localhost:3000/en:0
[   21674ms] [INFO] %cDownload the React DevTools for a better development experience: https://react.dev/link/react-devtools font-weight:bold @ webpack-internal:///./node_modules/react-dom/cjs/react-dom-client.development.js:28004
[   21678ms] Error: Module not found: Can't resolve '../../../i18n'
  1 | import { getRequestConfig } from 'next-intl/server';
> 2 | import { locales } from '../../../i18n';
    | ^
  3 |
  4 | export default getRequestConfig(async ({ requestLocale }) => {
  5 |   // This typically corresponds to the `[locale]` segment

https://nextjs.org/docs/messages/module-not-found

Import trace for requested module:
./node_modules/next-intl/dist/esm/development/server/react-server/getConfig.js
./node_modules/next-intl/dist/esm/development/server/react-server/getFormatter.js
./node_modules/next-intl/dist/esm/development/server.react-server.js
./src/app/[locale]/layout.tsx
    at <unknown> (https://nextjs.org/docs/messages/module-not-found)
    at getNotFoundError (file:///Users/zhaoqing/Documents/Develop/welean-portal/node_modules/next/dist/build/webpack/plugins/wellknown-errors-plugin/parseNotFoundError.js:134:16)
    at async getModuleBuildError (file:///Users/zhaoqing/Documents/Develop/welean-portal/node_modules/next/dist/build/webpack/plugins/wellknown-errors-plugin/webpackModuleError.js:104:27)
    at async (file:///Users/zhaoqing/Documents/Develop/welean-portal/node_modules/next/dist/build/webpack/plugins/wellknown-errors-plugin/index.js:29:49)
    at async (file:///Users/zhaoqing/Documents/Develop/welean-portal/node_modules/next/dist/build/webpack/plugins/wellknown-errors-plugin/index.js:27:21)
[   21678ms] [LOG] [HMR] connected @ webpack-internal:///./node_modules/next/dist/client/components/react-dev-overlay/pages/websocket.js:41
[   21679ms] [ERROR] ./src/i18n/request.ts:2:1
Module not found: Can't resolve '../../../i18n'
  1 | import { getRequestConfig } from 'next-intl/server';
> 2 | import { locales } from '../../../i18n';
    | ^
  3 |
  4 | export default getRequestConfig(async ({ requestLocale }) => {
  5 |   // This typically corresponds to the `[locale]` segment

https://nextjs.org/docs/messages/module-not-found

Import trace for requested module:
./node_modules/next-intl/dist/esm/development/server/react-server/getConfig.js
./node_modules/next-intl/dist/esm/development/server/react-server/getFormatter.js
./node_modules/next-intl/dist/esm/development/server.react-server.js
./src/app/[locale]/layout.tsx @ webpack-internal:///./node_modules/next/dist/client/components/react-dev-overlay/pages/client.js:84
[   21679ms] [ERROR] ./src/i18n/request.ts:15:22
Module not found: Can't resolve '../../../messages'
  13 |   return {
  14 |     locale,
> 15 |     messages: (await import(`../../../messages/${locale}.json`)).default
     |                      ^
  16 |   };
  17 | });

https://nextjs.org/docs/messages/module-not-found

Import trace for requested module:
./node_modules/next-intl/dist/esm/development/server/react-server/getConfig.js
./node_modules/next-intl/dist/esm/development/server/react-server/getFormatter.js
./node_modules/next-intl/dist/esm/development/server.react-server.js
./src/app/[locale]/layout.tsx @ webpack-internal:///./node_modules/next/dist/client/components/react-dev-overlay/pages/client.js:84
[   21728ms] [ERROR] Failed to load resource: the server responded with a status of 500 (Internal Server Error) @ http://localhost:3000/en:0
[   21825ms] [INFO] %cDownload the React DevTools for a better development experience: https://react.dev/link/react-devtools font-weight:bold @ webpack-internal:///./node_modules/react-dom/cjs/react-dom-client.development.js:28004
[   21829ms] Error: Module not found: Can't resolve '../../../i18n'
  1 | import { getRequestConfig } from 'next-intl/server';
> 2 | import { locales } from '../../../i18n';
    | ^
  3 |
  4 | export default getRequestConfig(async ({ requestLocale }) => {
  5 |   // This typically corresponds to the `[locale]` segment

https://nextjs.org/docs/messages/module-not-found

Import trace for requested module:
./node_modules/next-intl/dist/esm/development/server/react-server/getConfig.js
./node_modules/next-intl/dist/esm/development/server/react-server/getFormatter.js
./node_modules/next-intl/dist/esm/development/server.react-server.js
./src/app/[locale]/layout.tsx
    at <unknown> (https://nextjs.org/docs/messages/module-not-found)
    at getNotFoundError (file:///Users/zhaoqing/Documents/Develop/welean-portal/node_modules/next/dist/build/webpack/plugins/wellknown-errors-plugin/parseNotFoundError.js:134:16)
    at async getModuleBuildError (file:///Users/zhaoqing/Documents/Develop/welean-portal/node_modules/next/dist/build/webpack/plugins/wellknown-errors-plugin/webpackModuleError.js:104:27)
    at async (file:///Users/zhaoqing/Documents/Develop/welean-portal/node_modules/next/dist/build/webpack/plugins/wellknown-errors-plugin/index.js:29:49)
    at async (file:///Users/zhaoqing/Documents/Develop/welean-portal/node_modules/next/dist/build/webpack/plugins/wellknown-errors-plugin/index.js:27:21)
[   21829ms] [LOG] [HMR] connected @ webpack-internal:///./node_modules/next/dist/client/components/react-dev-overlay/pages/websocket.js:41
[   21830ms] [ERROR] ./src/i18n/request.ts:2:1
Module not found: Can't resolve '../../../i18n'
  1 | import { getRequestConfig } from 'next-intl/server';
> 2 | import { locales } from '../../../i18n';
    | ^
  3 |
  4 | export default getRequestConfig(async ({ requestLocale }) => {
  5 |   // This typically corresponds to the `[locale]` segment

https://nextjs.org/docs/messages/module-not-found

Import trace for requested module:
./node_modules/next-intl/dist/esm/development/server/react-server/getConfig.js
./node_modules/next-intl/dist/esm/development/server/react-server/getFormatter.js
./node_modules/next-intl/dist/esm/development/server.react-server.js
./src/app/[locale]/layout.tsx @ webpack-internal:///./node_modules/next/dist/client/components/react-dev-overlay/pages/client.js:84
[   21830ms] [ERROR] ./src/i18n/request.ts:15:22
Module not found: Can't resolve '../../../messages'
  13 |   return {
  14 |     locale,
> 15 |     messages: (await import(`../../../messages/${locale}.json`)).default
     |                      ^
  16 |   };
  17 | });

https://nextjs.org/docs/messages/module-not-found

Import trace for requested module:
./node_modules/next-intl/dist/esm/development/server/react-server/getConfig.js
./node_modules/next-intl/dist/esm/development/server/react-server/getFormatter.js
./node_modules/next-intl/dist/esm/development/server.react-server.js
./src/app/[locale]/layout.tsx @ webpack-internal:///./node_modules/next/dist/client/components/react-dev-overlay/pages/client.js:84
[   21880ms] [ERROR] Failed to load resource: the server responded with a status of 500 (Internal Server Error) @ http://localhost:3000/en:0
[   21977ms] [INFO] %cDownload the React DevTools for a better development experience: https://react.dev/link/react-devtools font-weight:bold @ webpack-internal:///./node_modules/react-dom/cjs/react-dom-client.development.js:28004
[   21980ms] Error: Module not found: Can't resolve '../../../i18n'
  1 | import { getRequestConfig } from 'next-intl/server';
> 2 | import { locales } from '../../../i18n';
    | ^
  3 |
  4 | export default getRequestConfig(async ({ requestLocale }) => {
  5 |   // This typically corresponds to the `[locale]` segment

https://nextjs.org/docs/messages/module-not-found

Import trace for requested module:
./node_modules/next-intl/dist/esm/development/server/react-server/getConfig.js
./node_modules/next-intl/dist/esm/development/server/react-server/getFormatter.js
./node_modules/next-intl/dist/esm/development/server.react-server.js
./src/app/[locale]/layout.tsx
    at <unknown> (https://nextjs.org/docs/messages/module-not-found)
    at getNotFoundError (file:///Users/zhaoqing/Documents/Develop/welean-portal/node_modules/next/dist/build/webpack/plugins/wellknown-errors-plugin/parseNotFoundError.js:134:16)
    at async getModuleBuildError (file:///Users/zhaoqing/Documents/Develop/welean-portal/node_modules/next/dist/build/webpack/plugins/wellknown-errors-plugin/webpackModuleError.js:104:27)
    at async (file:///Users/zhaoqing/Documents/Develop/welean-portal/node_modules/next/dist/build/webpack/plugins/wellknown-errors-plugin/index.js:29:49)
    at async (file:///Users/zhaoqing/Documents/Develop/welean-portal/node_modules/next/dist/build/webpack/plugins/wellknown-errors-plugin/index.js:27:21)
[   21988ms] [LOG] [HMR] connected @ webpack-internal:///./node_modules/next/dist/client/components/react-dev-overlay/pages/websocket.js:41
[   21988ms] [ERROR] ./src/i18n/request.ts:2:1
Module not found: Can't resolve '../../../i18n'
  1 | import { getRequestConfig } from 'next-intl/server';
> 2 | import { locales } from '../../../i18n';
    | ^
  3 |
  4 | export default getRequestConfig(async ({ requestLocale }) => {
  5 |   // This typically corresponds to the `[locale]` segment

https://nextjs.org/docs/messages/module-not-found

Import trace for requested module:
./node_modules/next-intl/dist/esm/development/server/react-server/getConfig.js
./node_modules/next-intl/dist/esm/development/server/react-server/getFormatter.js
./node_modules/next-intl/dist/esm/development/server.react-server.js
./src/app/[locale]/layout.tsx @ webpack-internal:///./node_modules/next/dist/client/components/react-dev-overlay/pages/client.js:84
[   21988ms] [ERROR] ./src/i18n/request.ts:15:22
Module not found: Can't resolve '../../../messages'
  13 |   return {
  14 |     locale,
> 15 |     messages: (await import(`../../../messages/${locale}.json`)).default
     |                      ^
  16 |   };
  17 | });

https://nextjs.org/docs/messages/module-not-found

Import trace for requested module:
./node_modules/next-intl/dist/esm/development/server/react-server/getConfig.js
./node_modules/next-intl/dist/esm/development/server/react-server/getFormatter.js
./node_modules/next-intl/dist/esm/development/server.react-server.js
./src/app/[locale]/layout.tsx @ webpack-internal:///./node_modules/next/dist/client/components/react-dev-overlay/pages/client.js:84
[   22031ms] [ERROR] Failed to load resource: the server responded with a status of 500 (Internal Server Error) @ http://localhost:3000/en:0
[   22136ms] [INFO] %cDownload the React DevTools for a better development experience: https://react.dev/link/react-devtools font-weight:bold @ webpack-internal:///./node_modules/react-dom/cjs/react-dom-client.development.js:28004
[   22139ms] Error: Module not found: Can't resolve '../../../i18n'
  1 | import { getRequestConfig } from 'next-intl/server';
> 2 | import { locales } from '../../../i18n';
    | ^
  3 |
  4 | export default getRequestConfig(async ({ requestLocale }) => {
  5 |   // This typically corresponds to the `[locale]` segment

https://nextjs.org/docs/messages/module-not-found

Import trace for requested module:
./node_modules/next-intl/dist/esm/development/server/react-server/getConfig.js
./node_modules/next-intl/dist/esm/development/server/react-server/getFormatter.js
./node_modules/next-intl/dist/esm/development/server.react-server.js
./src/app/[locale]/layout.tsx
    at <unknown> (https://nextjs.org/docs/messages/module-not-found)
    at getNotFoundError (file:///Users/zhaoqing/Documents/Develop/welean-portal/node_modules/next/dist/build/webpack/plugins/wellknown-errors-plugin/parseNotFoundError.js:134:16)
    at async getModuleBuildError (file:///Users/zhaoqing/Documents/Develop/welean-portal/node_modules/next/dist/build/webpack/plugins/wellknown-errors-plugin/webpackModuleError.js:104:27)
    at async (file:///Users/zhaoqing/Documents/Develop/welean-portal/node_modules/next/dist/build/webpack/plugins/wellknown-errors-plugin/index.js:29:49)
    at async (file:///Users/zhaoqing/Documents/Develop/welean-portal/node_modules/next/dist/build/webpack/plugins/wellknown-errors-plugin/index.js:27:21)
[   22141ms] [LOG] [HMR] connected @ webpack-internal:///./node_modules/next/dist/client/components/react-dev-overlay/pages/websocket.js:41
[   22142ms] [ERROR] ./src/i18n/request.ts:2:1
Module not found: Can't resolve '../../../i18n'
  1 | import { getRequestConfig } from 'next-intl/server';
> 2 | import { locales } from '../../../i18n';
    | ^
  3 |
  4 | export default getRequestConfig(async ({ requestLocale }) => {
  5 |   // This typically corresponds to the `[locale]` segment

https://nextjs.org/docs/messages/module-not-found

Import trace for requested module:
./node_modules/next-intl/dist/esm/development/server/react-server/getConfig.js
./node_modules/next-intl/dist/esm/development/server/react-server/getFormatter.js
./node_modules/next-intl/dist/esm/development/server.react-server.js
./src/app/[locale]/layout.tsx @ webpack-internal:///./node_modules/next/dist/client/components/react-dev-overlay/pages/client.js:84
[   22142ms] [ERROR] ./src/i18n/request.ts:15:22
Module not found: Can't resolve '../../../messages'
  13 |   return {
  14 |     locale,
> 15 |     messages: (await import(`../../../messages/${locale}.json`)).default
     |                      ^
  16 |   };
  17 | });

https://nextjs.org/docs/messages/module-not-found

Import trace for requested module:
./node_modules/next-intl/dist/esm/development/server/react-server/getConfig.js
./node_modules/next-intl/dist/esm/development/server/react-server/getFormatter.js
./node_modules/next-intl/dist/esm/development/server.react-server.js
./src/app/[locale]/layout.tsx @ webpack-internal:///./node_modules/next/dist/client/components/react-dev-overlay/pages/client.js:84
[   22186ms] [ERROR] Failed to load resource: the server responded with a status of 500 (Internal Server Error) @ http://localhost:3000/en:0
[   22318ms] [INFO] %cDownload the React DevTools for a better development experience: https://react.dev/link/react-devtools font-weight:bold @ webpack-internal:///./node_modules/react-dom/cjs/react-dom-client.development.js:28004
[   22322ms] Error: Module not found: Can't resolve '../../../i18n'
  1 | import { getRequestConfig } from 'next-intl/server';
> 2 | import { locales } from '../../../i18n';
    | ^
  3 |
  4 | export default getRequestConfig(async ({ requestLocale }) => {
  5 |   // This typically corresponds to the `[locale]` segment

https://nextjs.org/docs/messages/module-not-found

Import trace for requested module:
./node_modules/next-intl/dist/esm/development/server/react-server/getConfig.js
./node_modules/next-intl/dist/esm/development/server/react-server/getFormatter.js
./node_modules/next-intl/dist/esm/development/server.react-server.js
./src/app/[locale]/layout.tsx
    at <unknown> (https://nextjs.org/docs/messages/module-not-found)
    at getNotFoundError (file:///Users/zhaoqing/Documents/Develop/welean-portal/node_modules/next/dist/build/webpack/plugins/wellknown-errors-plugin/parseNotFoundError.js:134:16)
    at async getModuleBuildError (file:///Users/zhaoqing/Documents/Develop/welean-portal/node_modules/next/dist/build/webpack/plugins/wellknown-errors-plugin/webpackModuleError.js:104:27)
    at async (file:///Users/zhaoqing/Documents/Develop/welean-portal/node_modules/next/dist/build/webpack/plugins/wellknown-errors-plugin/index.js:29:49)
    at async (file:///Users/zhaoqing/Documents/Develop/welean-portal/node_modules/next/dist/build/webpack/plugins/wellknown-errors-plugin/index.js:27:21)
[   22323ms] [LOG] [HMR] connected @ webpack-internal:///./node_modules/next/dist/client/components/react-dev-overlay/pages/websocket.js:41
[   22323ms] [ERROR] ./src/i18n/request.ts:2:1
Module not found: Can't resolve '../../../i18n'
  1 | import { getRequestConfig } from 'next-intl/server';
> 2 | import { locales } from '../../../i18n';
    | ^
  3 |
  4 | export default getRequestConfig(async ({ requestLocale }) => {
  5 |   // This typically corresponds to the `[locale]` segment

https://nextjs.org/docs/messages/module-not-found

Import trace for requested module:
./node_modules/next-intl/dist/esm/development/server/react-server/getConfig.js
./node_modules/next-intl/dist/esm/development/server/react-server/getFormatter.js
./node_modules/next-intl/dist/esm/development/server.react-server.js
./src/app/[locale]/layout.tsx @ webpack-internal:///./node_modules/next/dist/client/components/react-dev-overlay/pages/client.js:84
[   22323ms] [ERROR] ./src/i18n/request.ts:15:22
Module not found: Can't resolve '../../../messages'
  13 |   return {
  14 |     locale,
> 15 |     messages: (await import(`../../../messages/${locale}.json`)).default
     |                      ^
  16 |   };
  17 | });

https://nextjs.org/docs/messages/module-not-found

Import trace for requested module:
./node_modules/next-intl/dist/esm/development/server/react-server/getConfig.js
./node_modules/next-intl/dist/esm/development/server/react-server/getFormatter.js
./node_modules/next-intl/dist/esm/development/server.react-server.js
./src/app/[locale]/layout.tsx @ webpack-internal:///./node_modules/next/dist/client/components/react-dev-overlay/pages/client.js:84
[   22385ms] [ERROR] Failed to load resource: the server responded with a status of 500 (Internal Server Error) @ http://localhost:3000/en:0
[   22482ms] [INFO] %cDownload the React DevTools for a better development experience: https://react.dev/link/react-devtools font-weight:bold @ webpack-internal:///./node_modules/react-dom/cjs/react-dom-client.development.js:28004
[   22486ms] Error: Module not found: Can't resolve '../../../i18n'
  1 | import { getRequestConfig } from 'next-intl/server';
> 2 | import { locales } from '../../../i18n';
    | ^
  3 |
  4 | export default getRequestConfig(async ({ requestLocale }) => {
  5 |   // This typically corresponds to the `[locale]` segment

https://nextjs.org/docs/messages/module-not-found

Import trace for requested module:
./node_modules/next-intl/dist/esm/development/server/react-server/getConfig.js
./node_modules/next-intl/dist/esm/development/server/react-server/getFormatter.js
./node_modules/next-intl/dist/esm/development/server.react-server.js
./src/app/[locale]/layout.tsx
    at <unknown> (https://nextjs.org/docs/messages/module-not-found)
    at getNotFoundError (file:///Users/zhaoqing/Documents/Develop/welean-portal/node_modules/next/dist/build/webpack/plugins/wellknown-errors-plugin/parseNotFoundError.js:134:16)
    at async getModuleBuildError (file:///Users/zhaoqing/Documents/Develop/welean-portal/node_modules/next/dist/build/webpack/plugins/wellknown-errors-plugin/webpackModuleError.js:104:27)
    at async (file:///Users/zhaoqing/Documents/Develop/welean-portal/node_modules/next/dist/build/webpack/plugins/wellknown-errors-plugin/index.js:29:49)
    at async (file:///Users/zhaoqing/Documents/Develop/welean-portal/node_modules/next/dist/build/webpack/plugins/wellknown-errors-plugin/index.js:27:21)
[   22487ms] [LOG] [HMR] connected @ webpack-internal:///./node_modules/next/dist/client/components/react-dev-overlay/pages/websocket.js:41
[   22487ms] [ERROR] ./src/i18n/request.ts:2:1
Module not found: Can't resolve '../../../i18n'
  1 | import { getRequestConfig } from 'next-intl/server';
> 2 | import { locales } from '../../../i18n';
    | ^
  3 |
  4 | export default getRequestConfig(async ({ requestLocale }) => {
  5 |   // This typically corresponds to the `[locale]` segment

https://nextjs.org/docs/messages/module-not-found

Import trace for requested module:
./node_modules/next-intl/dist/esm/development/server/react-server/getConfig.js
./node_modules/next-intl/dist/esm/development/server/react-server/getFormatter.js
./node_modules/next-intl/dist/esm/development/server.react-server.js
./src/app/[locale]/layout.tsx @ webpack-internal:///./node_modules/next/dist/client/components/react-dev-overlay/pages/client.js:84
[   22487ms] [ERROR] ./src/i18n/request.ts:15:22
Module not found: Can't resolve '../../../messages'
  13 |   return {
  14 |     locale,
> 15 |     messages: (await import(`../../../messages/${locale}.json`)).default
     |                      ^
  16 |   };
  17 | });

https://nextjs.org/docs/messages/module-not-found

Import trace for requested module:
./node_modules/next-intl/dist/esm/development/server/react-server/getConfig.js
./node_modules/next-intl/dist/esm/development/server/react-server/getFormatter.js
./node_modules/next-intl/dist/esm/development/server.react-server.js
./src/app/[locale]/layout.tsx @ webpack-internal:///./node_modules/next/dist/client/components/react-dev-overlay/pages/client.js:84
[   22537ms] [ERROR] Failed to load resource: the server responded with a status of 500 (Internal Server Error) @ http://localhost:3000/en:0
[   22637ms] [INFO] %cDownload the React DevTools for a better development experience: https://react.dev/link/react-devtools font-weight:bold @ webpack-internal:///./node_modules/react-dom/cjs/react-dom-client.development.js:28004
[   22640ms] Error: Module not found: Can't resolve '../../../i18n'
  1 | import { getRequestConfig } from 'next-intl/server';
> 2 | import { locales } from '../../../i18n';
    | ^
  3 |
  4 | export default getRequestConfig(async ({ requestLocale }) => {
  5 |   // This typically corresponds to the `[locale]` segment

https://nextjs.org/docs/messages/module-not-found

Import trace for requested module:
./node_modules/next-intl/dist/esm/development/server/react-server/getConfig.js
./node_modules/next-intl/dist/esm/development/server/react-server/getFormatter.js
./node_modules/next-intl/dist/esm/development/server.react-server.js
./src/app/[locale]/layout.tsx
    at <unknown> (https://nextjs.org/docs/messages/module-not-found)
    at getNotFoundError (file:///Users/zhaoqing/Documents/Develop/welean-portal/node_modules/next/dist/build/webpack/plugins/wellknown-errors-plugin/parseNotFoundError.js:134:16)
    at async getModuleBuildError (file:///Users/zhaoqing/Documents/Develop/welean-portal/node_modules/next/dist/build/webpack/plugins/wellknown-errors-plugin/webpackModuleError.js:104:27)
    at async (file:///Users/zhaoqing/Documents/Develop/welean-portal/node_modules/next/dist/build/webpack/plugins/wellknown-errors-plugin/index.js:29:49)
    at async (file:///Users/zhaoqing/Documents/Develop/welean-portal/node_modules/next/dist/build/webpack/plugins/wellknown-errors-plugin/index.js:27:21)
[   22641ms] [LOG] [HMR] connected @ webpack-internal:///./node_modules/next/dist/client/components/react-dev-overlay/pages/websocket.js:41
[   22641ms] [ERROR] ./src/i18n/request.ts:2:1
Module not found: Can't resolve '../../../i18n'
  1 | import { getRequestConfig } from 'next-intl/server';
> 2 | import { locales } from '../../../i18n';
    | ^
  3 |
  4 | export default getRequestConfig(async ({ requestLocale }) => {
  5 |   // This typically corresponds to the `[locale]` segment

https://nextjs.org/docs/messages/module-not-found

Import trace for requested module:
./node_modules/next-intl/dist/esm/development/server/react-server/getConfig.js
./node_modules/next-intl/dist/esm/development/server/react-server/getFormatter.js
./node_modules/next-intl/dist/esm/development/server.react-server.js
./src/app/[locale]/layout.tsx @ webpack-internal:///./node_modules/next/dist/client/components/react-dev-overlay/pages/client.js:84
[   22641ms] [ERROR] ./src/i18n/request.ts:15:22
Module not found: Can't resolve '../../../messages'
  13 |   return {
  14 |     locale,
> 15 |     messages: (await import(`../../../messages/${locale}.json`)).default
     |                      ^
  16 |   };
  17 | });

https://nextjs.org/docs/messages/module-not-found

Import trace for requested module:
./node_modules/next-intl/dist/esm/development/server/react-server/getConfig.js
./node_modules/next-intl/dist/esm/development/server/react-server/getFormatter.js
./node_modules/next-intl/dist/esm/development/server.react-server.js
./src/app/[locale]/layout.tsx @ webpack-internal:///./node_modules/next/dist/client/components/react-dev-overlay/pages/client.js:84
[   22690ms] [ERROR] Failed to load resource: the server responded with a status of 500 (Internal Server Error) @ http://localhost:3000/en:0
[   22788ms] [INFO] %cDownload the React DevTools for a better development experience: https://react.dev/link/react-devtools font-weight:bold @ webpack-internal:///./node_modules/react-dom/cjs/react-dom-client.development.js:28004
[   22791ms] Error: Module not found: Can't resolve '../../../i18n'
  1 | import { getRequestConfig } from 'next-intl/server';
> 2 | import { locales } from '../../../i18n';
    | ^
  3 |
  4 | export default getRequestConfig(async ({ requestLocale }) => {
  5 |   // This typically corresponds to the `[locale]` segment

https://nextjs.org/docs/messages/module-not-found

Import trace for requested module:
./node_modules/next-intl/dist/esm/development/server/react-server/getConfig.js
./node_modules/next-intl/dist/esm/development/server/react-server/getFormatter.js
./node_modules/next-intl/dist/esm/development/server.react-server.js
./src/app/[locale]/layout.tsx
    at <unknown> (https://nextjs.org/docs/messages/module-not-found)
    at getNotFoundError (file:///Users/zhaoqing/Documents/Develop/welean-portal/node_modules/next/dist/build/webpack/plugins/wellknown-errors-plugin/parseNotFoundError.js:134:16)
    at async getModuleBuildError (file:///Users/zhaoqing/Documents/Develop/welean-portal/node_modules/next/dist/build/webpack/plugins/wellknown-errors-plugin/webpackModuleError.js:104:27)
    at async (file:///Users/zhaoqing/Documents/Develop/welean-portal/node_modules/next/dist/build/webpack/plugins/wellknown-errors-plugin/index.js:29:49)
    at async (file:///Users/zhaoqing/Documents/Develop/welean-portal/node_modules/next/dist/build/webpack/plugins/wellknown-errors-plugin/index.js:27:21)
[   22792ms] [LOG] [HMR] connected @ webpack-internal:///./node_modules/next/dist/client/components/react-dev-overlay/pages/websocket.js:41
[   22792ms] [ERROR] ./src/i18n/request.ts:2:1
Module not found: Can't resolve '../../../i18n'
  1 | import { getRequestConfig } from 'next-intl/server';
> 2 | import { locales } from '../../../i18n';
    | ^
  3 |
  4 | export default getRequestConfig(async ({ requestLocale }) => {
  5 |   // This typically corresponds to the `[locale]` segment

https://nextjs.org/docs/messages/module-not-found

Import trace for requested module:
./node_modules/next-intl/dist/esm/development/server/react-server/getConfig.js
./node_modules/next-intl/dist/esm/development/server/react-server/getFormatter.js
./node_modules/next-intl/dist/esm/development/server.react-server.js
./src/app/[locale]/layout.tsx @ webpack-internal:///./node_modules/next/dist/client/components/react-dev-overlay/pages/client.js:84
[   22792ms] [ERROR] ./src/i18n/request.ts:15:22
Module not found: Can't resolve '../../../messages'
  13 |   return {
  14 |     locale,
> 15 |     messages: (await import(`../../../messages/${locale}.json`)).default
     |                      ^
  16 |   };
  17 | });

https://nextjs.org/docs/messages/module-not-found

Import trace for requested module:
./node_modules/next-intl/dist/esm/development/server/react-server/getConfig.js
./node_modules/next-intl/dist/esm/development/server/react-server/getFormatter.js
./node_modules/next-intl/dist/esm/development/server.react-server.js
./src/app/[locale]/layout.tsx @ webpack-internal:///./node_modules/next/dist/client/components/react-dev-overlay/pages/client.js:84
[   22839ms] [ERROR] Failed to load resource: the server responded with a status of 500 (Internal Server Error) @ http://localhost:3000/en:0
[   22935ms] [INFO] %cDownload the React DevTools for a better development experience: https://react.dev/link/react-devtools font-weight:bold @ webpack-internal:///./node_modules/react-dom/cjs/react-dom-client.development.js:28004
[   22940ms] Error: Module not found: Can't resolve '../../../i18n'
  1 | import { getRequestConfig } from 'next-intl/server';
> 2 | import { locales } from '../../../i18n';
    | ^
  3 |
  4 | export default getRequestConfig(async ({ requestLocale }) => {
  5 |   // This typically corresponds to the `[locale]` segment

https://nextjs.org/docs/messages/module-not-found

Import trace for requested module:
./node_modules/next-intl/dist/esm/development/server/react-server/getConfig.js
./node_modules/next-intl/dist/esm/development/server/react-server/getFormatter.js
./node_modules/next-intl/dist/esm/development/server.react-server.js
./src/app/[locale]/layout.tsx
    at <unknown> (https://nextjs.org/docs/messages/module-not-found)
    at getNotFoundError (file:///Users/zhaoqing/Documents/Develop/welean-portal/node_modules/next/dist/build/webpack/plugins/wellknown-errors-plugin/parseNotFoundError.js:134:16)
    at async getModuleBuildError (file:///Users/zhaoqing/Documents/Develop/welean-portal/node_modules/next/dist/build/webpack/plugins/wellknown-errors-plugin/webpackModuleError.js:104:27)
    at async (file:///Users/zhaoqing/Documents/Develop/welean-portal/node_modules/next/dist/build/webpack/plugins/wellknown-errors-plugin/index.js:29:49)
    at async (file:///Users/zhaoqing/Documents/Develop/welean-portal/node_modules/next/dist/build/webpack/plugins/wellknown-errors-plugin/index.js:27:21)
[   22940ms] [LOG] [HMR] connected @ webpack-internal:///./node_modules/next/dist/client/components/react-dev-overlay/pages/websocket.js:41
[   22940ms] [ERROR] ./src/i18n/request.ts:2:1
Module not found: Can't resolve '../../../i18n'
  1 | import { getRequestConfig } from 'next-intl/server';
> 2 | import { locales } from '../../../i18n';
    | ^
  3 |
  4 | export default getRequestConfig(async ({ requestLocale }) => {
  5 |   // This typically corresponds to the `[locale]` segment

https://nextjs.org/docs/messages/module-not-found

Import trace for requested module:
./node_modules/next-intl/dist/esm/development/server/react-server/getConfig.js
./node_modules/next-intl/dist/esm/development/server/react-server/getFormatter.js
./node_modules/next-intl/dist/esm/development/server.react-server.js
./src/app/[locale]/layout.tsx @ webpack-internal:///./node_modules/next/dist/client/components/react-dev-overlay/pages/client.js:84
[   22940ms] [ERROR] ./src/i18n/request.ts:15:22
Module not found: Can't resolve '../../../messages'
  13 |   return {
  14 |     locale,
> 15 |     messages: (await import(`../../../messages/${locale}.json`)).default
     |                      ^
  16 |   };
  17 | });

https://nextjs.org/docs/messages/module-not-found

Import trace for requested module:
./node_modules/next-intl/dist/esm/development/server/react-server/getConfig.js
./node_modules/next-intl/dist/esm/development/server/react-server/getFormatter.js
./node_modules/next-intl/dist/esm/development/server.react-server.js
./src/app/[locale]/layout.tsx @ webpack-internal:///./node_modules/next/dist/client/components/react-dev-overlay/pages/client.js:84
[   22992ms] [ERROR] Failed to load resource: the server responded with a status of 500 (Internal Server Error) @ http://localhost:3000/en:0
[   23087ms] [INFO] %cDownload the React DevTools for a better development experience: https://react.dev/link/react-devtools font-weight:bold @ webpack-internal:///./node_modules/react-dom/cjs/react-dom-client.development.js:28004
[   23091ms] Error: Module not found: Can't resolve '../../../i18n'
  1 | import { getRequestConfig } from 'next-intl/server';
> 2 | import { locales } from '../../../i18n';
    | ^
  3 |
  4 | export default getRequestConfig(async ({ requestLocale }) => {
  5 |   // This typically corresponds to the `[locale]` segment

https://nextjs.org/docs/messages/module-not-found

Import trace for requested module:
./node_modules/next-intl/dist/esm/development/server/react-server/getConfig.js
./node_modules/next-intl/dist/esm/development/server/react-server/getFormatter.js
./node_modules/next-intl/dist/esm/development/server.react-server.js
./src/app/[locale]/layout.tsx
    at <unknown> (https://nextjs.org/docs/messages/module-not-found)
    at getNotFoundError (file:///Users/zhaoqing/Documents/Develop/welean-portal/node_modules/next/dist/build/webpack/plugins/wellknown-errors-plugin/parseNotFoundError.js:134:16)
    at async getModuleBuildError (file:///Users/zhaoqing/Documents/Develop/welean-portal/node_modules/next/dist/build/webpack/plugins/wellknown-errors-plugin/webpackModuleError.js:104:27)
    at async (file:///Users/zhaoqing/Documents/Develop/welean-portal/node_modules/next/dist/build/webpack/plugins/wellknown-errors-plugin/index.js:29:49)
    at async (file:///Users/zhaoqing/Documents/Develop/welean-portal/node_modules/next/dist/build/webpack/plugins/wellknown-errors-plugin/index.js:27:21)
[   23096ms] [LOG] [HMR] connected @ webpack-internal:///./node_modules/next/dist/client/components/react-dev-overlay/pages/websocket.js:41
[   23096ms] [ERROR] ./src/i18n/request.ts:2:1
Module not found: Can't resolve '../../../i18n'
  1 | import { getRequestConfig } from 'next-intl/server';
> 2 | import { locales } from '../../../i18n';
    | ^
  3 |
  4 | export default getRequestConfig(async ({ requestLocale }) => {
  5 |   // This typically corresponds to the `[locale]` segment

https://nextjs.org/docs/messages/module-not-found

Import trace for requested module:
./node_modules/next-intl/dist/esm/development/server/react-server/getConfig.js
./node_modules/next-intl/dist/esm/development/server/react-server/getFormatter.js
./node_modules/next-intl/dist/esm/development/server.react-server.js
./src/app/[locale]/layout.tsx @ webpack-internal:///./node_modules/next/dist/client/components/react-dev-overlay/pages/client.js:84
[   23096ms] [ERROR] ./src/i18n/request.ts:15:22
Module not found: Can't resolve '../../../messages'
  13 |   return {
  14 |     locale,
> 15 |     messages: (await import(`../../../messages/${locale}.json`)).default
     |                      ^
  16 |   };
  17 | });

https://nextjs.org/docs/messages/module-not-found

Import trace for requested module:
./node_modules/next-intl/dist/esm/development/server/react-server/getConfig.js
./node_modules/next-intl/dist/esm/development/server/react-server/getFormatter.js
./node_modules/next-intl/dist/esm/development/server.react-server.js
./src/app/[locale]/layout.tsx @ webpack-internal:///./node_modules/next/dist/client/components/react-dev-overlay/pages/client.js:84
[   23144ms] [ERROR] Failed to load resource: the server responded with a status of 500 (Internal Server Error) @ http://localhost:3000/en:0
[   23243ms] [INFO] %cDownload the React DevTools for a better development experience: https://react.dev/link/react-devtools font-weight:bold @ webpack-internal:///./node_modules/react-dom/cjs/react-dom-client.development.js:28004
[   23246ms] Error: Module not found: Can't resolve '../../../i18n'
  1 | import { getRequestConfig } from 'next-intl/server';
> 2 | import { locales } from '../../../i18n';
    | ^
  3 |
  4 | export default getRequestConfig(async ({ requestLocale }) => {
  5 |   // This typically corresponds to the `[locale]` segment

https://nextjs.org/docs/messages/module-not-found

Import trace for requested module:
./node_modules/next-intl/dist/esm/development/server/react-server/getConfig.js
./node_modules/next-intl/dist/esm/development/server/react-server/getFormatter.js
./node_modules/next-intl/dist/esm/development/server.react-server.js
./src/app/[locale]/layout.tsx
    at <unknown> (https://nextjs.org/docs/messages/module-not-found)
    at getNotFoundError (file:///Users/zhaoqing/Documents/Develop/welean-portal/node_modules/next/dist/build/webpack/plugins/wellknown-errors-plugin/parseNotFoundError.js:134:16)
    at async getModuleBuildError (file:///Users/zhaoqing/Documents/Develop/welean-portal/node_modules/next/dist/build/webpack/plugins/wellknown-errors-plugin/webpackModuleError.js:104:27)
    at async (file:///Users/zhaoqing/Documents/Develop/welean-portal/node_modules/next/dist/build/webpack/plugins/wellknown-errors-plugin/index.js:29:49)
    at async (file:///Users/zhaoqing/Documents/Develop/welean-portal/node_modules/next/dist/build/webpack/plugins/wellknown-errors-plugin/index.js:27:21)
[   23247ms] [LOG] [HMR] connected @ webpack-internal:///./node_modules/next/dist/client/components/react-dev-overlay/pages/websocket.js:41
[   23247ms] [ERROR] ./src/i18n/request.ts:2:1
Module not found: Can't resolve '../../../i18n'
  1 | import { getRequestConfig } from 'next-intl/server';
> 2 | import { locales } from '../../../i18n';
    | ^
  3 |
  4 | export default getRequestConfig(async ({ requestLocale }) => {
  5 |   // This typically corresponds to the `[locale]` segment

https://nextjs.org/docs/messages/module-not-found

Import trace for requested module:
./node_modules/next-intl/dist/esm/development/server/react-server/getConfig.js
./node_modules/next-intl/dist/esm/development/server/react-server/getFormatter.js
./node_modules/next-intl/dist/esm/development/server.react-server.js
./src/app/[locale]/layout.tsx @ webpack-internal:///./node_modules/next/dist/client/components/react-dev-overlay/pages/client.js:84
[   23247ms] [ERROR] ./src/i18n/request.ts:15:22
Module not found: Can't resolve '../../../messages'
  13 |   return {
  14 |     locale,
> 15 |     messages: (await import(`../../../messages/${locale}.json`)).default
     |                      ^
  16 |   };
  17 | });

https://nextjs.org/docs/messages/module-not-found

Import trace for requested module:
./node_modules/next-intl/dist/esm/development/server/react-server/getConfig.js
./node_modules/next-intl/dist/esm/development/server/react-server/getFormatter.js
./node_modules/next-intl/dist/esm/development/server.react-server.js
./src/app/[locale]/layout.tsx @ webpack-internal:///./node_modules/next/dist/client/components/react-dev-overlay/pages/client.js:84
[   23296ms] [ERROR] Failed to load resource: the server responded with a status of 500 (Internal Server Error) @ http://localhost:3000/en:0
[   23392ms] [INFO] %cDownload the React DevTools for a better development experience: https://react.dev/link/react-devtools font-weight:bold @ webpack-internal:///./node_modules/react-dom/cjs/react-dom-client.development.js:28004
[   23396ms] Error: Module not found: Can't resolve '../../../i18n'
  1 | import { getRequestConfig } from 'next-intl/server';
> 2 | import { locales } from '../../../i18n';
    | ^
  3 |
  4 | export default getRequestConfig(async ({ requestLocale }) => {
  5 |   // This typically corresponds to the `[locale]` segment

https://nextjs.org/docs/messages/module-not-found

Import trace for requested module:
./node_modules/next-intl/dist/esm/development/server/react-server/getConfig.js
./node_modules/next-intl/dist/esm/development/server/react-server/getFormatter.js
./node_modules/next-intl/dist/esm/development/server.react-server.js
./src/app/[locale]/layout.tsx
    at <unknown> (https://nextjs.org/docs/messages/module-not-found)
    at getNotFoundError (file:///Users/zhaoqing/Documents/Develop/welean-portal/node_modules/next/dist/build/webpack/plugins/wellknown-errors-plugin/parseNotFoundError.js:134:16)
    at async getModuleBuildError (file:///Users/zhaoqing/Documents/Develop/welean-portal/node_modules/next/dist/build/webpack/plugins/wellknown-errors-plugin/webpackModuleError.js:104:27)
    at async (file:///Users/zhaoqing/Documents/Develop/welean-portal/node_modules/next/dist/build/webpack/plugins/wellknown-errors-plugin/index.js:29:49)
    at async (file:///Users/zhaoqing/Documents/Develop/welean-portal/node_modules/next/dist/build/webpack/plugins/wellknown-errors-plugin/index.js:27:21)
[   23397ms] [LOG] [HMR] connected @ webpack-internal:///./node_modules/next/dist/client/components/react-dev-overlay/pages/websocket.js:41
[   23398ms] [ERROR] ./src/i18n/request.ts:2:1
Module not found: Can't resolve '../../../i18n'
  1 | import { getRequestConfig } from 'next-intl/server';
> 2 | import { locales } from '../../../i18n';
    | ^
  3 |
  4 | export default getRequestConfig(async ({ requestLocale }) => {
  5 |   // This typically corresponds to the `[locale]` segment

https://nextjs.org/docs/messages/module-not-found

Import trace for requested module:
./node_modules/next-intl/dist/esm/development/server/react-server/getConfig.js
./node_modules/next-intl/dist/esm/development/server/react-server/getFormatter.js
./node_modules/next-intl/dist/esm/development/server.react-server.js
./src/app/[locale]/layout.tsx @ webpack-internal:///./node_modules/next/dist/client/components/react-dev-overlay/pages/client.js:84
[   23398ms] [ERROR] ./src/i18n/request.ts:15:22
Module not found: Can't resolve '../../../messages'
  13 |   return {
  14 |     locale,
> 15 |     messages: (await import(`../../../messages/${locale}.json`)).default
     |                      ^
  16 |   };
  17 | });

https://nextjs.org/docs/messages/module-not-found

Import trace for requested module:
./node_modules/next-intl/dist/esm/development/server/react-server/getConfig.js
./node_modules/next-intl/dist/esm/development/server/react-server/getFormatter.js
./node_modules/next-intl/dist/esm/development/server.react-server.js
./src/app/[locale]/layout.tsx @ webpack-internal:///./node_modules/next/dist/client/components/react-dev-overlay/pages/client.js:84
[   23446ms] [ERROR] Failed to load resource: the server responded with a status of 500 (Internal Server Error) @ http://localhost:3000/en:0
[   23547ms] [INFO] %cDownload the React DevTools for a better development experience: https://react.dev/link/react-devtools font-weight:bold @ webpack-internal:///./node_modules/react-dom/cjs/react-dom-client.development.js:28004
[   23551ms] Error: Module not found: Can't resolve '../../../i18n'
  1 | import { getRequestConfig } from 'next-intl/server';
> 2 | import { locales } from '../../../i18n';
    | ^
  3 |
  4 | export default getRequestConfig(async ({ requestLocale }) => {
  5 |   // This typically corresponds to the `[locale]` segment

https://nextjs.org/docs/messages/module-not-found

Import trace for requested module:
./node_modules/next-intl/dist/esm/development/server/react-server/getConfig.js
./node_modules/next-intl/dist/esm/development/server/react-server/getFormatter.js
./node_modules/next-intl/dist/esm/development/server.react-server.js
./src/app/[locale]/layout.tsx
    at <unknown> (https://nextjs.org/docs/messages/module-not-found)
    at getNotFoundError (file:///Users/zhaoqing/Documents/Develop/welean-portal/node_modules/next/dist/build/webpack/plugins/wellknown-errors-plugin/parseNotFoundError.js:134:16)
    at async getModuleBuildError (file:///Users/zhaoqing/Documents/Develop/welean-portal/node_modules/next/dist/build/webpack/plugins/wellknown-errors-plugin/webpackModuleError.js:104:27)
    at async (file:///Users/zhaoqing/Documents/Develop/welean-portal/node_modules/next/dist/build/webpack/plugins/wellknown-errors-plugin/index.js:29:49)
    at async (file:///Users/zhaoqing/Documents/Develop/welean-portal/node_modules/next/dist/build/webpack/plugins/wellknown-errors-plugin/index.js:27:21)
[   23551ms] [LOG] [HMR] connected @ webpack-internal:///./node_modules/next/dist/client/components/react-dev-overlay/pages/websocket.js:41
[   23552ms] [ERROR] ./src/i18n/request.ts:2:1
Module not found: Can't resolve '../../../i18n'
  1 | import { getRequestConfig } from 'next-intl/server';
> 2 | import { locales } from '../../../i18n';
    | ^
  3 |
  4 | export default getRequestConfig(async ({ requestLocale }) => {
  5 |   // This typically corresponds to the `[locale]` segment

https://nextjs.org/docs/messages/module-not-found

Import trace for requested module:
./node_modules/next-intl/dist/esm/development/server/react-server/getConfig.js
./node_modules/next-intl/dist/esm/development/server/react-server/getFormatter.js
./node_modules/next-intl/dist/esm/development/server.react-server.js
./src/app/[locale]/layout.tsx @ webpack-internal:///./node_modules/next/dist/client/components/react-dev-overlay/pages/client.js:84
[   23552ms] [ERROR] ./src/i18n/request.ts:15:22
Module not found: Can't resolve '../../../messages'
  13 |   return {
  14 |     locale,
> 15 |     messages: (await import(`../../../messages/${locale}.json`)).default
     |                      ^
  16 |   };
  17 | });

https://nextjs.org/docs/messages/module-not-found

Import trace for requested module:
./node_modules/next-intl/dist/esm/development/server/react-server/getConfig.js
./node_modules/next-intl/dist/esm/development/server/react-server/getFormatter.js
./node_modules/next-intl/dist/esm/development/server.react-server.js
./src/app/[locale]/layout.tsx @ webpack-internal:///./node_modules/next/dist/client/components/react-dev-overlay/pages/client.js:84
[   23607ms] [ERROR] Failed to load resource: the server responded with a status of 500 (Internal Server Error) @ http://localhost:3000/en:0
[   23705ms] [INFO] %cDownload the React DevTools for a better development experience: https://react.dev/link/react-devtools font-weight:bold @ webpack-internal:///./node_modules/react-dom/cjs/react-dom-client.development.js:28004
[   23709ms] Error: Module not found: Can't resolve '../../../i18n'
  1 | import { getRequestConfig } from 'next-intl/server';
> 2 | import { locales } from '../../../i18n';
    | ^
  3 |
  4 | export default getRequestConfig(async ({ requestLocale }) => {
  5 |   // This typically corresponds to the `[locale]` segment

https://nextjs.org/docs/messages/module-not-found

Import trace for requested module:
./node_modules/next-intl/dist/esm/development/server/react-server/getConfig.js
./node_modules/next-intl/dist/esm/development/server/react-server/getFormatter.js
./node_modules/next-intl/dist/esm/development/server.react-server.js
./src/app/[locale]/layout.tsx
    at <unknown> (https://nextjs.org/docs/messages/module-not-found)
    at getNotFoundError (file:///Users/zhaoqing/Documents/Develop/welean-portal/node_modules/next/dist/build/webpack/plugins/wellknown-errors-plugin/parseNotFoundError.js:134:16)
    at async getModuleBuildError (file:///Users/zhaoqing/Documents/Develop/welean-portal/node_modules/next/dist/build/webpack/plugins/wellknown-errors-plugin/webpackModuleError.js:104:27)
    at async (file:///Users/zhaoqing/Documents/Develop/welean-portal/node_modules/next/dist/build/webpack/plugins/wellknown-errors-plugin/index.js:29:49)
    at async (file:///Users/zhaoqing/Documents/Develop/welean-portal/node_modules/next/dist/build/webpack/plugins/wellknown-errors-plugin/index.js:27:21)
[   23711ms] [LOG] [HMR] connected @ webpack-internal:///./node_modules/next/dist/client/components/react-dev-overlay/pages/websocket.js:41
[   23712ms] [ERROR] ./src/i18n/request.ts:2:1
Module not found: Can't resolve '../../../i18n'
  1 | import { getRequestConfig } from 'next-intl/server';
> 2 | import { locales } from '../../../i18n';
    | ^
  3 |
  4 | export default getRequestConfig(async ({ requestLocale }) => {
  5 |   // This typically corresponds to the `[locale]` segment

https://nextjs.org/docs/messages/module-not-found

Import trace for requested module:
./node_modules/next-intl/dist/esm/development/server/react-server/getConfig.js
./node_modules/next-intl/dist/esm/development/server/react-server/getFormatter.js
./node_modules/next-intl/dist/esm/development/server.react-server.js
./src/app/[locale]/layout.tsx @ webpack-internal:///./node_modules/next/dist/client/components/react-dev-overlay/pages/client.js:84
[   23712ms] [ERROR] ./src/i18n/request.ts:15:22
Module not found: Can't resolve '../../../messages'
  13 |   return {
  14 |     locale,
> 15 |     messages: (await import(`../../../messages/${locale}.json`)).default
     |                      ^
  16 |   };
  17 | });

https://nextjs.org/docs/messages/module-not-found

Import trace for requested module:
./node_modules/next-intl/dist/esm/development/server/react-server/getConfig.js
./node_modules/next-intl/dist/esm/development/server/react-server/getFormatter.js
./node_modules/next-intl/dist/esm/development/server.react-server.js
./src/app/[locale]/layout.tsx @ webpack-internal:///./node_modules/next/dist/client/components/react-dev-overlay/pages/client.js:84
[   23753ms] [ERROR] Failed to load resource: the server responded with a status of 500 (Internal Server Error) @ http://localhost:3000/en:0
[   23849ms] [INFO] %cDownload the React DevTools for a better development experience: https://react.dev/link/react-devtools font-weight:bold @ webpack-internal:///./node_modules/react-dom/cjs/react-dom-client.development.js:28004
[   23853ms] Error: Module not found: Can't resolve '../../../i18n'
  1 | import { getRequestConfig } from 'next-intl/server';
> 2 | import { locales } from '../../../i18n';
    | ^
  3 |
  4 | export default getRequestConfig(async ({ requestLocale }) => {
  5 |   // This typically corresponds to the `[locale]` segment

https://nextjs.org/docs/messages/module-not-found

Import trace for requested module:
./node_modules/next-intl/dist/esm/development/server/react-server/getConfig.js
./node_modules/next-intl/dist/esm/development/server/react-server/getFormatter.js
./node_modules/next-intl/dist/esm/development/server.react-server.js
./src/app/[locale]/layout.tsx
    at <unknown> (https://nextjs.org/docs/messages/module-not-found)
    at getNotFoundError (file:///Users/zhaoqing/Documents/Develop/welean-portal/node_modules/next/dist/build/webpack/plugins/wellknown-errors-plugin/parseNotFoundError.js:134:16)
    at async getModuleBuildError (file:///Users/zhaoqing/Documents/Develop/welean-portal/node_modules/next/dist/build/webpack/plugins/wellknown-errors-plugin/webpackModuleError.js:104:27)
    at async (file:///Users/zhaoqing/Documents/Develop/welean-portal/node_modules/next/dist/build/webpack/plugins/wellknown-errors-plugin/index.js:29:49)
    at async (file:///Users/zhaoqing/Documents/Develop/welean-portal/node_modules/next/dist/build/webpack/plugins/wellknown-errors-plugin/index.js:27:21)
[   23854ms] [LOG] [HMR] connected @ webpack-internal:///./node_modules/next/dist/client/components/react-dev-overlay/pages/websocket.js:41
[   23854ms] [ERROR] ./src/i18n/request.ts:2:1
Module not found: Can't resolve '../../../i18n'
  1 | import { getRequestConfig } from 'next-intl/server';
> 2 | import { locales } from '../../../i18n';
    | ^
  3 |
  4 | export default getRequestConfig(async ({ requestLocale }) => {
  5 |   // This typically corresponds to the `[locale]` segment

https://nextjs.org/docs/messages/module-not-found

Import trace for requested module:
./node_modules/next-intl/dist/esm/development/server/react-server/getConfig.js
./node_modules/next-intl/dist/esm/development/server/react-server/getFormatter.js
./node_modules/next-intl/dist/esm/development/server.react-server.js
./src/app/[locale]/layout.tsx @ webpack-internal:///./node_modules/next/dist/client/components/react-dev-overlay/pages/client.js:84
[   23854ms] [ERROR] ./src/i18n/request.ts:15:22
Module not found: Can't resolve '../../../messages'
  13 |   return {
  14 |     locale,
> 15 |     messages: (await import(`../../../messages/${locale}.json`)).default
     |                      ^
  16 |   };
  17 | });

https://nextjs.org/docs/messages/module-not-found

Import trace for requested module:
./node_modules/next-intl/dist/esm/development/server/react-server/getConfig.js
./node_modules/next-intl/dist/esm/development/server/react-server/getFormatter.js
./node_modules/next-intl/dist/esm/development/server.react-server.js
./src/app/[locale]/layout.tsx @ webpack-internal:///./node_modules/next/dist/client/components/react-dev-overlay/pages/client.js:84
[   23904ms] [ERROR] Failed to load resource: the server responded with a status of 500 (Internal Server Error) @ http://localhost:3000/en:0
[   24000ms] [INFO] %cDownload the React DevTools for a better development experience: https://react.dev/link/react-devtools font-weight:bold @ webpack-internal:///./node_modules/react-dom/cjs/react-dom-client.development.js:28004
[   24004ms] Error: Module not found: Can't resolve '../../../i18n'
  1 | import { getRequestConfig } from 'next-intl/server';
> 2 | import { locales } from '../../../i18n';
    | ^
  3 |
  4 | export default getRequestConfig(async ({ requestLocale }) => {
  5 |   // This typically corresponds to the `[locale]` segment

https://nextjs.org/docs/messages/module-not-found

Import trace for requested module:
./node_modules/next-intl/dist/esm/development/server/react-server/getConfig.js
./node_modules/next-intl/dist/esm/development/server/react-server/getFormatter.js
./node_modules/next-intl/dist/esm/development/server.react-server.js
./src/app/[locale]/layout.tsx
    at <unknown> (https://nextjs.org/docs/messages/module-not-found)
    at getNotFoundError (file:///Users/zhaoqing/Documents/Develop/welean-portal/node_modules/next/dist/build/webpack/plugins/wellknown-errors-plugin/parseNotFoundError.js:134:16)
    at async getModuleBuildError (file:///Users/zhaoqing/Documents/Develop/welean-portal/node_modules/next/dist/build/webpack/plugins/wellknown-errors-plugin/webpackModuleError.js:104:27)
    at async (file:///Users/zhaoqing/Documents/Develop/welean-portal/node_modules/next/dist/build/webpack/plugins/wellknown-errors-plugin/index.js:29:49)
    at async (file:///Users/zhaoqing/Documents/Develop/welean-portal/node_modules/next/dist/build/webpack/plugins/wellknown-errors-plugin/index.js:27:21)
[   24010ms] [LOG] [HMR] connected @ webpack-internal:///./node_modules/next/dist/client/components/react-dev-overlay/pages/websocket.js:41
[   24010ms] [ERROR] ./src/i18n/request.ts:2:1
Module not found: Can't resolve '../../../i18n'
  1 | import { getRequestConfig } from 'next-intl/server';
> 2 | import { locales } from '../../../i18n';
    | ^
  3 |
  4 | export default getRequestConfig(async ({ requestLocale }) => {
  5 |   // This typically corresponds to the `[locale]` segment

https://nextjs.org/docs/messages/module-not-found

Import trace for requested module:
./node_modules/next-intl/dist/esm/development/server/react-server/getConfig.js
./node_modules/next-intl/dist/esm/development/server/react-server/getFormatter.js
./node_modules/next-intl/dist/esm/development/server.react-server.js
./src/app/[locale]/layout.tsx @ webpack-internal:///./node_modules/next/dist/client/components/react-dev-overlay/pages/client.js:84
[   24010ms] [ERROR] ./src/i18n/request.ts:15:22
Module not found: Can't resolve '../../../messages'
  13 |   return {
  14 |     locale,
> 15 |     messages: (await import(`../../../messages/${locale}.json`)).default
     |                      ^
  16 |   };
  17 | });

https://nextjs.org/docs/messages/module-not-found

Import trace for requested module:
./node_modules/next-intl/dist/esm/development/server/react-server/getConfig.js
./node_modules/next-intl/dist/esm/development/server/react-server/getFormatter.js
./node_modules/next-intl/dist/esm/development/server.react-server.js
./src/app/[locale]/layout.tsx @ webpack-internal:///./node_modules/next/dist/client/components/react-dev-overlay/pages/client.js:84
[   24055ms] [ERROR] Failed to load resource: the server responded with a status of 500 (Internal Server Error) @ http://localhost:3000/en:0
[   24157ms] [INFO] %cDownload the React DevTools for a better development experience: https://react.dev/link/react-devtools font-weight:bold @ webpack-internal:///./node_modules/react-dom/cjs/react-dom-client.development.js:28004
[   24160ms] Error: Module not found: Can't resolve '../../../i18n'
  1 | import { getRequestConfig } from 'next-intl/server';
> 2 | import { locales } from '../../../i18n';
    | ^
  3 |
  4 | export default getRequestConfig(async ({ requestLocale }) => {
  5 |   // This typically corresponds to the `[locale]` segment

https://nextjs.org/docs/messages/module-not-found

Import trace for requested module:
./node_modules/next-intl/dist/esm/development/server/react-server/getConfig.js
./node_modules/next-intl/dist/esm/development/server/react-server/getFormatter.js
./node_modules/next-intl/dist/esm/development/server.react-server.js
./src/app/[locale]/layout.tsx
    at <unknown> (https://nextjs.org/docs/messages/module-not-found)
    at getNotFoundError (file:///Users/zhaoqing/Documents/Develop/welean-portal/node_modules/next/dist/build/webpack/plugins/wellknown-errors-plugin/parseNotFoundError.js:134:16)
    at async getModuleBuildError (file:///Users/zhaoqing/Documents/Develop/welean-portal/node_modules/next/dist/build/webpack/plugins/wellknown-errors-plugin/webpackModuleError.js:104:27)
    at async (file:///Users/zhaoqing/Documents/Develop/welean-portal/node_modules/next/dist/build/webpack/plugins/wellknown-errors-plugin/index.js:29:49)
    at async (file:///Users/zhaoqing/Documents/Develop/welean-portal/node_modules/next/dist/build/webpack/plugins/wellknown-errors-plugin/index.js:27:21)
[   24161ms] [LOG] [HMR] connected @ webpack-internal:///./node_modules/next/dist/client/components/react-dev-overlay/pages/websocket.js:41
[   24163ms] [ERROR] ./src/i18n/request.ts:2:1
Module not found: Can't resolve '../../../i18n'
  1 | import { getRequestConfig } from 'next-intl/server';
> 2 | import { locales } from '../../../i18n';
    | ^
  3 |
  4 | export default getRequestConfig(async ({ requestLocale }) => {
  5 |   // This typically corresponds to the `[locale]` segment

https://nextjs.org/docs/messages/module-not-found

Import trace for requested module:
./node_modules/next-intl/dist/esm/development/server/react-server/getConfig.js
./node_modules/next-intl/dist/esm/development/server/react-server/getFormatter.js
./node_modules/next-intl/dist/esm/development/server.react-server.js
./src/app/[locale]/layout.tsx @ webpack-internal:///./node_modules/next/dist/client/components/react-dev-overlay/pages/client.js:84
[   24163ms] [ERROR] ./src/i18n/request.ts:15:22
Module not found: Can't resolve '../../../messages'
  13 |   return {
  14 |     locale,
> 15 |     messages: (await import(`../../../messages/${locale}.json`)).default
     |                      ^
  16 |   };
  17 | });

https://nextjs.org/docs/messages/module-not-found

Import trace for requested module:
./node_modules/next-intl/dist/esm/development/server/react-server/getConfig.js
./node_modules/next-intl/dist/esm/development/server/react-server/getFormatter.js
./node_modules/next-intl/dist/esm/development/server.react-server.js
./src/app/[locale]/layout.tsx @ webpack-internal:///./node_modules/next/dist/client/components/react-dev-overlay/pages/client.js:84
[   24285ms] [LOG] [Fast Refresh] rebuilding @ webpack-internal:///./node_modules/next/dist/client/components/react-dev-overlay/pages/hot-reloader-client.js:221
[   24326ms] [ERROR] ./src/i18n/request.ts:2:1
Module not found: Can't resolve '../../../i18n'
  1 | import { getRequestConfig } from 'next-intl/server';
> 2 | import { locales } from '../../../i18n';
    | ^
  3 |
  4 | export default getRequestConfig(async ({ requestLocale }) => {
  5 |   // This typically corresponds to the `[locale]` segment

https://nextjs.org/docs/messages/module-not-found

Import trace for requested module:
./node_modules/next-intl/dist/esm/development/server/react-server/getConfig.js
./node_modules/next-intl/dist/esm/development/server/react-server/getFormatter.js
./node_modules/next-intl/dist/esm/development/server.react-server.js
./src/app/[locale]/layout.tsx @ webpack-internal:///./node_modules/next/dist/client/components/react-dev-overlay/pages/client.js:84
[   24326ms] [ERROR] ./src/i18n/request.ts:15:22
Module not found: Can't resolve '../../../messages'
  13 |   return {
  14 |     locale,
> 15 |     messages: (await import(`../../../messages/${locale}.json`)).default
     |                      ^
  16 |   };
  17 | });

https://nextjs.org/docs/messages/module-not-found

Import trace for requested module:
./node_modules/next-intl/dist/esm/development/server/react-server/getConfig.js
./node_modules/next-intl/dist/esm/development/server/react-server/getFormatter.js
./node_modules/next-intl/dist/esm/development/server.react-server.js
./src/app/[locale]/layout.tsx @ webpack-internal:///./node_modules/next/dist/client/components/react-dev-overlay/pages/client.js:84
[   24373ms] [ERROR] Failed to load resource: the server responded with a status of 500 (Internal Server Error) @ http://localhost:3000/_next/static/webpack/900382157e3f7f01.webpack.hot-update.json:0
[   24373ms] [WARNING] [Fast Refresh] performing full reload

Fast Refresh will perform a full reload when you edit a file that's imported by modules outside of the React rendering tree.
You might have a file which exports a React component but also exports a value that is imported by a non-React component file.
Consider migrating the non-React component export to a separate file and importing it into both files.

It is also possible the parent component of the component you edited is a class component, which disables Fast Refresh.
Fast Refresh requires at least one parent function component in your React tree. @ webpack-internal:///./node_modules/next/dist/client/components/react-dev-overlay/pages/hot-reloader-client.js:350
[   24415ms] [ERROR] Failed to load resource: the server responded with a status of 500 (Internal Server Error) @ http://localhost:3000/en:0
[   24521ms] [INFO] %cDownload the React DevTools for a better development experience: https://react.dev/link/react-devtools font-weight:bold @ webpack-internal:///./node_modules/react-dom/cjs/react-dom-client.development.js:28004
[   24525ms] Error: Module not found: Can't resolve '../../../i18n'
  1 | import { getRequestConfig } from 'next-intl/server';
> 2 | import { locales } from '../../../i18n';
    | ^
  3 |
  4 | export default getRequestConfig(async ({ requestLocale }) => {
  5 |   // This typically corresponds to the `[locale]` segment

https://nextjs.org/docs/messages/module-not-found

Import trace for requested module:
./node_modules/next-intl/dist/esm/development/server/react-server/getConfig.js
./node_modules/next-intl/dist/esm/development/server/react-server/getFormatter.js
./node_modules/next-intl/dist/esm/development/server.react-server.js
./src/app/[locale]/layout.tsx
    at <unknown> (https://nextjs.org/docs/messages/module-not-found)
    at getNotFoundError (file:///Users/zhaoqing/Documents/Develop/welean-portal/node_modules/next/dist/build/webpack/plugins/wellknown-errors-plugin/parseNotFoundError.js:134:16)
    at async getModuleBuildError (file:///Users/zhaoqing/Documents/Develop/welean-portal/node_modules/next/dist/build/webpack/plugins/wellknown-errors-plugin/webpackModuleError.js:104:27)
    at async (file:///Users/zhaoqing/Documents/Develop/welean-portal/node_modules/next/dist/build/webpack/plugins/wellknown-errors-plugin/index.js:29:49)
    at async (file:///Users/zhaoqing/Documents/Develop/welean-portal/node_modules/next/dist/build/webpack/plugins/wellknown-errors-plugin/index.js:27:21)
[   24526ms] [LOG] [HMR] connected @ webpack-internal:///./node_modules/next/dist/client/components/react-dev-overlay/pages/websocket.js:41
[   24526ms] [ERROR] ./src/i18n/request.ts:2:1
Module not found: Can't resolve '../../../i18n'
  1 | import { getRequestConfig } from 'next-intl/server';
> 2 | import { locales } from '../../../i18n';
    | ^
  3 |
  4 | export default getRequestConfig(async ({ requestLocale }) => {
  5 |   // This typically corresponds to the `[locale]` segment

https://nextjs.org/docs/messages/module-not-found

Import trace for requested module:
./node_modules/next-intl/dist/esm/development/server/react-server/getConfig.js
./node_modules/next-intl/dist/esm/development/server/react-server/getFormatter.js
./node_modules/next-intl/dist/esm/development/server.react-server.js
./src/app/[locale]/layout.tsx @ webpack-internal:///./node_modules/next/dist/client/components/react-dev-overlay/pages/client.js:84
[   24526ms] [ERROR] ./src/i18n/request.ts:15:22
Module not found: Can't resolve '../../../messages'
  13 |   return {
  14 |     locale,
> 15 |     messages: (await import(`../../../messages/${locale}.json`)).default
     |                      ^
  16 |   };
  17 | });

https://nextjs.org/docs/messages/module-not-found

Import trace for requested module:
./node_modules/next-intl/dist/esm/development/server/react-server/getConfig.js
./node_modules/next-intl/dist/esm/development/server/react-server/getFormatter.js
./node_modules/next-intl/dist/esm/development/server.react-server.js
./src/app/[locale]/layout.tsx @ webpack-internal:///./node_modules/next/dist/client/components/react-dev-overlay/pages/client.js:84
[   24610ms] [ERROR] Failed to load resource: the server responded with a status of 500 (Internal Server Error) @ http://localhost:3000/en:0
[   24714ms] [INFO] %cDownload the React DevTools for a better development experience: https://react.dev/link/react-devtools font-weight:bold @ webpack-internal:///./node_modules/react-dom/cjs/react-dom-client.development.js:28004
[   24718ms] Error: Module not found: Can't resolve '../../../i18n'
  1 | import { getRequestConfig } from 'next-intl/server';
> 2 | import { locales } from '../../../i18n';
    | ^
  3 |
  4 | export default getRequestConfig(async ({ requestLocale }) => {
  5 |   // This typically corresponds to the `[locale]` segment

https://nextjs.org/docs/messages/module-not-found

Import trace for requested module:
./node_modules/next-intl/dist/esm/development/server/react-server/getConfig.js
./node_modules/next-intl/dist/esm/development/server/react-server/getFormatter.js
./node_modules/next-intl/dist/esm/development/server.react-server.js
./src/app/[locale]/layout.tsx
    at <unknown> (https://nextjs.org/docs/messages/module-not-found)
    at getNotFoundError (file:///Users/zhaoqing/Documents/Develop/welean-portal/node_modules/next/dist/build/webpack/plugins/wellknown-errors-plugin/parseNotFoundError.js:134:16)
    at async getModuleBuildError (file:///Users/zhaoqing/Documents/Develop/welean-portal/node_modules/next/dist/build/webpack/plugins/wellknown-errors-plugin/webpackModuleError.js:104:27)
    at async (file:///Users/zhaoqing/Documents/Develop/welean-portal/node_modules/next/dist/build/webpack/plugins/wellknown-errors-plugin/index.js:29:49)
    at async (file:///Users/zhaoqing/Documents/Develop/welean-portal/node_modules/next/dist/build/webpack/plugins/wellknown-errors-plugin/index.js:27:21)
[   24719ms] [LOG] [HMR] connected @ webpack-internal:///./node_modules/next/dist/client/components/react-dev-overlay/pages/websocket.js:41
[   24719ms] [ERROR] ./src/i18n/request.ts:2:1
Module not found: Can't resolve '../../../i18n'
  1 | import { getRequestConfig } from 'next-intl/server';
> 2 | import { locales } from '../../../i18n';
    | ^
  3 |
  4 | export default getRequestConfig(async ({ requestLocale }) => {
  5 |   // This typically corresponds to the `[locale]` segment

https://nextjs.org/docs/messages/module-not-found

Import trace for requested module:
./node_modules/next-intl/dist/esm/development/server/react-server/getConfig.js
./node_modules/next-intl/dist/esm/development/server/react-server/getFormatter.js
./node_modules/next-intl/dist/esm/development/server.react-server.js
./src/app/[locale]/layout.tsx @ webpack-internal:///./node_modules/next/dist/client/components/react-dev-overlay/pages/client.js:84
[   24719ms] [ERROR] ./src/i18n/request.ts:15:22
Module not found: Can't resolve '../../../messages'
  13 |   return {
  14 |     locale,
> 15 |     messages: (await import(`../../../messages/${locale}.json`)).default
     |                      ^
  16 |   };
  17 | });

https://nextjs.org/docs/messages/module-not-found

Import trace for requested module:
./node_modules/next-intl/dist/esm/development/server/react-server/getConfig.js
./node_modules/next-intl/dist/esm/development/server/react-server/getFormatter.js
./node_modules/next-intl/dist/esm/development/server.react-server.js
./src/app/[locale]/layout.tsx @ webpack-internal:///./node_modules/next/dist/client/components/react-dev-overlay/pages/client.js:84
[   24762ms] [ERROR] Failed to load resource: the server responded with a status of 500 (Internal Server Error) @ http://localhost:3000/en:0
[   24862ms] [INFO] %cDownload the React DevTools for a better development experience: https://react.dev/link/react-devtools font-weight:bold @ webpack-internal:///./node_modules/react-dom/cjs/react-dom-client.development.js:28004
[   24865ms] Error: Module not found: Can't resolve '../../../i18n'
  1 | import { getRequestConfig } from 'next-intl/server';
> 2 | import { locales } from '../../../i18n';
    | ^
  3 |
  4 | export default getRequestConfig(async ({ requestLocale }) => {
  5 |   // This typically corresponds to the `[locale]` segment

https://nextjs.org/docs/messages/module-not-found

Import trace for requested module:
./node_modules/next-intl/dist/esm/development/server/react-server/getConfig.js
./node_modules/next-intl/dist/esm/development/server/react-server/getFormatter.js
./node_modules/next-intl/dist/esm/development/server.react-server.js
./src/app/[locale]/layout.tsx
    at <unknown> (https://nextjs.org/docs/messages/module-not-found)
    at getNotFoundError (file:///Users/zhaoqing/Documents/Develop/welean-portal/node_modules/next/dist/build/webpack/plugins/wellknown-errors-plugin/parseNotFoundError.js:134:16)
    at async getModuleBuildError (file:///Users/zhaoqing/Documents/Develop/welean-portal/node_modules/next/dist/build/webpack/plugins/wellknown-errors-plugin/webpackModuleError.js:104:27)
    at async (file:///Users/zhaoqing/Documents/Develop/welean-portal/node_modules/next/dist/build/webpack/plugins/wellknown-errors-plugin/index.js:29:49)
    at async (file:///Users/zhaoqing/Documents/Develop/welean-portal/node_modules/next/dist/build/webpack/plugins/wellknown-errors-plugin/index.js:27:21)
[   24866ms] [LOG] [HMR] connected @ webpack-internal:///./node_modules/next/dist/client/components/react-dev-overlay/pages/websocket.js:41
[   24866ms] [ERROR] ./src/i18n/request.ts:2:1
Module not found: Can't resolve '../../../i18n'
  1 | import { getRequestConfig } from 'next-intl/server';
> 2 | import { locales } from '../../../i18n';
    | ^
  3 |
  4 | export default getRequestConfig(async ({ requestLocale }) => {
  5 |   // This typically corresponds to the `[locale]` segment

https://nextjs.org/docs/messages/module-not-found

Import trace for requested module:
./node_modules/next-intl/dist/esm/development/server/react-server/getConfig.js
./node_modules/next-intl/dist/esm/development/server/react-server/getFormatter.js
./node_modules/next-intl/dist/esm/development/server.react-server.js
./src/app/[locale]/layout.tsx @ webpack-internal:///./node_modules/next/dist/client/components/react-dev-overlay/pages/client.js:84
[   24866ms] [ERROR] ./src/i18n/request.ts:15:22
Module not found: Can't resolve '../../../messages'
  13 |   return {
  14 |     locale,
> 15 |     messages: (await import(`../../../messages/${locale}.json`)).default
     |                      ^
  16 |   };
  17 | });

https://nextjs.org/docs/messages/module-not-found

Import trace for requested module:
./node_modules/next-intl/dist/esm/development/server/react-server/getConfig.js
./node_modules/next-intl/dist/esm/development/server/react-server/getFormatter.js
./node_modules/next-intl/dist/esm/development/server.react-server.js
./src/app/[locale]/layout.tsx @ webpack-internal:///./node_modules/next/dist/client/components/react-dev-overlay/pages/client.js:84
[   24916ms] [ERROR] Failed to load resource: the server responded with a status of 500 (Internal Server Error) @ http://localhost:3000/en:0
[   25014ms] [INFO] %cDownload the React DevTools for a better development experience: https://react.dev/link/react-devtools font-weight:bold @ webpack-internal:///./node_modules/react-dom/cjs/react-dom-client.development.js:28004
[   25018ms] Error: Module not found: Can't resolve '../../../i18n'
  1 | import { getRequestConfig } from 'next-intl/server';
> 2 | import { locales } from '../../../i18n';
    | ^
  3 |
  4 | export default getRequestConfig(async ({ requestLocale }) => {
  5 |   // This typically corresponds to the `[locale]` segment

https://nextjs.org/docs/messages/module-not-found

Import trace for requested module:
./node_modules/next-intl/dist/esm/development/server/react-server/getConfig.js
./node_modules/next-intl/dist/esm/development/server/react-server/getFormatter.js
./node_modules/next-intl/dist/esm/development/server.react-server.js
./src/app/[locale]/layout.tsx
    at <unknown> (https://nextjs.org/docs/messages/module-not-found)
    at getNotFoundError (file:///Users/zhaoqing/Documents/Develop/welean-portal/node_modules/next/dist/build/webpack/plugins/wellknown-errors-plugin/parseNotFoundError.js:134:16)
    at async getModuleBuildError (file:///Users/zhaoqing/Documents/Develop/welean-portal/node_modules/next/dist/build/webpack/plugins/wellknown-errors-plugin/webpackModuleError.js:104:27)
    at async (file:///Users/zhaoqing/Documents/Develop/welean-portal/node_modules/next/dist/build/webpack/plugins/wellknown-errors-plugin/index.js:29:49)
    at async (file:///Users/zhaoqing/Documents/Develop/welean-portal/node_modules/next/dist/build/webpack/plugins/wellknown-errors-plugin/index.js:27:21)
[   25019ms] [LOG] [HMR] connected @ webpack-internal:///./node_modules/next/dist/client/components/react-dev-overlay/pages/websocket.js:41
[   25019ms] [ERROR] ./src/i18n/request.ts:2:1
Module not found: Can't resolve '../../../i18n'
  1 | import { getRequestConfig } from 'next-intl/server';
> 2 | import { locales } from '../../../i18n';
    | ^
  3 |
  4 | export default getRequestConfig(async ({ requestLocale }) => {
  5 |   // This typically corresponds to the `[locale]` segment

https://nextjs.org/docs/messages/module-not-found

Import trace for requested module:
./node_modules/next-intl/dist/esm/development/server/react-server/getConfig.js
./node_modules/next-intl/dist/esm/development/server/react-server/getFormatter.js
./node_modules/next-intl/dist/esm/development/server.react-server.js
./src/app/[locale]/layout.tsx @ webpack-internal:///./node_modules/next/dist/client/components/react-dev-overlay/pages/client.js:84
[   25019ms] [ERROR] ./src/i18n/request.ts:15:22
Module not found: Can't resolve '../../../messages'
  13 |   return {
  14 |     locale,
> 15 |     messages: (await import(`../../../messages/${locale}.json`)).default
     |                      ^
  16 |   };
  17 | });

https://nextjs.org/docs/messages/module-not-found

Import trace for requested module:
./node_modules/next-intl/dist/esm/development/server/react-server/getConfig.js
./node_modules/next-intl/dist/esm/development/server/react-server/getFormatter.js
./node_modules/next-intl/dist/esm/development/server.react-server.js
./src/app/[locale]/layout.tsx @ webpack-internal:///./node_modules/next/dist/client/components/react-dev-overlay/pages/client.js:84
[   25068ms] [ERROR] Failed to load resource: the server responded with a status of 500 (Internal Server Error) @ http://localhost:3000/en:0
[   25169ms] [INFO] %cDownload the React DevTools for a better development experience: https://react.dev/link/react-devtools font-weight:bold @ webpack-internal:///./node_modules/react-dom/cjs/react-dom-client.development.js:28004
[   25173ms] Error: Module not found: Can't resolve '../../../i18n'
  1 | import { getRequestConfig } from 'next-intl/server';
> 2 | import { locales } from '../../../i18n';
    | ^
  3 |
  4 | export default getRequestConfig(async ({ requestLocale }) => {
  5 |   // This typically corresponds to the `[locale]` segment

https://nextjs.org/docs/messages/module-not-found

Import trace for requested module:
./node_modules/next-intl/dist/esm/development/server/react-server/getConfig.js
./node_modules/next-intl/dist/esm/development/server/react-server/getFormatter.js
./node_modules/next-intl/dist/esm/development/server.react-server.js
./src/app/[locale]/layout.tsx
    at <unknown> (https://nextjs.org/docs/messages/module-not-found)
    at getNotFoundError (file:///Users/zhaoqing/Documents/Develop/welean-portal/node_modules/next/dist/build/webpack/plugins/wellknown-errors-plugin/parseNotFoundError.js:134:16)
    at async getModuleBuildError (file:///Users/zhaoqing/Documents/Develop/welean-portal/node_modules/next/dist/build/webpack/plugins/wellknown-errors-plugin/webpackModuleError.js:104:27)
    at async (file:///Users/zhaoqing/Documents/Develop/welean-portal/node_modules/next/dist/build/webpack/plugins/wellknown-errors-plugin/index.js:29:49)
    at async (file:///Users/zhaoqing/Documents/Develop/welean-portal/node_modules/next/dist/build/webpack/plugins/wellknown-errors-plugin/index.js:27:21)
[   25179ms] [LOG] [HMR] connected @ webpack-internal:///./node_modules/next/dist/client/components/react-dev-overlay/pages/websocket.js:41
[   25179ms] [ERROR] ./src/i18n/request.ts:2:1
Module not found: Can't resolve '../../../i18n'
  1 | import { getRequestConfig } from 'next-intl/server';
> 2 | import { locales } from '../../../i18n';
    | ^
  3 |
  4 | export default getRequestConfig(async ({ requestLocale }) => {
  5 |   // This typically corresponds to the `[locale]` segment

https://nextjs.org/docs/messages/module-not-found

Import trace for requested module:
./node_modules/next-intl/dist/esm/development/server/react-server/getConfig.js
./node_modules/next-intl/dist/esm/development/server/react-server/getFormatter.js
./node_modules/next-intl/dist/esm/development/server.react-server.js
./src/app/[locale]/layout.tsx @ webpack-internal:///./node_modules/next/dist/client/components/react-dev-overlay/pages/client.js:84
[   25179ms] [ERROR] ./src/i18n/request.ts:15:22
Module not found: Can't resolve '../../../messages'
  13 |   return {
  14 |     locale,
> 15 |     messages: (await import(`../../../messages/${locale}.json`)).default
     |                      ^
  16 |   };
  17 | });

https://nextjs.org/docs/messages/module-not-found

Import trace for requested module:
./node_modules/next-intl/dist/esm/development/server/react-server/getConfig.js
./node_modules/next-intl/dist/esm/development/server/react-server/getFormatter.js
./node_modules/next-intl/dist/esm/development/server.react-server.js
./src/app/[locale]/layout.tsx @ webpack-internal:///./node_modules/next/dist/client/components/react-dev-overlay/pages/client.js:84
[   25217ms] [ERROR] Failed to load resource: the server responded with a status of 500 (Internal Server Error) @ http://localhost:3000/en:0
[   25320ms] [INFO] %cDownload the React DevTools for a better development experience: https://react.dev/link/react-devtools font-weight:bold @ webpack-internal:///./node_modules/react-dom/cjs/react-dom-client.development.js:28004
[   25324ms] Error: Module not found: Can't resolve '../../../i18n'
  1 | import { getRequestConfig } from 'next-intl/server';
> 2 | import { locales } from '../../../i18n';
    | ^
  3 |
  4 | export default getRequestConfig(async ({ requestLocale }) => {
  5 |   // This typically corresponds to the `[locale]` segment

https://nextjs.org/docs/messages/module-not-found

Import trace for requested module:
./node_modules/next-intl/dist/esm/development/server/react-server/getConfig.js
./node_modules/next-intl/dist/esm/development/server/react-server/getFormatter.js
./node_modules/next-intl/dist/esm/development/server.react-server.js
./src/app/[locale]/layout.tsx
    at <unknown> (https://nextjs.org/docs/messages/module-not-found)
    at getNotFoundError (file:///Users/zhaoqing/Documents/Develop/welean-portal/node_modules/next/dist/build/webpack/plugins/wellknown-errors-plugin/parseNotFoundError.js:134:16)
    at async getModuleBuildError (file:///Users/zhaoqing/Documents/Develop/welean-portal/node_modules/next/dist/build/webpack/plugins/wellknown-errors-plugin/webpackModuleError.js:104:27)
    at async (file:///Users/zhaoqing/Documents/Develop/welean-portal/node_modules/next/dist/build/webpack/plugins/wellknown-errors-plugin/index.js:29:49)
    at async (file:///Users/zhaoqing/Documents/Develop/welean-portal/node_modules/next/dist/build/webpack/plugins/wellknown-errors-plugin/index.js:27:21)
[   25324ms] [LOG] [HMR] connected @ webpack-internal:///./node_modules/next/dist/client/components/react-dev-overlay/pages/websocket.js:41
[   25325ms] [ERROR] ./src/i18n/request.ts:2:1
Module not found: Can't resolve '../../../i18n'
  1 | import { getRequestConfig } from 'next-intl/server';
> 2 | import { locales } from '../../../i18n';
    | ^
  3 |
  4 | export default getRequestConfig(async ({ requestLocale }) => {
  5 |   // This typically corresponds to the `[locale]` segment

https://nextjs.org/docs/messages/module-not-found

Import trace for requested module:
./node_modules/next-intl/dist/esm/development/server/react-server/getConfig.js
./node_modules/next-intl/dist/esm/development/server/react-server/getFormatter.js
./node_modules/next-intl/dist/esm/development/server.react-server.js
./src/app/[locale]/layout.tsx @ webpack-internal:///./node_modules/next/dist/client/components/react-dev-overlay/pages/client.js:84
[   25325ms] [ERROR] ./src/i18n/request.ts:15:22
Module not found: Can't resolve '../../../messages'
  13 |   return {
  14 |     locale,
> 15 |     messages: (await import(`../../../messages/${locale}.json`)).default
     |                      ^
  16 |   };
  17 | });

https://nextjs.org/docs/messages/module-not-found

Import trace for requested module:
./node_modules/next-intl/dist/esm/development/server/react-server/getConfig.js
./node_modules/next-intl/dist/esm/development/server/react-server/getFormatter.js
./node_modules/next-intl/dist/esm/development/server.react-server.js
./src/app/[locale]/layout.tsx @ webpack-internal:///./node_modules/next/dist/client/components/react-dev-overlay/pages/client.js:84
[   25374ms] [ERROR] Failed to load resource: the server responded with a status of 500 (Internal Server Error) @ http://localhost:3000/en:0
[   25480ms] [INFO] %cDownload the React DevTools for a better development experience: https://react.dev/link/react-devtools font-weight:bold @ webpack-internal:///./node_modules/react-dom/cjs/react-dom-client.development.js:28004
[   25483ms] Error: Module not found: Can't resolve '../../../i18n'
  1 | import { getRequestConfig } from 'next-intl/server';
> 2 | import { locales } from '../../../i18n';
    | ^
  3 |
  4 | export default getRequestConfig(async ({ requestLocale }) => {
  5 |   // This typically corresponds to the `[locale]` segment

https://nextjs.org/docs/messages/module-not-found

Import trace for requested module:
./node_modules/next-intl/dist/esm/development/server/react-server/getConfig.js
./node_modules/next-intl/dist/esm/development/server/react-server/getFormatter.js
./node_modules/next-intl/dist/esm/development/server.react-server.js
./src/app/[locale]/layout.tsx
    at <unknown> (https://nextjs.org/docs/messages/module-not-found)
    at getNotFoundError (file:///Users/zhaoqing/Documents/Develop/welean-portal/node_modules/next/dist/build/webpack/plugins/wellknown-errors-plugin/parseNotFoundError.js:134:16)
    at async getModuleBuildError (file:///Users/zhaoqing/Documents/Develop/welean-portal/node_modules/next/dist/build/webpack/plugins/wellknown-errors-plugin/webpackModuleError.js:104:27)
    at async (file:///Users/zhaoqing/Documents/Develop/welean-portal/node_modules/next/dist/build/webpack/plugins/wellknown-errors-plugin/index.js:29:49)
    at async (file:///Users/zhaoqing/Documents/Develop/welean-portal/node_modules/next/dist/build/webpack/plugins/wellknown-errors-plugin/index.js:27:21)
[   25485ms] [LOG] [HMR] connected @ webpack-internal:///./node_modules/next/dist/client/components/react-dev-overlay/pages/websocket.js:41
[   25485ms] [ERROR] ./src/i18n/request.ts:2:1
Module not found: Can't resolve '../../../i18n'
  1 | import { getRequestConfig } from 'next-intl/server';
> 2 | import { locales } from '../../../i18n';
    | ^
  3 |
  4 | export default getRequestConfig(async ({ requestLocale }) => {
  5 |   // This typically corresponds to the `[locale]` segment

https://nextjs.org/docs/messages/module-not-found

Import trace for requested module:
./node_modules/next-intl/dist/esm/development/server/react-server/getConfig.js
./node_modules/next-intl/dist/esm/development/server/react-server/getFormatter.js
./node_modules/next-intl/dist/esm/development/server.react-server.js
./src/app/[locale]/layout.tsx @ webpack-internal:///./node_modules/next/dist/client/components/react-dev-overlay/pages/client.js:84
[   25485ms] [ERROR] ./src/i18n/request.ts:15:22
Module not found: Can't resolve '../../../messages'
  13 |   return {
  14 |     locale,
> 15 |     messages: (await import(`../../../messages/${locale}.json`)).default
     |                      ^
  16 |   };
  17 | });

https://nextjs.org/docs/messages/module-not-found

Import trace for requested module:
./node_modules/next-intl/dist/esm/development/server/react-server/getConfig.js
./node_modules/next-intl/dist/esm/development/server/react-server/getFormatter.js
./node_modules/next-intl/dist/esm/development/server.react-server.js
./src/app/[locale]/layout.tsx @ webpack-internal:///./node_modules/next/dist/client/components/react-dev-overlay/pages/client.js:84
[   25584ms] [ERROR] Failed to load resource: the server responded with a status of 500 (Internal Server Error) @ http://localhost:3000/en:0
[   25699ms] [INFO] %cDownload the React DevTools for a better development experience: https://react.dev/link/react-devtools font-weight:bold @ webpack-internal:///./node_modules/react-dom/cjs/react-dom-client.development.js:28004
[   25704ms] Error: Module not found: Can't resolve '../../../i18n'
  1 | import { getRequestConfig } from 'next-intl/server';
> 2 | import { locales } from '../../../i18n';
    | ^
  3 |
  4 | export default getRequestConfig(async ({ requestLocale }) => {
  5 |   // This typically corresponds to the `[locale]` segment

https://nextjs.org/docs/messages/module-not-found

Import trace for requested module:
./node_modules/next-intl/dist/esm/development/server/react-server/getConfig.js
./node_modules/next-intl/dist/esm/development/server/react-server/getFormatter.js
./node_modules/next-intl/dist/esm/development/server.react-server.js
./src/app/[locale]/layout.tsx
    at <unknown> (https://nextjs.org/docs/messages/module-not-found)
    at getNotFoundError (file:///Users/zhaoqing/Documents/Develop/welean-portal/node_modules/next/dist/build/webpack/plugins/wellknown-errors-plugin/parseNotFoundError.js:134:16)
    at async getModuleBuildError (file:///Users/zhaoqing/Documents/Develop/welean-portal/node_modules/next/dist/build/webpack/plugins/wellknown-errors-plugin/webpackModuleError.js:104:27)
    at async (file:///Users/zhaoqing/Documents/Develop/welean-portal/node_modules/next/dist/build/webpack/plugins/wellknown-errors-plugin/index.js:29:49)
    at async (file:///Users/zhaoqing/Documents/Develop/welean-portal/node_modules/next/dist/build/webpack/plugins/wellknown-errors-plugin/index.js:27:21)
[   25704ms] [LOG] [HMR] connected @ webpack-internal:///./node_modules/next/dist/client/components/react-dev-overlay/pages/websocket.js:41
[   25704ms] [ERROR] ./src/i18n/request.ts:2:1
Module not found: Can't resolve '../../../i18n'
  1 | import { getRequestConfig } from 'next-intl/server';
> 2 | import { locales } from '../../../i18n';
    | ^
  3 |
  4 | export default getRequestConfig(async ({ requestLocale }) => {
  5 |   // This typically corresponds to the `[locale]` segment

https://nextjs.org/docs/messages/module-not-found

Import trace for requested module:
./node_modules/next-intl/dist/esm/development/server/react-server/getConfig.js
./node_modules/next-intl/dist/esm/development/server/react-server/getFormatter.js
./node_modules/next-intl/dist/esm/development/server.react-server.js
./src/app/[locale]/layout.tsx @ webpack-internal:///./node_modules/next/dist/client/components/react-dev-overlay/pages/client.js:84
[   25705ms] [ERROR] ./src/i18n/request.ts:15:22
Module not found: Can't resolve '../../../messages'
  13 |   return {
  14 |     locale,
> 15 |     messages: (await import(`../../../messages/${locale}.json`)).default
     |                      ^
  16 |   };
  17 | });

https://nextjs.org/docs/messages/module-not-found

Import trace for requested module:
./node_modules/next-intl/dist/esm/development/server/react-server/getConfig.js
./node_modules/next-intl/dist/esm/development/server/react-server/getFormatter.js
./node_modules/next-intl/dist/esm/development/server.react-server.js
./src/app/[locale]/layout.tsx @ webpack-internal:///./node_modules/next/dist/client/components/react-dev-overlay/pages/client.js:84
[   25780ms] [ERROR] Failed to load resource: the server responded with a status of 500 (Internal Server Error) @ http://localhost:3000/en:0
[   25889ms] [INFO] %cDownload the React DevTools for a better development experience: https://react.dev/link/react-devtools font-weight:bold @ webpack-internal:///./node_modules/react-dom/cjs/react-dom-client.development.js:28004
[   25893ms] Error: Module not found: Can't resolve '../../../i18n'
  1 | import { getRequestConfig } from 'next-intl/server';
> 2 | import { locales } from '../../../i18n';
    | ^
  3 |
  4 | export default getRequestConfig(async ({ requestLocale }) => {
  5 |   // This typically corresponds to the `[locale]` segment

https://nextjs.org/docs/messages/module-not-found

Import trace for requested module:
./node_modules/next-intl/dist/esm/development/server/react-server/getConfig.js
./node_modules/next-intl/dist/esm/development/server/react-server/getFormatter.js
./node_modules/next-intl/dist/esm/development/server.react-server.js
./src/app/[locale]/layout.tsx
    at <unknown> (https://nextjs.org/docs/messages/module-not-found)
    at getNotFoundError (file:///Users/zhaoqing/Documents/Develop/welean-portal/node_modules/next/dist/build/webpack/plugins/wellknown-errors-plugin/parseNotFoundError.js:134:16)
    at async getModuleBuildError (file:///Users/zhaoqing/Documents/Develop/welean-portal/node_modules/next/dist/build/webpack/plugins/wellknown-errors-plugin/webpackModuleError.js:104:27)
    at async (file:///Users/zhaoqing/Documents/Develop/welean-portal/node_modules/next/dist/build/webpack/plugins/wellknown-errors-plugin/index.js:29:49)
    at async (file:///Users/zhaoqing/Documents/Develop/welean-portal/node_modules/next/dist/build/webpack/plugins/wellknown-errors-plugin/index.js:27:21)
[   25894ms] [LOG] [HMR] connected @ webpack-internal:///./node_modules/next/dist/client/components/react-dev-overlay/pages/websocket.js:41
[   25894ms] [ERROR] ./src/i18n/request.ts:2:1
Module not found: Can't resolve '../../../i18n'
  1 | import { getRequestConfig } from 'next-intl/server';
> 2 | import { locales } from '../../../i18n';
    | ^
  3 |
  4 | export default getRequestConfig(async ({ requestLocale }) => {
  5 |   // This typically corresponds to the `[locale]` segment

https://nextjs.org/docs/messages/module-not-found

Import trace for requested module:
./node_modules/next-intl/dist/esm/development/server/react-server/getConfig.js
./node_modules/next-intl/dist/esm/development/server/react-server/getFormatter.js
./node_modules/next-intl/dist/esm/development/server.react-server.js
./src/app/[locale]/layout.tsx @ webpack-internal:///./node_modules/next/dist/client/components/react-dev-overlay/pages/client.js:84
[   25894ms] [ERROR] ./src/i18n/request.ts:15:22
Module not found: Can't resolve '../../../messages'
  13 |   return {
  14 |     locale,
> 15 |     messages: (await import(`../../../messages/${locale}.json`)).default
     |                      ^
  16 |   };
  17 | });

https://nextjs.org/docs/messages/module-not-found

Import trace for requested module:
./node_modules/next-intl/dist/esm/development/server/react-server/getConfig.js
./node_modules/next-intl/dist/esm/development/server/react-server/getFormatter.js
./node_modules/next-intl/dist/esm/development/server.react-server.js
./src/app/[locale]/layout.tsx @ webpack-internal:///./node_modules/next/dist/client/components/react-dev-overlay/pages/client.js:84
[   25944ms] [ERROR] Failed to load resource: the server responded with a status of 500 (Internal Server Error) @ http://localhost:3000/en:0
[   26054ms] [INFO] %cDownload the React DevTools for a better development experience: https://react.dev/link/react-devtools font-weight:bold @ webpack-internal:///./node_modules/react-dom/cjs/react-dom-client.development.js:28004
[   26057ms] Error: Module not found: Can't resolve '../../../i18n'
  1 | import { getRequestConfig } from 'next-intl/server';
> 2 | import { locales } from '../../../i18n';
    | ^
  3 |
  4 | export default getRequestConfig(async ({ requestLocale }) => {
  5 |   // This typically corresponds to the `[locale]` segment

https://nextjs.org/docs/messages/module-not-found

Import trace for requested module:
./node_modules/next-intl/dist/esm/development/server/react-server/getConfig.js
./node_modules/next-intl/dist/esm/development/server/react-server/getFormatter.js
./node_modules/next-intl/dist/esm/development/server.react-server.js
./src/app/[locale]/layout.tsx
    at <unknown> (https://nextjs.org/docs/messages/module-not-found)
    at getNotFoundError (file:///Users/zhaoqing/Documents/Develop/welean-portal/node_modules/next/dist/build/webpack/plugins/wellknown-errors-plugin/parseNotFoundError.js:134:16)
    at async getModuleBuildError (file:///Users/zhaoqing/Documents/Develop/welean-portal/node_modules/next/dist/build/webpack/plugins/wellknown-errors-plugin/webpackModuleError.js:104:27)
    at async (file:///Users/zhaoqing/Documents/Develop/welean-portal/node_modules/next/dist/build/webpack/plugins/wellknown-errors-plugin/index.js:29:49)
    at async (file:///Users/zhaoqing/Documents/Develop/welean-portal/node_modules/next/dist/build/webpack/plugins/wellknown-errors-plugin/index.js:27:21)
[   26058ms] [LOG] [HMR] connected @ webpack-internal:///./node_modules/next/dist/client/components/react-dev-overlay/pages/websocket.js:41
[   26060ms] [ERROR] ./src/i18n/request.ts:2:1
Module not found: Can't resolve '../../../i18n'
  1 | import { getRequestConfig } from 'next-intl/server';
> 2 | import { locales } from '../../../i18n';
    | ^
  3 |
  4 | export default getRequestConfig(async ({ requestLocale }) => {
  5 |   // This typically corresponds to the `[locale]` segment

https://nextjs.org/docs/messages/module-not-found

Import trace for requested module:
./node_modules/next-intl/dist/esm/development/server/react-server/getConfig.js
./node_modules/next-intl/dist/esm/development/server/react-server/getFormatter.js
./node_modules/next-intl/dist/esm/development/server.react-server.js
./src/app/[locale]/layout.tsx @ webpack-internal:///./node_modules/next/dist/client/components/react-dev-overlay/pages/client.js:84
[   26060ms] [ERROR] ./src/i18n/request.ts:15:22
Module not found: Can't resolve '../../../messages'
  13 |   return {
  14 |     locale,
> 15 |     messages: (await import(`../../../messages/${locale}.json`)).default
     |                      ^
  16 |   };
  17 | });

https://nextjs.org/docs/messages/module-not-found

Import trace for requested module:
./node_modules/next-intl/dist/esm/development/server/react-server/getConfig.js
./node_modules/next-intl/dist/esm/development/server/react-server/getFormatter.js
./node_modules/next-intl/dist/esm/development/server.react-server.js
./src/app/[locale]/layout.tsx @ webpack-internal:///./node_modules/next/dist/client/components/react-dev-overlay/pages/client.js:84
[   26144ms] [LOG] [Fast Refresh] rebuilding @ webpack-internal:///./node_modules/next/dist/client/components/react-dev-overlay/pages/hot-reloader-client.js:221
[   26178ms] [ERROR] ./src/i18n/request.ts:2:1
Module not found: Can't resolve '../../../i18n'
  1 | import { getRequestConfig } from 'next-intl/server';
> 2 | import { locales } from '../../../i18n';
    | ^
  3 |
  4 | export default getRequestConfig(async ({ requestLocale }) => {
  5 |   // This typically corresponds to the `[locale]` segment

https://nextjs.org/docs/messages/module-not-found

Import trace for requested module:
./node_modules/next-intl/dist/esm/development/server/react-server/getConfig.js
./node_modules/next-intl/dist/esm/development/server/react-server/getFormatter.js
./node_modules/next-intl/dist/esm/development/server.react-server.js
./src/app/[locale]/layout.tsx @ webpack-internal:///./node_modules/next/dist/client/components/react-dev-overlay/pages/client.js:84
[   26178ms] [ERROR] ./src/i18n/request.ts:15:22
Module not found: Can't resolve '../../../messages'
  13 |   return {
  14 |     locale,
> 15 |     messages: (await import(`../../../messages/${locale}.json`)).default
     |                      ^
  16 |   };
  17 | });

https://nextjs.org/docs/messages/module-not-found

Import trace for requested module:
./node_modules/next-intl/dist/esm/development/server/react-server/getConfig.js
./node_modules/next-intl/dist/esm/development/server/react-server/getFormatter.js
./node_modules/next-intl/dist/esm/development/server.react-server.js
./src/app/[locale]/layout.tsx @ webpack-internal:///./node_modules/next/dist/client/components/react-dev-overlay/pages/client.js:84
[   26202ms] [ERROR] Failed to load resource: the server responded with a status of 500 (Internal Server Error) @ http://localhost:3000/_next/static/webpack/900382157e3f7f01.webpack.hot-update.json:0
[   26202ms] [WARNING] [Fast Refresh] performing full reload

Fast Refresh will perform a full reload when you edit a file that's imported by modules outside of the React rendering tree.
You might have a file which exports a React component but also exports a value that is imported by a non-React component file.
Consider migrating the non-React component export to a separate file and importing it into both files.

It is also possible the parent component of the component you edited is a class component, which disables Fast Refresh.
Fast Refresh requires at least one parent function component in your React tree. @ webpack-internal:///./node_modules/next/dist/client/components/react-dev-overlay/pages/hot-reloader-client.js:350
[   26239ms] [LOG] [Fast Refresh] rebuilding @ webpack-internal:///./node_modules/next/dist/client/components/react-dev-overlay/pages/hot-reloader-client.js:221
[   26265ms] [ERROR] ./src/i18n/request.ts:2:1
Module not found: Can't resolve '../../../i18n'
  1 | import { getRequestConfig } from 'next-intl/server';
> 2 | import { locales } from '../../../i18n';
    | ^
  3 |
  4 | export default getRequestConfig(async ({ requestLocale }) => {
  5 |   // This typically corresponds to the `[locale]` segment

https://nextjs.org/docs/messages/module-not-found

Import trace for requested module:
./node_modules/next-intl/dist/esm/development/server/react-server/getConfig.js
./node_modules/next-intl/dist/esm/development/server/react-server/getFormatter.js
./node_modules/next-intl/dist/esm/development/server.react-server.js
./src/app/[locale]/layout.tsx @ webpack-internal:///./node_modules/next/dist/client/components/react-dev-overlay/pages/client.js:84
[   26265ms] [ERROR] ./src/i18n/request.ts:15:22
Module not found: Can't resolve '../../../messages'
  13 |   return {
  14 |     locale,
> 15 |     messages: (await import(`../../../messages/${locale}.json`)).default
     |                      ^
  16 |   };
  17 | });

https://nextjs.org/docs/messages/module-not-found

Import trace for requested module:
./node_modules/next-intl/dist/esm/development/server/react-server/getConfig.js
./node_modules/next-intl/dist/esm/development/server/react-server/getFormatter.js
./node_modules/next-intl/dist/esm/development/server.react-server.js
./src/app/[locale]/layout.tsx @ webpack-internal:///./node_modules/next/dist/client/components/react-dev-overlay/pages/client.js:84
[   26355ms] [LOG] [Fast Refresh] rebuilding @ webpack-internal:///./node_modules/next/dist/client/components/react-dev-overlay/pages/hot-reloader-client.js:221
[   26379ms] [ERROR] ./src/i18n/request.ts:2:1
Module not found: Can't resolve '../../../i18n'
  1 | import { getRequestConfig } from 'next-intl/server';
> 2 | import { locales } from '../../../i18n';
    | ^
  3 |
  4 | export default getRequestConfig(async ({ requestLocale }) => {
  5 |   // This typically corresponds to the `[locale]` segment

https://nextjs.org/docs/messages/module-not-found

Import trace for requested module:
./node_modules/next-intl/dist/esm/development/server/react-server/getConfig.js
./node_modules/next-intl/dist/esm/development/server/react-server/getFormatter.js
./node_modules/next-intl/dist/esm/development/server.react-server.js
./src/app/[locale]/layout.tsx @ webpack-internal:///./node_modules/next/dist/client/components/react-dev-overlay/pages/client.js:84
[   26379ms] [ERROR] ./src/i18n/request.ts:15:22
Module not found: Can't resolve '../../../messages'
  13 |   return {
  14 |     locale,
> 15 |     messages: (await import(`../../../messages/${locale}.json`)).default
     |                      ^
  16 |   };
  17 | });

https://nextjs.org/docs/messages/module-not-found

Import trace for requested module:
./node_modules/next-intl/dist/esm/development/server/react-server/getConfig.js
./node_modules/next-intl/dist/esm/development/server/react-server/getFormatter.js
./node_modules/next-intl/dist/esm/development/server.react-server.js
./src/app/[locale]/layout.tsx @ webpack-internal:///./node_modules/next/dist/client/components/react-dev-overlay/pages/client.js:84
[   26476ms] [LOG] [Fast Refresh] rebuilding @ webpack-internal:///./node_modules/next/dist/client/components/react-dev-overlay/pages/hot-reloader-client.js:221
[   26511ms] [ERROR] ./src/i18n/request.ts:2:1
Module not found: Can't resolve '../../../i18n'
  1 | import { getRequestConfig } from 'next-intl/server';
> 2 | import { locales } from '../../../i18n';
    | ^
  3 |
  4 | export default getRequestConfig(async ({ requestLocale }) => {
  5 |   // This typically corresponds to the `[locale]` segment

https://nextjs.org/docs/messages/module-not-found

Import trace for requested module:
./node_modules/next-intl/dist/esm/development/server/react-server/getConfig.js
./node_modules/next-intl/dist/esm/development/server/react-server/getFormatter.js
./node_modules/next-intl/dist/esm/development/server.react-server.js
./src/app/[locale]/layout.tsx @ webpack-internal:///./node_modules/next/dist/client/components/react-dev-overlay/pages/client.js:84
[   26511ms] [ERROR] ./src/i18n/request.ts:15:22
Module not found: Can't resolve '../../../messages'
  13 |   return {
  14 |     locale,
> 15 |     messages: (await import(`../../../messages/${locale}.json`)).default
     |                      ^
  16 |   };
  17 | });

https://nextjs.org/docs/messages/module-not-found

Import trace for requested module:
./node_modules/next-intl/dist/esm/development/server/react-server/getConfig.js
./node_modules/next-intl/dist/esm/development/server/react-server/getFormatter.js
./node_modules/next-intl/dist/esm/development/server.react-server.js
./src/app/[locale]/layout.tsx @ webpack-internal:///./node_modules/next/dist/client/components/react-dev-overlay/pages/client.js:84
[   26616ms] [LOG] [Fast Refresh] rebuilding @ webpack-internal:///./node_modules/next/dist/client/components/react-dev-overlay/pages/hot-reloader-client.js:221
[   26650ms] [ERROR] ./src/i18n/request.ts:2:1
Module not found: Can't resolve '../../../i18n'
  1 | import { getRequestConfig } from 'next-intl/server';
> 2 | import { locales } from '../../../i18n';
    | ^
  3 |
  4 | export default getRequestConfig(async ({ requestLocale }) => {
  5 |   // This typically corresponds to the `[locale]` segment

https://nextjs.org/docs/messages/module-not-found

Import trace for requested module:
./node_modules/next-intl/dist/esm/development/server/react-server/getConfig.js
./node_modules/next-intl/dist/esm/development/server/react-server/getFormatter.js
./node_modules/next-intl/dist/esm/development/server.react-server.js
./src/app/[locale]/layout.tsx @ webpack-internal:///./node_modules/next/dist/client/components/react-dev-overlay/pages/client.js:84
[   26650ms] [ERROR] ./src/i18n/request.ts:15:22
Module not found: Can't resolve '../../../messages'
  13 |   return {
  14 |     locale,
> 15 |     messages: (await import(`../../../messages/${locale}.json`)).default
     |                      ^
  16 |   };
  17 | });

https://nextjs.org/docs/messages/module-not-found

Import trace for requested module:
./node_modules/next-intl/dist/esm/development/server/react-server/getConfig.js
./node_modules/next-intl/dist/esm/development/server/react-server/getFormatter.js
./node_modules/next-intl/dist/esm/development/server.react-server.js
./src/app/[locale]/layout.tsx @ webpack-internal:///./node_modules/next/dist/client/components/react-dev-overlay/pages/client.js:84
[   26724ms] [LOG] [Fast Refresh] rebuilding @ webpack-internal:///./node_modules/next/dist/client/components/react-dev-overlay/pages/hot-reloader-client.js:221
[   26752ms] [ERROR] ./src/i18n/request.ts:2:1
Module not found: Can't resolve '../../../i18n'
  1 | import { getRequestConfig } from 'next-intl/server';
> 2 | import { locales } from '../../../i18n';
    | ^
  3 |
  4 | export default getRequestConfig(async ({ requestLocale }) => {
  5 |   // This typically corresponds to the `[locale]` segment

https://nextjs.org/docs/messages/module-not-found

Import trace for requested module:
./node_modules/next-intl/dist/esm/development/server/react-server/getConfig.js
./node_modules/next-intl/dist/esm/development/server/react-server/getFormatter.js
./node_modules/next-intl/dist/esm/development/server.react-server.js
./src/app/[locale]/layout.tsx @ webpack-internal:///./node_modules/next/dist/client/components/react-dev-overlay/pages/client.js:84
[   26752ms] [ERROR] ./src/i18n/request.ts:15:22
Module not found: Can't resolve '../../../messages'
  13 |   return {
  14 |     locale,
> 15 |     messages: (await import(`../../../messages/${locale}.json`)).default
     |                      ^
  16 |   };
  17 | });

https://nextjs.org/docs/messages/module-not-found

Import trace for requested module:
./node_modules/next-intl/dist/esm/development/server/react-server/getConfig.js
./node_modules/next-intl/dist/esm/development/server/react-server/getFormatter.js
./node_modules/next-intl/dist/esm/development/server.react-server.js
./src/app/[locale]/layout.tsx @ webpack-internal:///./node_modules/next/dist/client/components/react-dev-overlay/pages/client.js:84
[   26844ms] [LOG] [Fast Refresh] rebuilding @ webpack-internal:///./node_modules/next/dist/client/components/react-dev-overlay/pages/hot-reloader-client.js:221
[   26894ms] [ERROR] ./src/i18n/request.ts:2:1
Module not found: Can't resolve '../../../i18n'
  1 | import { getRequestConfig } from 'next-intl/server';
> 2 | import { locales } from '../../../i18n';
    | ^
  3 |
  4 | export default getRequestConfig(async ({ requestLocale }) => {
  5 |   // This typically corresponds to the `[locale]` segment

https://nextjs.org/docs/messages/module-not-found

Import trace for requested module:
./node_modules/next-intl/dist/esm/development/server/react-server/getConfig.js
./node_modules/next-intl/dist/esm/development/server/react-server/getFormatter.js
./node_modules/next-intl/dist/esm/development/server.react-server.js
./src/app/[locale]/layout.tsx @ webpack-internal:///./node_modules/next/dist/client/components/react-dev-overlay/pages/client.js:84
[   26894ms] [ERROR] ./src/i18n/request.ts:15:22
Module not found: Can't resolve '../../../messages'
  13 |   return {
  14 |     locale,
> 15 |     messages: (await import(`../../../messages/${locale}.json`)).default
     |                      ^
  16 |   };
  17 | });

https://nextjs.org/docs/messages/module-not-found

Import trace for requested module:
./node_modules/next-intl/dist/esm/development/server/react-server/getConfig.js
./node_modules/next-intl/dist/esm/development/server/react-server/getFormatter.js
./node_modules/next-intl/dist/esm/development/server.react-server.js
./src/app/[locale]/layout.tsx @ webpack-internal:///./node_modules/next/dist/client/components/react-dev-overlay/pages/client.js:84
[   26995ms] [LOG] [Fast Refresh] rebuilding @ webpack-internal:///./node_modules/next/dist/client/components/react-dev-overlay/pages/hot-reloader-client.js:221
[   27030ms] [ERROR] ./src/i18n/request.ts:2:1
Module not found: Can't resolve '../../../i18n'
  1 | import { getRequestConfig } from 'next-intl/server';
> 2 | import { locales } from '../../../i18n';
    | ^
  3 |
  4 | export default getRequestConfig(async ({ requestLocale }) => {
  5 |   // This typically corresponds to the `[locale]` segment

https://nextjs.org/docs/messages/module-not-found

Import trace for requested module:
./node_modules/next-intl/dist/esm/development/server/react-server/getConfig.js
./node_modules/next-intl/dist/esm/development/server/react-server/getFormatter.js
./node_modules/next-intl/dist/esm/development/server.react-server.js
./src/app/[locale]/layout.tsx @ webpack-internal:///./node_modules/next/dist/client/components/react-dev-overlay/pages/client.js:84
[   27030ms] [ERROR] ./src/i18n/request.ts:15:22
Module not found: Can't resolve '../../../messages'
  13 |   return {
  14 |     locale,
> 15 |     messages: (await import(`../../../messages/${locale}.json`)).default
     |                      ^
  16 |   };
  17 | });

https://nextjs.org/docs/messages/module-not-found

Import trace for requested module:
./node_modules/next-intl/dist/esm/development/server/react-server/getConfig.js
./node_modules/next-intl/dist/esm/development/server/react-server/getFormatter.js
./node_modules/next-intl/dist/esm/development/server.react-server.js
./src/app/[locale]/layout.tsx @ webpack-internal:///./node_modules/next/dist/client/components/react-dev-overlay/pages/client.js:84
[   27136ms] [LOG] [Fast Refresh] rebuilding @ webpack-internal:///./node_modules/next/dist/client/components/react-dev-overlay/pages/hot-reloader-client.js:221
[   27173ms] [ERROR] ./src/i18n/request.ts:2:1
Module not found: Can't resolve '../../../i18n'
  1 | import { getRequestConfig } from 'next-intl/server';
> 2 | import { locales } from '../../../i18n';
    | ^
  3 |
  4 | export default getRequestConfig(async ({ requestLocale }) => {
  5 |   // This typically corresponds to the `[locale]` segment

https://nextjs.org/docs/messages/module-not-found

Import trace for requested module:
./node_modules/next-intl/dist/esm/development/server/react-server/getConfig.js
./node_modules/next-intl/dist/esm/development/server/react-server/getFormatter.js
./node_modules/next-intl/dist/esm/development/server.react-server.js
./src/app/[locale]/layout.tsx @ webpack-internal:///./node_modules/next/dist/client/components/react-dev-overlay/pages/client.js:84
[   27173ms] [ERROR] ./src/i18n/request.ts:15:22
Module not found: Can't resolve '../../../messages'
  13 |   return {
  14 |     locale,
> 15 |     messages: (await import(`../../../messages/${locale}.json`)).default
     |                      ^
  16 |   };
  17 | });

https://nextjs.org/docs/messages/module-not-found

Import trace for requested module:
./node_modules/next-intl/dist/esm/development/server/react-server/getConfig.js
./node_modules/next-intl/dist/esm/development/server/react-server/getFormatter.js
./node_modules/next-intl/dist/esm/development/server.react-server.js
./src/app/[locale]/layout.tsx @ webpack-internal:///./node_modules/next/dist/client/components/react-dev-overlay/pages/client.js:84
[   27219ms] [ERROR] Failed to load resource: the server responded with a status of 500 (Internal Server Error) @ http://localhost:3000/en:0
[   27320ms] [ERROR] Failed to load resource: the server responded with a status of 500 (Internal Server Error) @ http://localhost:3000/_next/static/chunks/fallback/webpack.js:0
[   27320ms] [ERROR] Failed to load resource: the server responded with a status of 500 (Internal Server Error) @ http://localhost:3000/_next/static/chunks/fallback/react-refresh.js:0
[   27321ms] [ERROR] Failed to load resource: the server responded with a status of 500 (Internal Server Error) @ http://localhost:3000/_next/static/chunks/fallback/pages/_app.js:0
[   27321ms] [ERROR] Failed to load resource: the server responded with a status of 500 (Internal Server Error) @ http://localhost:3000/_next/static/chunks/fallback/main.js:0
[   27321ms] [ERROR] Failed to load resource: the server responded with a status of 500 (Internal Server Error) @ http://localhost:3000/_next/static/chunks/fallback/pages/_error.js:0
[   41383ms] [ERROR] Failed to load resource: the server responded with a status of 500 (Internal Server Error) @ http://localhost:3000/:0
[   41973ms] [ERROR] Failed to load resource: the server responded with a status of 500 (Internal Server Error) @ http://localhost:3000/_next/static/chunks/fallback/webpack.js:0
[   41973ms] [ERROR] Failed to load resource: the server responded with a status of 500 (Internal Server Error) @ http://localhost:3000/_next/static/chunks/fallback/main.js:0
[   41973ms] [ERROR] Failed to load resource: the server responded with a status of 500 (Internal Server Error) @ http://localhost:3000/_next/static/chunks/fallback/react-refresh.js:0
[   41973ms] [ERROR] Failed to load resource: the server responded with a status of 500 (Internal Server Error) @ http://localhost:3000/_next/static/chunks/fallback/pages/_app.js:0
[   41973ms] [ERROR] Failed to load resource: the server responded with a status of 500 (Internal Server Error) @ http://localhost:3000/_next/static/chunks/fallback/pages/_error.js:0
[   49739ms] [INFO] %cDownload the React DevTools for a better development experience: https://react.dev/link/react-devtools font-weight:bold @ webpack-internal:///(app-pages-browser)/./node_modules/next/dist/compiled/react-dom/cjs/react-dom-client.development.js:25630
[   49779ms] [ERROR] Failed to load resource: the server responded with a status of 404 (Not Found) @ http://localhost:3001/favicon.ico:0
[   50036ms] [LOG] [Fast Refresh] rebuilding @ webpack-internal:///(app-pages-browser)/./node_modules/next/dist/client/dev/hot-reloader/app/hot-reloader-app.js:196
[   51699ms] [LOG] [Fast Refresh] done in 1663ms @ webpack-internal:///(app-pages-browser)/./node_modules/next/dist/client/dev/report-hmr-latency.js:13
[   66651ms] [ERROR] Failed to load resource: net::ERR_CONNECTION_REFUSED @ http://localhost:3001/designer?_rsc=ZmCQ44b92m4mXe_R:0
[   66651ms] [ERROR] Failed to fetch RSC payload for http://localhost:3001/designer. Falling back to browser navigation. TypeError: Failed to fetch
    at createFetch (webpack-internal:///(app-pages-browser)/./node_modules/next/dist/client/components/router-reducer/fetch-server-response.js:163:33)
    at async fetchServerResponse (webpack-internal:///(app-pages-browser)/./node_modules/next/dist/client/components/router-reducer/fetch-server-response.js:88:21)
    at async Object.task (webpack-internal:///(app-pages-browser)/./node_modules/next/dist/client/components/promise-queue.js:30:32) @ webpack-internal:///(app-pages-browser)/./node_modules/next/dist/next-devtools/userspace/app/errors/intercept-console-error.js:56
[   76322ms] [ERROR] Failed to load resource: the server responded with a status of 404 (Not Found) @ http://localhost:3000/:0
[   76500ms] [INFO] %cDownload the React DevTools for a better development experience: https://react.dev/link/react-devtools font-weight:bold @ webpack-internal:///(app-pages-browser)/./node_modules/next/dist/compiled/react-dom/cjs/react-dom-client.development.js:24650
[   76557ms] [ERROR] Failed to load resource: the server responded with a status of 404 (Not Found) @ http://localhost:3000/?_rsc=m9i8f:0
[   76574ms] [ERROR] Failed to load resource: the server responded with a status of 404 (Not Found) @ http://localhost:3000/:0
[   76743ms] [INFO] %cDownload the React DevTools for a better development experience: https://react.dev/link/react-devtools font-weight:bold @ webpack-internal:///(app-pages-browser)/./node_modules/next/dist/compiled/react-dom/cjs/react-dom-client.development.js:24650
[   76802ms] [ERROR] Failed to load resource: the server responded with a status of 404 (Not Found) @ http://localhost:3000/?_rsc=m9i8f:0
[   76817ms] [ERROR] Failed to load resource: the server responded with a status of 404 (Not Found) @ http://localhost:3000/:0
[   76994ms] [INFO] %cDownload the React DevTools for a better development experience: https://react.dev/link/react-devtools font-weight:bold @ webpack-internal:///(app-pages-browser)/./node_modules/next/dist/compiled/react-dom/cjs/react-dom-client.development.js:24650
[   77046ms] [ERROR] Failed to load resource: the server responded with a status of 404 (Not Found) @ http://localhost:3000/?_rsc=m9i8f:0
[   77062ms] [LOG] [Fast Refresh] rebuilding @ webpack-internal:///(app-pages-browser)/./node_modules/next/dist/client/components/react-dev-overlay/app/hot-reloader-client.js:240
[   77064ms] [LOG] [Fast Refresh] done in 2ms @ webpack-internal:///(app-pages-browser)/./node_modules/next/dist/client/components/react-dev-overlay/app/hot-reloader-client.js:67
[   77065ms] [ERROR] Failed to load resource: the server responded with a status of 404 (Not Found) @ http://localhost:3000/:0
[   77316ms] [INFO] %cDownload the React DevTools for a better development experience: https://react.dev/link/react-devtools font-weight:bold @ webpack-internal:///(app-pages-browser)/./node_modules/next/dist/compiled/react-dom/cjs/react-dom-client.development.js:24650
[   77365ms] [ERROR] Failed to load resource: the server responded with a status of 404 (Not Found) @ http://localhost:3000/?_rsc=m9i8f:0
[   77379ms] [ERROR] Failed to load resource: the server responded with a status of 404 (Not Found) @ http://localhost:3000/:0
[   77557ms] [INFO] %cDownload the React DevTools for a better development experience: https://react.dev/link/react-devtools font-weight:bold @ webpack-internal:///(app-pages-browser)/./node_modules/next/dist/compiled/react-dom/cjs/react-dom-client.development.js:24650
[   77591ms] [LOG] [Fast Refresh] rebuilding @ webpack-internal:///(app-pages-browser)/./node_modules/next/dist/client/components/react-dev-overlay/app/hot-reloader-client.js:240
[   77620ms] [ERROR] Failed to load resource: the server responded with a status of 404 (Not Found) @ http://localhost:3000/?_rsc=m9i8f:0
[   77622ms] [LOG] [Fast Refresh] done in 32ms @ webpack-internal:///(app-pages-browser)/./node_modules/next/dist/client/components/react-dev-overlay/app/hot-reloader-client.js:67
[   77629ms] [LOG] [Fast Refresh] done in 39ms @ webpack-internal:///(app-pages-browser)/./node_modules/next/dist/client/components/react-dev-overlay/app/hot-reloader-client.js:67
[   77634ms] [ERROR] Failed to load resource: the server responded with a status of 404 (Not Found) @ http://localhost:3000/:0
[   77793ms] [INFO] %cDownload the React DevTools for a better development experience: https://react.dev/link/react-devtools font-weight:bold @ webpack-internal:///(app-pages-browser)/./node_modules/next/dist/compiled/react-dom/cjs/react-dom-client.development.js:24650
[   77838ms] [ERROR] Failed to load resource: the server responded with a status of 404 (Not Found) @ http://localhost:3000/?_rsc=m9i8f:0
[   77852ms] [ERROR] Failed to load resource: the server responded with a status of 404 (Not Found) @ http://localhost:3000/:0
[   78013ms] [INFO] %cDownload the React DevTools for a better development experience: https://react.dev/link/react-devtools font-weight:bold @ webpack-internal:///(app-pages-browser)/./node_modules/next/dist/compiled/react-dom/cjs/react-dom-client.development.js:24650
[   78058ms] [ERROR] Failed to load resource: the server responded with a status of 404 (Not Found) @ http://localhost:3000/?_rsc=m9i8f:0
[   78071ms] [ERROR] Failed to load resource: the server responded with a status of 404 (Not Found) @ http://localhost:3000/:0
[   78234ms] [INFO] %cDownload the React DevTools for a better development experience: https://react.dev/link/react-devtools font-weight:bold @ webpack-internal:///(app-pages-browser)/./node_modules/next/dist/compiled/react-dom/cjs/react-dom-client.development.js:24650
[   78281ms] [ERROR] Failed to load resource: the server responded with a status of 404 (Not Found) @ http://localhost:3000/?_rsc=m9i8f:0
[   78296ms] [ERROR] Failed to load resource: the server responded with a status of 404 (Not Found) @ http://localhost:3000/:0
[   78458ms] [INFO] %cDownload the React DevTools for a better development experience: https://react.dev/link/react-devtools font-weight:bold @ webpack-internal:///(app-pages-browser)/./node_modules/next/dist/compiled/react-dom/cjs/react-dom-client.development.js:24650
[   78507ms] [ERROR] Failed to load resource: the server responded with a status of 404 (Not Found) @ http://localhost:3000/?_rsc=m9i8f:0
[   78520ms] [ERROR] Failed to load resource: the server responded with a status of 404 (Not Found) @ http://localhost:3000/:0
[   78701ms] [INFO] %cDownload the React DevTools for a better development experience: https://react.dev/link/react-devtools font-weight:bold @ webpack-internal:///(app-pages-browser)/./node_modules/next/dist/compiled/react-dom/cjs/react-dom-client.development.js:24650
[   78748ms] [ERROR] Failed to load resource: the server responded with a status of 404 (Not Found) @ http://localhost:3000/?_rsc=m9i8f:0
[   78763ms] [ERROR] Failed to load resource: the server responded with a status of 404 (Not Found) @ http://localhost:3000/:0
[   78941ms] [INFO] %cDownload the React DevTools for a better development experience: https://react.dev/link/react-devtools font-weight:bold @ webpack-internal:///(app-pages-browser)/./node_modules/next/dist/compiled/react-dom/cjs/react-dom-client.development.js:24650
[   79000ms] [ERROR] Failed to load resource: the server responded with a status of 404 (Not Found) @ http://localhost:3000/?_rsc=m9i8f:0
[   79013ms] [ERROR] Failed to load resource: the server responded with a status of 404 (Not Found) @ http://localhost:3000/:0
[   79169ms] [INFO] %cDownload the React DevTools for a better development experience: https://react.dev/link/react-devtools font-weight:bold @ webpack-internal:///(app-pages-browser)/./node_modules/next/dist/compiled/react-dom/cjs/react-dom-client.development.js:24650
[   79213ms] [ERROR] Failed to load resource: the server responded with a status of 404 (Not Found) @ http://localhost:3000/?_rsc=m9i8f:0
[   79227ms] [ERROR] Failed to load resource: the server responded with a status of 404 (Not Found) @ http://localhost:3000/:0
[   79383ms] [INFO] %cDownload the React DevTools for a better development experience: https://react.dev/link/react-devtools font-weight:bold @ webpack-internal:///(app-pages-browser)/./node_modules/next/dist/compiled/react-dom/cjs/react-dom-client.development.js:24650
[   79430ms] [ERROR] Failed to load resource: the server responded with a status of 404 (Not Found) @ http://localhost:3000/?_rsc=m9i8f:0
[   79443ms] [ERROR] Failed to load resource: the server responded with a status of 404 (Not Found) @ http://localhost:3000/:0
[   79599ms] [INFO] %cDownload the React DevTools for a better development experience: https://react.dev/link/react-devtools font-weight:bold @ webpack-internal:///(app-pages-browser)/./node_modules/next/dist/compiled/react-dom/cjs/react-dom-client.development.js:24650
